ticker,current_price,expiry,option_type,strike,last_price,bid,ask,volume,open_interest,iv_pct,in_the_money,contract_symbol
RKLB,102.38999938964844,2026-06-18,CALL,35.0,79.4,66.6,69.15,3.0,101,463.67,True,RKLB260618C00035000
RKLB,102.38999938964844,2026-06-18,CALL,40.0,62.73,61.35,64.15,1.0,96,389.26,True,RKLB260618C00040000
RKLB,102.38999938964844,2026-06-18,CALL,45.0,60.34,56.7,59.15,2.0,30,370.31,True,RKLB260618C00045000
RKLB,102.38999938964844,2026-06-18,CALL,50.0,55.3,51.7,54.15,6.0,300,327.93,True,RKLB260618C00050000
RKLB,102.38999938964844,2026-06-18,CALL,55.0,48.89,46.75,49.15,1.0,182,292.19,True,RKLB260618C00055000
RKLB,102.38999938964844,2026-06-18,CALL,60.0,45.28,41.8,44.3,1.0,1579,265.63,True,RKLB260618C00060000
RKLB,102.38999938964844,2026-06-18,CALL,65.0,40.7,36.8,39.2,41.0,3403,227.83,True,RKLB260618C00065000
RKLB,102.38999938964844,2026-06-18,CALL,70.0,33.93,31.8,34.15,7.0,1486,194.73,True,RKLB260618C00070000
RKLB,102.38999938964844,2026-06-18,CALL,75.0,28.58,27.0,29.1,30.0,1306,170.31,True,RKLB260618C00075000
RKLB,102.38999938964844,2026-06-18,CALL,80.0,24.55,22.1,24.55,61.0,2629,155.57,True,RKLB260618C00080000
RKLB,102.38999938964844,2026-06-18,CALL,85.0,20.34,17.1,19.2,60.0,809,118.75,True,RKLB260618C00085000
RKLB,102.38999938964844,2026-06-18,CALL,90.0,13.69,13.2,14.75,137.0,2041,117.92,True,RKLB260618C00090000
RKLB,102.38999938964844,2026-06-18,CALL,95.0,9.9,9.4,10.7,75.0,2577,110.99,True,RKLB260618C00095000
RKLB,102.38999938964844,2026-06-18,CALL,100.0,6.9,6.65,7.15,797.0,3590,108.74,True,RKLB260618C00100000
RKLB,102.38999938964844,2026-06-18,CALL,102.0,6.05,5.75,6.15,178.0,29,110.16,True,RKLB260618C00102000
RKLB,102.38999938964844,2026-06-18,CALL,103.0,5.55,5.2,5.65,285.0,17,109.08,False,RKLB260618C00103000
RKLB,102.38999938964844,2026-06-18,CALL,104.0,5.0,4.9,5.25,867.0,76,110.84,False,RKLB260618C00104000
RKLB,102.38999938964844,2026-06-18,CALL,105.0,4.7,4.6,4.8,2422.0,1432,111.6,False,RKLB260618C00105000
RKLB,102.38999938964844,2026-06-18,CALL,106.0,4.2,4.1,4.4,1152.0,98,110.43,False,RKLB260618C00106000
RKLB,102.38999938964844,2026-06-18,CALL,107.0,3.95,3.8,4.1,851.0,123,111.67,False,RKLB260618C00107000
RKLB,102.38999938964844,2026-06-18,CALL,108.0,3.58,3.4,3.7,833.0,106,110.5,False,RKLB260618C00108000
RKLB,102.38999938964844,2026-06-18,CALL,109.0,3.1,3.05,3.4,1066.0,324,110.3,False,RKLB260618C00109000
RKLB,102.38999938964844,2026-06-18,CALL,110.0,2.98,3.0,3.1,6602.0,2468,112.74,False,RKLB260618C00110000
RKLB,102.38999938964844,2026-06-18,CALL,111.0,2.75,2.66,2.86,308.0,206,112.4,False,RKLB260618C00111000
RKLB,102.38999938964844,2026-06-18,CALL,112.0,2.5,2.41,2.65,567.0,454,112.94,False,RKLB260618C00112000
RKLB,102.38999938964844,2026-06-18,CALL,113.0,2.18,2.19,2.43,1152.0,343,113.28,False,RKLB260618C00113000
RKLB,102.38999938964844,2026-06-18,CALL,114.0,2.08,1.99,2.09,416.0,368,112.01,False,RKLB260618C00114000
RKLB,102.38999938964844,2026-06-18,CALL,115.0,1.91,1.9,2.0,4355.0,3541,114.7,False,RKLB260618C00115000
RKLB,102.38999938964844,2026-06-18,CALL,116.0,1.75,1.7,1.89,280.0,277,115.48,False,RKLB260618C00116000
RKLB,102.38999938964844,2026-06-18,CALL,117.0,1.5,1.49,1.72,304.0,272,115.04,False,RKLB260618C00117000
RKLB,102.38999938964844,2026-06-18,CALL,118.0,1.44,1.39,1.5,913.0,444,114.94,False,RKLB260618C00118000
RKLB,102.38999938964844,2026-06-18,CALL,119.0,1.3,1.28,1.41,313.0,339,116.21,False,RKLB260618C00119000
RKLB,102.38999938964844,2026-06-18,CALL,120.0,1.22,1.2,1.25,17883.0,4702,116.6,False,RKLB260618C00120000
RKLB,102.38999938964844,2026-06-18,CALL,121.0,1.08,1.07,1.12,687.0,1067,116.41,False,RKLB260618C00121000
RKLB,102.38999938964844,2026-06-18,CALL,122.0,0.95,0.87,1.06,169.0,445,115.72,False,RKLB260618C00122000
RKLB,102.38999938964844,2026-06-18,CALL,123.0,0.84,0.85,1.01,383.0,341,118.12,False,RKLB260618C00123000
RKLB,102.38999938964844,2026-06-18,CALL,124.0,0.79,0.76,0.9,737.0,595,117.87,False,RKLB260618C00124000
RKLB,102.38999938964844,2026-06-18,CALL,125.0,0.81,0.74,0.82,12410.0,2939,119.34,False,RKLB260618C00125000
RKLB,102.38999938964844,2026-06-18,CALL,126.0,0.66,0.65,0.76,295.0,1229,119.53,False,RKLB260618C00126000
RKLB,102.38999938964844,2026-06-18,CALL,127.0,0.62,0.58,0.68,139.0,307,119.43,False,RKLB260618C00127000
RKLB,102.38999938964844,2026-06-18,CALL,128.0,0.57,0.55,0.65,422.0,1086,121.19,False,RKLB260618C00128000
RKLB,102.38999938964844,2026-06-18,CALL,129.0,0.56,0.5,0.63,103.0,216,122.56,False,RKLB260618C00129000
RKLB,102.38999938964844,2026-06-18,CALL,130.0,0.53,0.48,0.53,4552.0,4210,122.46,False,RKLB260618C00130000
RKLB,102.38999938964844,2026-06-18,CALL,131.0,0.42,0.36,0.5,77.0,230,121.09,False,RKLB260618C00131000
RKLB,102.38999938964844,2026-06-18,CALL,132.0,0.42,0.39,0.45,118.0,94,123.34,False,RKLB260618C00132000
RKLB,102.38999938964844,2026-06-18,CALL,133.0,0.4,0.33,0.5,113.0,196,125.78,False,RKLB260618C00133000
RKLB,102.38999938964844,2026-06-18,CALL,134.0,0.37,0.32,0.48,112.0,366,127.64,False,RKLB260618C00134000
RKLB,102.38999938964844,2026-06-18,CALL,135.0,0.36,0.32,0.45,2638.0,5145,129.3,False,RKLB260618C00135000
RKLB,102.38999938964844,2026-06-18,CALL,136.0,0.37,0.26,0.43,55.0,261,129.2,False,RKLB260618C00136000
RKLB,102.38999938964844,2026-06-18,CALL,137.0,0.32,0.3,0.4,93.0,177,132.23,False,RKLB260618C00137000
RKLB,102.38999938964844,2026-06-18,CALL,138.0,0.43,0.15,0.39,79.0,265,128.42,False,RKLB260618C00138000
RKLB,102.38999938964844,2026-06-18,CALL,140.0,0.27,0.25,0.3,2877.0,2734,133.79,False,RKLB260618C00140000
RKLB,102.38999938964844,2026-06-18,CALL,141.0,0.26,0.06,0.31,42.0,381,127.34,False,RKLB260618C00141000
RKLB,102.38999938964844,2026-06-18,CALL,142.0,0.21,0.06,0.3,46.0,373,129.1,False,RKLB260618C00142000
RKLB,102.38999938964844,2026-06-18,CALL,143.0,0.19,0.06,0.3,192.0,199,131.25,False,RKLB260618C00143000
RKLB,102.38999938964844,2026-06-18,CALL,144.0,0.23,0.04,0.29,70.0,202,131.64,False,RKLB260618C00144000
RKLB,102.38999938964844,2026-06-18,CALL,145.0,0.22,0.19,0.29,619.0,4273,142.19,False,RKLB260618C00145000
RKLB,102.38999938964844,2026-06-18,CALL,146.0,0.22,0.04,0.29,23.0,127,136.13,False,RKLB260618C00146000
RKLB,102.38999938964844,2026-06-18,CALL,147.0,0.19,0.04,0.24,38.0,146,134.77,False,RKLB260618C00147000
RKLB,102.38999938964844,2026-06-18,CALL,148.0,0.03,0.03,0.23,60.0,277,135.55,False,RKLB260618C00148000
RKLB,102.38999938964844,2026-06-18,CALL,149.0,0.34,0.0,0.24,42.0,228,135.94,False,RKLB260618C00149000
RKLB,102.38999938964844,2026-06-18,CALL,150.0,0.16,0.15,0.18,4790.0,9852,144.53,False,RKLB260618C00150000
RKLB,102.38999938964844,2026-06-18,CALL,152.5,0.05,0.05,0.47,47.0,291,160.74,False,RKLB260618C00152500
RKLB,102.38999938964844,2026-06-18,CALL,155.0,0.14,0.1,0.14,124.0,1483,147.66,False,RKLB260618C00155000
RKLB,102.38999938964844,2026-06-18,CALL,160.0,0.23,0.1,0.35,322.0,2290,172.27,False,RKLB260618C00160000
RKLB,102.38999938964844,2026-06-18,CALL,165.0,0.09,0.03,0.26,77.0,645,170.51,False,RKLB260618C00165000
RKLB,102.38999938964844,2026-06-18,CALL,170.0,0.1,0.08,0.1,79.0,1445,168.36,False,RKLB260618C00170000
RKLB,102.38999938964844,2026-06-18,CALL,175.0,0.11,0.03,0.17,127.0,1315,178.91,False,RKLB260618C00175000
RKLB,102.38999938964844,2026-06-18,CALL,180.0,0.05,0.01,0.12,107.0,2441,177.34,False,RKLB260618C00180000
RKLB,102.38999938964844,2026-06-18,CALL,185.0,0.15,0.05,0.24,54.0,1640,203.91,False,RKLB260618C00185000
RKLB,102.38999938964844,2026-06-18,CALL,190.0,0.05,0.03,0.1,219.0,4482,191.41,False,RKLB260618C00190000
RKLB,102.38999938964844,2026-06-18,CALL,195.0,0.07,0.05,0.17,77.0,1718,211.33,False,RKLB260618C00195000
RKLB,102.38999938964844,2026-06-18,CALL,200.0,0.06,0.02,0.07,568.0,2193,196.88,False,RKLB260618C00200000
RKLB,102.38999938964844,2026-06-18,CALL,205.0,0.09,0.0,0.2,46.0,175,222.27,False,RKLB260618C00205000
RKLB,102.38999938964844,2026-06-18,CALL,210.0,0.18,0.02,0.11,15.0,251,217.97,False,RKLB260618C00210000
RKLB,102.38999938964844,2026-06-18,CALL,215.0,0.05,0.03,0.07,542.0,2074,217.97,False,RKLB260618C00215000
RKLB,102.38999938964844,2026-06-18,PUT,35.0,0.02,0.0,0.01,185.0,1673,268.75,False,RKLB260618P00035000
RKLB,102.38999938964844,2026-06-18,PUT,40.0,0.02,0.0,0.03,1.0,1119,259.38,False,RKLB260618P00040000
RKLB,102.38999938964844,2026-06-18,PUT,45.0,0.01,0.0,0.01,8.0,1641,206.25,False,RKLB260618P00045000
RKLB,102.38999938964844,2026-06-18,PUT,50.0,0.01,0.0,0.15,44.0,4252,240.63,False,RKLB260618P00050000
RKLB,102.38999938964844,2026-06-18,PUT,55.0,0.03,0.0,0.02,61.0,2043,168.75,False,RKLB260618P00055000
RKLB,102.38999938964844,2026-06-18,PUT,60.0,0.08,0.03,0.09,1167.0,6246,178.91,False,RKLB260618P00060000
RKLB,102.38999938964844,2026-06-18,PUT,65.0,0.05,0.02,0.07,7909.0,5694,149.22,False,RKLB260618P00065000
RKLB,102.38999938964844,2026-06-18,PUT,70.0,0.07,0.02,0.11,345.0,5458,133.2,False,RKLB260618P00070000
RKLB,102.38999938964844,2026-06-18,PUT,75.0,0.15,0.11,0.17,511.0,4404,125.2,False,RKLB260618P00075000
RKLB,102.38999938964844,2026-06-18,PUT,80.0,0.25,0.25,0.36,2807.0,2961,118.75,False,RKLB260618P00080000
RKLB,102.38999938964844,2026-06-18,PUT,85.0,0.64,0.6,0.64,2133.0,1269,112.31,False,RKLB260618P00085000
RKLB,102.38999938964844,2026-06-18,PUT,90.0,1.33,1.3,1.38,4317.0,7624,110.55,False,RKLB260618P00090000
RKLB,102.38999938964844,2026-06-18,PUT,95.0,2.58,2.46,2.63,3980.0,2222,108.35,False,RKLB260618P00095000
RKLB,102.38999938964844,2026-06-18,PUT,100.0,4.48,4.4,4.6,5030.0,5201,108.55,False,RKLB260618P00100000
RKLB,102.38999938964844,2026-06-18,PUT,101.0,5.03,4.8,5.15,634.0,803,108.57,False,RKLB260618P00101000
RKLB,102.38999938964844,2026-06-18,PUT,102.0,5.3,5.3,5.7,457.0,73,108.98,False,RKLB260618P00102000
RKLB,102.38999938964844,2026-06-18,PUT,103.0,6.1,5.85,6.25,589.0,95,109.38,True,RKLB260618P00103000
RKLB,102.38999938964844,2026-06-18,PUT,104.0,6.65,6.4,6.75,608.0,59,108.74,True,RKLB260618P00104000
RKLB,102.38999938964844,2026-06-18,PUT,105.0,7.3,7.0,7.2,1954.0,1836,107.57,True,RKLB260618P00105000
RKLB,102.38999938964844,2026-06-18,PUT,106.0,7.6,7.5,8.1,748.0,315,109.28,True,RKLB260618P00106000
RKLB,102.38999938964844,2026-06-18,PUT,107.0,8.43,8.25,8.75,464.0,174,110.5,True,RKLB260618P00107000
RKLB,102.38999938964844,2026-06-18,PUT,108.0,8.85,8.95,9.45,499.0,134,111.28,True,RKLB260618P00108000
RKLB,102.38999938964844,2026-06-18,PUT,109.0,8.94,9.55,10.15,208.0,168,110.6,True,RKLB260618P00109000
RKLB,102.38999938964844,2026-06-18,PUT,110.0,10.53,10.4,10.85,1204.0,2489,112.01,True,RKLB260618P00110000
RKLB,102.38999938964844,2026-06-18,PUT,111.0,11.55,10.95,11.65,269.0,200,110.91,True,RKLB260618P00111000
RKLB,102.38999938964844,2026-06-18,PUT,112.0,10.6,11.6,12.5,155.0,416,110.94,True,RKLB260618P00112000
RKLB,102.38999938964844,2026-06-18,PUT,113.0,12.57,12.45,13.3,130.0,294,112.26,True,RKLB260618P00113000
RKLB,102.38999938964844,2026-06-18,PUT,114.0,12.21,13.3,14.15,202.0,133,113.82,True,RKLB260618P00114000
RKLB,102.38999938964844,2026-06-18,PUT,115.0,14.5,14.2,14.9,194.0,1358,114.45,True,RKLB260618P00115000
RKLB,102.38999938964844,2026-06-18,PUT,116.0,14.22,14.45,15.85,42.0,314,108.84,True,RKLB260618P00116000
RKLB,102.38999938964844,2026-06-18,PUT,117.0,15.03,15.05,16.7,68.0,182,105.52,True,RKLB260618P00117000
RKLB,102.38999938964844,2026-06-18,PUT,118.0,16.45,16.65,17.55,36.0,636,116.21,True,RKLB260618P00118000
RKLB,102.38999938964844,2026-06-18,PUT,119.0,16.53,17.5,18.45,30.0,144,116.8,True,RKLB260618P00119000
RKLB,102.38999938964844,2026-06-18,PUT,120.0,18.2,17.95,19.25,262.0,2233,109.08,True,RKLB260618P00120000
RKLB,102.38999938964844,2026-06-18,PUT,121.0,18.2,19.2,20.25,31.0,73,117.04,True,RKLB260618P00121000
RKLB,102.38999938964844,2026-06-18,PUT,122.0,18.83,19.2,21.15,71.0,119,100.0,True,RKLB260618P00122000
RKLB,102.38999938964844,2026-06-18,PUT,123.0,20.21,20.55,22.1,31.0,137,109.86,True,RKLB260618P00123000
RKLB,102.38999938964844,2026-06-18,PUT,124.0,19.67,21.1,22.95,11.0,286,99.22,True,RKLB260618P00124000
RKLB,102.38999938964844,2026-06-18,PUT,125.0,22.35,21.9,23.95,68.0,644,96.48,True,RKLB260618P00125000
RKLB,102.38999938964844,2026-06-18,PUT,126.0,21.25,22.85,24.9,4.0,250,96.09,True,RKLB260618P00126000
RKLB,102.38999938964844,2026-06-18,PUT,127.0,23.78,24.65,26.45,12.0,150,132.42,True,RKLB260618P00127000
RKLB,102.38999938964844,2026-06-18,PUT,128.0,24.52,24.65,27.15,27.0,141,103.52,True,RKLB260618P00128000
RKLB,102.38999938964844,2026-06-18,PUT,129.0,24.35,25.55,28.25,5.0,170,106.35,True,RKLB260618P00129000
RKLB,102.38999938964844,2026-06-18,PUT,130.0,28.33,27.75,28.75,53.0,1096,129.3,True,RKLB260618P00130000
RKLB,102.38999938964844,2026-06-18,PUT,131.0,26.17,27.95,29.7,13.0,118,105.86,True,RKLB260618P00131000
RKLB,102.38999938964844,2026-06-18,PUT,132.0,26.56,28.6,31.6,2.0,137,127.44,True,RKLB260618P00132000
RKLB,102.38999938964844,2026-06-18,PUT,133.0,31.4,29.2,31.65,4.0,45,155.96,True,RKLB260618P00133000
RKLB,102.38999938964844,2026-06-18,PUT,134.0,28.7,30.8,33.4,2.0,72,133.11,True,RKLB260618P00134000
RKLB,102.38999938964844,2026-06-18,PUT,135.0,31.05,31.05,33.6,24.0,518,160.11,True,RKLB260618P00135000
RKLB,102.38999938964844,2026-06-18,PUT,136.0,32.5,32.15,35.25,4.0,42,103.52,True,RKLB260618P00136000
RKLB,102.38999938964844,2026-06-18,PUT,137.0,30.54,33.15,35.6,1.0,103,166.11,True,RKLB260618P00137000
RKLB,102.38999938964844,2026-06-18,PUT,138.0,33.46,34.1,36.55,4.0,151,166.89,True,RKLB260618P00138000
RKLB,102.38999938964844,2026-06-18,PUT,140.0,38.2,37.45,38.95,64.0,347,155.27,True,RKLB260618P00140000
RKLB,102.38999938964844,2026-06-18,PUT,141.0,34.78,37.05,39.5,13.0,50,173.24,True,RKLB260618P00141000
RKLB,102.38999938964844,2026-06-18,PUT,142.0,41.95,38.05,40.5,1.0,58,175.98,True,RKLB260618P00142000
RKLB,102.38999938964844,2026-06-18,PUT,143.0,39.3,39.05,41.6,1.0,64,183.3,True,RKLB260618P00143000
RKLB,102.38999938964844,2026-06-18,PUT,144.0,28.0,40.05,43.2,12.0,54,98.44,True,RKLB260618P00144000
RKLB,102.38999938964844,2026-06-18,PUT,145.0,41.2,41.05,44.05,1.0,126,207.42,True,RKLB260618P00145000
RKLB,102.38999938964844,2026-06-18,PUT,146.0,36.47,42.05,45.1,1.0,17,212.16,True,RKLB260618P00146000
RKLB,102.38999938964844,2026-06-18,PUT,147.0,43.3,43.05,46.35,2.0,70,126.56,True,RKLB260618P00147000
RKLB,102.38999938964844,2026-06-18,PUT,148.0,45.24,44.0,47.05,5.0,50,215.82,True,RKLB260618P00148000
RKLB,102.38999938964844,2026-06-18,PUT,149.0,43.8,45.0,48.0,3.0,30,216.6,True,RKLB260618P00149000
RKLB,102.38999938964844,2026-06-18,PUT,150.0,44.0,46.0,48.45,2.0,78,194.63,True,RKLB260618P00150000
RKLB,102.38999938964844,2026-06-18,PUT,152.5,45.42,48.5,51.5,1.0,6,225.88,True,RKLB260618P00152500
RKLB,102.38999938964844,2026-06-18,PUT,155.0,26.0,51.0,53.7,1.0,10,219.24,True,RKLB260618P00155000
RKLB,102.38999938964844,2026-06-18,PUT,160.0,49.76,56.0,58.7,1.0,69,231.25,True,RKLB260618P00160000
RKLB,102.38999938964844,2026-06-18,PUT,165.0,24.89,60.95,64.6,10.0,35,173.63,True,RKLB260618P00165000
RKLB,102.38999938964844,2026-06-18,PUT,170.0,53.16,65.95,69.3,1.0,99,139.06,True,RKLB260618P00170000
RKLB,102.38999938964844,2026-06-18,PUT,175.0,59.45,70.95,74.3,30.0,2,145.31,True,RKLB260618P00175000
RKLB,102.38999938964844,2026-06-18,PUT,180.0,76.0,75.95,79.3,2.0,17,153.13,True,RKLB260618P00180000
RKLB,102.38999938964844,2026-06-18,PUT,185.0,48.45,80.95,84.45,20.0,20,191.8,True,RKLB260618P00185000
RKLB,102.38999938964844,2026-06-18,PUT,190.0,45.3,85.95,89.25,,0,320.61,True,RKLB260618P00190000
RKLB,102.38999938964844,2026-06-18,PUT,195.0,58.0,90.95,93.4,1.0,36,284.47,True,RKLB260618P00195000
RKLB,102.38999938964844,2026-06-18,PUT,215.0,74.0,110.95,113.9,,0,347.46,True,RKLB260618P00215000
RKLB,102.38999938964844,2026-06-26,CALL,45.0,74.0,56.2,59.15,1.0,2,216.8,True,RKLB260626C00045000
RKLB,102.38999938964844,2026-06-26,CALL,50.0,74.96,51.45,54.2,1.0,1,206.45,True,RKLB260626C00050000
RKLB,102.38999938964844,2026-06-26,CALL,55.0,48.91,46.25,49.2,1.0,1,173.44,True,RKLB260626C00055000
RKLB,102.38999938964844,2026-06-26,CALL,60.0,51.0,41.4,44.3,12.0,48,161.43,True,RKLB260626C00060000
RKLB,102.38999938964844,2026-06-26,CALL,65.0,42.66,36.6,39.35,1.0,10,147.85,True,RKLB260626C00065000
RKLB,102.38999938964844,2026-06-26,CALL,68.0,39.93,33.55,36.45,2.0,30,136.72,True,RKLB260626C00068000
RKLB,102.38999938964844,2026-06-26,CALL,69.0,78.04,32.55,35.5,1.0,6,133.89,True,RKLB260626C00069000
RKLB,102.38999938964844,2026-06-26,CALL,70.0,40.33,31.65,34.55,11.0,18,133.3,True,RKLB260626C00070000
RKLB,102.38999938964844,2026-06-26,CALL,72.0,36.52,29.8,32.65,1.0,85,130.27,True,RKLB260626C00072000
RKLB,102.38999938964844,2026-06-26,CALL,73.0,35.18,28.9,31.85,17.0,90,131.74,True,RKLB260626C00073000
RKLB,102.38999938964844,2026-06-26,CALL,74.0,32.04,27.85,30.75,2.0,2,124.9,True,RKLB260626C00074000
RKLB,102.38999938964844,2026-06-26,CALL,75.0,31.58,27.15,29.8,30.0,27,126.76,True,RKLB260626C00075000
RKLB,102.38999938964844,2026-06-26,CALL,76.0,30.57,26.15,28.9,4.0,6,124.12,True,RKLB260626C00076000
RKLB,102.38999938964844,2026-06-26,CALL,77.0,28.35,25.2,28.0,1.0,3,122.22,True,RKLB260626C00077000
RKLB,102.38999938964844,2026-06-26,CALL,78.0,35.65,24.4,27.1,24.0,19,122.27,True,RKLB260626C00078000
RKLB,102.38999938964844,2026-06-26,CALL,79.0,27.94,23.5,26.2,4.0,7,120.7,True,RKLB260626C00079000
RKLB,102.38999938964844,2026-06-26,CALL,80.0,25.79,22.75,25.3,39.0,30,120.8,True,RKLB260626C00080000
RKLB,102.38999938964844,2026-06-26,CALL,81.0,26.16,21.85,24.6,44.0,130,121.14,True,RKLB260626C00081000
RKLB,102.38999938964844,2026-06-26,CALL,82.0,25.2,21.0,23.6,40.0,5,118.41,True,RKLB260626C00082000
RKLB,102.38999938964844,2026-06-26,CALL,83.0,24.36,20.2,22.75,41.0,8,117.73,True,RKLB260626C00083000
RKLB,102.38999938964844,2026-06-26,CALL,84.0,21.17,19.15,21.9,44.0,5,114.26,True,RKLB260626C00084000
RKLB,102.38999938964844,2026-06-26,CALL,85.0,20.5,18.3,21.1,43.0,158,113.23,True,RKLB260626C00085000
RKLB,102.38999938964844,2026-06-26,CALL,86.0,21.83,17.75,20.25,42.0,37,114.31,True,RKLB260626C00086000
RKLB,102.38999938964844,2026-06-26,CALL,87.0,21.04,16.75,19.5,94.0,33,111.89,True,RKLB260626C00087000
RKLB,102.38999938964844,2026-06-26,CALL,88.0,19.97,16.05,18.75,96.0,13,111.94,True,RKLB260626C00088000
RKLB,102.38999938964844,2026-06-26,CALL,89.0,18.94,15.55,18.0,72.0,4,113.35,True,RKLB260626C00089000
RKLB,102.38999938964844,2026-06-26,CALL,90.0,16.62,14.85,17.25,58.0,104,112.79,True,RKLB260626C00090000
RKLB,102.38999938964844,2026-06-26,CALL,91.0,17.43,14.1,15.85,4.0,22,106.57,True,RKLB260626C00091000
RKLB,102.38999938964844,2026-06-26,CALL,92.0,25.95,13.45,15.15,1.0,24,106.45,True,RKLB260626C00092000
RKLB,102.38999938964844,2026-06-26,CALL,93.0,13.39,12.85,14.5,9.0,42,106.81,True,RKLB260626C00093000
RKLB,102.38999938964844,2026-06-26,CALL,94.0,17.0,12.2,13.4,1.0,7,103.3,True,RKLB260626C00094000
RKLB,102.38999938964844,2026-06-26,CALL,95.0,13.97,11.6,12.8,20.0,110,103.52,True,RKLB260626C00095000
RKLB,102.38999938964844,2026-06-26,CALL,96.0,14.3,10.8,12.15,20.0,44,101.76,True,RKLB260626C00096000
RKLB,102.38999938964844,2026-06-26,CALL,97.0,13.44,10.15,11.55,2.0,12,101.12,True,RKLB260626C00097000
RKLB,102.38999938964844,2026-06-26,CALL,98.0,12.98,9.6,10.95,2.0,3,100.93,True,RKLB260626C00098000
RKLB,102.38999938964844,2026-06-26,CALL,99.0,14.5,9.3,10.5,6.0,5,103.03,True,RKLB260626C00099000
RKLB,102.38999938964844,2026-06-26,CALL,100.0,9.5,9.0,9.85,232.0,88,103.56,True,RKLB260626C00100000
RKLB,102.38999938964844,2026-06-26,CALL,101.0,11.5,8.4,9.45,13.0,24,103.52,True,RKLB260626C00101000
RKLB,102.38999938964844,2026-06-26,CALL,102.0,8.17,7.9,8.95,13.0,5,103.22,True,RKLB260626C00102000
RKLB,102.38999938964844,2026-06-26,CALL,103.0,8.0,7.45,8.35,47.0,8,102.39,False,RKLB260626C00103000
RKLB,102.38999938964844,2026-06-26,CALL,104.0,7.5,7.2,7.75,151.0,16,102.56,False,RKLB260626C00104000
RKLB,102.38999938964844,2026-06-26,CALL,105.0,7.15,6.7,7.3,6569.0,99,101.86,False,RKLB260626C00105000
RKLB,102.38999938964844,2026-06-26,CALL,106.0,6.8,6.3,6.9,267.0,65,101.88,False,RKLB260626C00106000
RKLB,102.38999938964844,2026-06-26,CALL,107.0,6.6,5.95,6.8,430.0,73,103.88,False,RKLB260626C00107000
RKLB,102.38999938964844,2026-06-26,CALL,108.0,6.1,5.55,6.45,158.0,44,103.76,False,RKLB260626C00108000
RKLB,102.38999938964844,2026-06-26,CALL,109.0,5.95,5.25,5.85,193.0,313,102.49,False,RKLB260626C00109000
RKLB,102.38999938964844,2026-06-26,CALL,110.0,5.21,5.0,5.6,2314.0,186,103.54,False,RKLB260626C00110000
RKLB,102.38999938964844,2026-06-26,CALL,111.0,5.26,4.7,5.3,877.0,109,103.76,False,RKLB260626C00111000
RKLB,102.38999938964844,2026-06-26,CALL,112.0,4.7,4.3,5.1,567.0,210,103.78,False,RKLB260626C00112000
RKLB,102.38999938964844,2026-06-26,CALL,113.0,4.5,4.05,4.5,184.0,132,101.9,False,RKLB260626C00113000
RKLB,102.38999938964844,2026-06-26,CALL,114.0,4.09,3.85,4.4,129.0,137,103.54,False,RKLB260626C00114000
RKLB,102.38999938964844,2026-06-26,CALL,115.0,3.9,3.65,4.15,808.0,812,103.98,False,RKLB260626C00115000
RKLB,102.38999938964844,2026-06-26,CALL,116.0,4.15,3.35,4.05,36.0,105,104.61,False,RKLB260626C00116000
RKLB,102.38999938964844,2026-06-26,CALL,117.0,3.9,3.15,3.9,48.0,90,105.44,False,RKLB260626C00117000
RKLB,102.38999938964844,2026-06-26,CALL,118.0,3.5,2.96,3.65,62.0,265,105.44,False,RKLB260626C00118000
RKLB,102.38999938964844,2026-06-26,CALL,119.0,3.06,2.9,3.35,68.0,252,105.88,False,RKLB260626C00119000
RKLB,102.38999938964844,2026-06-26,CALL,120.0,2.86,2.61,3.1,4999.0,818,104.76,False,RKLB260626C00120000
RKLB,102.38999938964844,2026-06-26,CALL,121.0,2.87,2.42,3.4,27.0,24,108.59,False,RKLB260626C00121000
RKLB,102.38999938964844,2026-06-26,CALL,122.0,2.71,2.28,2.74,177.0,141,105.01,False,RKLB260626C00122000
RKLB,102.38999938964844,2026-06-26,CALL,123.0,3.25,2.14,2.59,25.0,327,105.32,False,RKLB260626C00123000
RKLB,102.38999938964844,2026-06-26,CALL,124.0,2.65,2.0,2.45,20.0,69,105.62,False,RKLB260626C00124000
RKLB,102.38999938964844,2026-06-26,CALL,125.0,2.12,2.0,2.37,4029.0,1278,107.54,False,RKLB260626C00125000
RKLB,102.38999938964844,2026-06-26,CALL,126.0,2.05,1.79,2.21,43.0,174,106.74,False,RKLB260626C00126000
RKLB,102.38999938964844,2026-06-26,CALL,127.0,1.95,1.66,2.06,27.0,205,106.59,False,RKLB260626C00127000
RKLB,102.38999938964844,2026-06-26,CALL,128.0,2.15,1.52,1.98,17.0,298,106.89,False,RKLB260626C00128000
RKLB,102.38999938964844,2026-06-26,CALL,129.0,1.85,1.53,2.02,12.0,75,109.77,False,RKLB260626C00129000
RKLB,102.38999938964844,2026-06-26,CALL,130.0,1.6,1.49,1.7,1390.0,944,108.4,False,RKLB260626C00130000
RKLB,102.38999938964844,2026-06-26,CALL,131.0,2.22,1.26,1.6,8.0,49,107.1,False,RKLB260626C00131000
RKLB,102.38999938964844,2026-06-26,CALL,132.0,1.62,1.18,1.61,40.0,69,108.55,False,RKLB260626C00132000
RKLB,102.38999938964844,2026-06-26,CALL,133.0,1.44,1.15,1.52,33.0,86,109.33,False,RKLB260626C00133000
RKLB,102.38999938964844,2026-06-26,CALL,134.0,1.42,1.03,1.73,4.0,45,112.5,False,RKLB260626C00134000
RKLB,102.38999938964844,2026-06-26,CALL,135.0,1.2,1.15,1.29,714.0,930,110.74,False,RKLB260626C00135000
RKLB,102.38999938964844,2026-06-26,CALL,136.0,1.28,0.71,1.75,14.0,57,113.04,False,RKLB260626C00136000
RKLB,102.38999938964844,2026-06-26,CALL,137.0,1.0,0.84,1.46,22.0,89,113.04,False,RKLB260626C00137000
RKLB,102.38999938964844,2026-06-26,CALL,138.0,1.11,0.78,2.29,16.0,137,124.41,False,RKLB260626C00138000
RKLB,102.38999938964844,2026-06-26,CALL,139.0,1.1,0.72,1.34,21.0,61,113.72,False,RKLB260626C00139000
RKLB,102.38999938964844,2026-06-26,CALL,140.0,0.98,0.8,1.05,215.0,474,112.6,False,RKLB260626C00140000
RKLB,102.38999938964844,2026-06-26,CALL,141.0,1.14,0.62,1.23,7.0,169,114.45,False,RKLB260626C00141000
RKLB,102.38999938964844,2026-06-26,CALL,142.0,0.9,0.57,0.95,54.0,239,111.08,False,RKLB260626C00142000
RKLB,102.38999938964844,2026-06-26,CALL,143.0,0.88,0.51,0.97,14.0,134,112.16,False,RKLB260626C00143000
RKLB,102.38999938964844,2026-06-26,CALL,144.0,0.91,0.52,1.06,35.0,261,115.58,False,RKLB260626C00144000
RKLB,102.38999938964844,2026-06-26,CALL,145.0,0.7,0.64,0.82,166.0,522,115.28,False,RKLB260626C00145000
RKLB,102.38999938964844,2026-06-26,CALL,146.0,0.7,0.4,1.0,31.0,43,115.92,False,RKLB260626C00146000
RKLB,102.38999938964844,2026-06-26,CALL,147.0,0.68,0.35,0.97,5.0,13,116.11,False,RKLB260626C00147000
RKLB,102.38999938964844,2026-06-26,CALL,148.0,0.8,0.2,0.94,14.0,14,114.26,False,RKLB260626C00148000
RKLB,102.38999938964844,2026-06-26,CALL,149.0,1.25,0.0,1.5,4.0,29,122.66,False,RKLB260626C00149000
RKLB,102.38999938964844,2026-06-26,CALL,150.0,0.54,0.54,0.84,1314.0,1793,122.07,False,RKLB260626C00150000
RKLB,102.38999938964844,2026-06-26,CALL,152.5,0.5,0.0,1.1,9.0,18,120.41,False,RKLB260626C00152500
RKLB,102.38999938964844,2026-06-26,CALL,155.0,0.68,0.08,2.56,22.0,268,150.2,False,RKLB260626C00155000
RKLB,102.38999938964844,2026-06-26,CALL,157.5,0.64,0.0,1.76,4.0,21,140.63,False,RKLB260626C00157500
RKLB,102.38999938964844,2026-06-26,CALL,160.0,0.4,0.2,1.6,99.0,474,145.12,False,RKLB260626C00160000
RKLB,102.38999938964844,2026-06-26,CALL,162.5,0.3,0.19,1.16,16.0,10,140.33,False,RKLB260626C00162500
RKLB,102.38999938964844,2026-06-26,CALL,165.0,0.61,0.0,0.8,16.0,128,130.66,False,RKLB260626C00165000
RKLB,102.38999938964844,2026-06-26,CALL,167.5,0.84,0.01,1.6,1.0,18,152.54,False,RKLB260626C00167500
RKLB,102.38999938964844,2026-06-26,CALL,170.0,0.55,0.1,1.26,38.0,161,150.88,False,RKLB260626C00170000
RKLB,102.38999938964844,2026-06-26,CALL,172.5,0.72,0.0,1.09,8.0,18,147.95,False,RKLB260626C00172500
RKLB,102.38999938964844,2026-06-26,CALL,175.0,0.2,0.0,0.96,43.0,185,147.75,False,RKLB260626C00175000
RKLB,102.38999938964844,2026-06-26,CALL,177.5,0.57,0.0,0.6,27.0,16,139.55,False,RKLB260626C00177500
RKLB,102.38999938964844,2026-06-26,CALL,180.0,0.14,0.01,0.83,105.0,290,150.29,False,RKLB260626C00180000
RKLB,102.38999938964844,2026-06-26,CALL,185.0,0.15,0.0,0.28,39.0,280,132.81,False,RKLB260626C00185000
RKLB,102.38999938964844,2026-06-26,CALL,190.0,0.35,0.0,0.6,9.0,299,153.32,False,RKLB260626C00190000
RKLB,102.38999938964844,2026-06-26,CALL,195.0,0.25,0.01,0.5,9.0,649,154.69,False,RKLB260626C00195000
RKLB,102.38999938964844,2026-06-26,CALL,200.0,0.16,0.02,0.25,39.0,189,146.48,False,RKLB260626C00200000
RKLB,102.38999938964844,2026-06-26,CALL,205.0,0.29,0.05,1.0,6.0,35,183.59,False,RKLB260626C00205000
RKLB,102.38999938964844,2026-06-26,CALL,210.0,0.36,0.0,0.35,1.0,62,160.55,False,RKLB260626C00210000
RKLB,102.38999938964844,2026-06-26,CALL,215.0,0.16,0.05,0.11,23.0,377,150.0,False,RKLB260626C00215000
RKLB,102.38999938964844,2026-06-26,PUT,45.0,0.03,0.0,0.06,4.0,22,160.94,False,RKLB260626P00045000
RKLB,102.38999938964844,2026-06-26,PUT,50.0,0.06,0.0,2.14,,8,248.93,False,RKLB260626P00050000
RKLB,102.38999938964844,2026-06-26,PUT,55.0,0.09,0.0,0.06,5.0,19,124.22,False,RKLB260626P00055000
RKLB,102.38999938964844,2026-06-26,PUT,60.0,0.15,0.0,0.2,7.0,50,125.39,False,RKLB260626P00060000
RKLB,102.38999938964844,2026-06-26,PUT,65.0,0.41,0.0,0.35,2.0,10,118.16,False,RKLB260626P00065000
RKLB,102.38999938964844,2026-06-26,PUT,68.0,0.46,0.0,0.42,1.0,13,111.13,False,RKLB260626P00068000
RKLB,102.38999938964844,2026-06-26,PUT,69.0,0.67,0.05,1.54,8.0,19,141.11,False,RKLB260626P00069000
RKLB,102.38999938964844,2026-06-26,PUT,70.0,0.3,0.17,0.4,40.0,78,110.16,False,RKLB260626P00070000
RKLB,102.38999938964844,2026-06-26,PUT,71.0,0.45,0.04,1.85,2.0,42,138.67,False,RKLB260626P00071000
RKLB,102.38999938964844,2026-06-26,PUT,72.0,0.5,0.18,1.12,3.0,42,122.66,False,RKLB260626P00072000
RKLB,102.38999938964844,2026-06-26,PUT,73.0,0.8,0.28,0.89,9.0,29,115.92,False,RKLB260626P00073000
RKLB,102.38999938964844,2026-06-26,PUT,74.0,0.82,0.31,0.8,10.0,17,110.74,False,RKLB260626P00074000
RKLB,102.38999938964844,2026-06-26,PUT,75.0,0.6,0.43,0.7,100.0,188,107.52,False,RKLB260626P00075000
RKLB,102.38999938964844,2026-06-26,PUT,76.0,0.85,0.52,1.15,158.0,32,114.26,False,RKLB260626P00076000
RKLB,102.38999938964844,2026-06-26,PUT,77.0,0.99,0.62,0.8,39.0,41,105.86,False,RKLB260626P00077000
RKLB,102.38999938964844,2026-06-26,PUT,78.0,0.83,0.73,1.74,90.0,47,118.75,False,RKLB260626P00078000
RKLB,102.38999938964844,2026-06-26,PUT,79.0,1.03,0.84,1.4,55.0,67,111.33,False,RKLB260626P00079000
RKLB,102.38999938964844,2026-06-26,PUT,80.0,1.09,0.92,1.12,244.0,649,104.4,False,RKLB260626P00080000
RKLB,102.38999938964844,2026-06-26,PUT,81.0,1.52,0.69,1.54,11.0,27,103.13,False,RKLB260626P00081000
RKLB,102.38999938964844,2026-06-26,PUT,82.0,1.25,0.91,2.06,27.0,157,108.55,False,RKLB260626P00082000
RKLB,102.38999938964844,2026-06-26,PUT,83.0,1.5,1.37,2.07,12.0,62,109.77,False,RKLB260626P00083000
RKLB,102.38999938964844,2026-06-26,PUT,84.0,1.69,1.52,2.32,6.0,18,109.77,False,RKLB260626P00084000
RKLB,102.38999938964844,2026-06-26,PUT,85.0,1.8,1.72,2.0,152.0,216,104.1,False,RKLB260626P00085000
RKLB,102.38999938964844,2026-06-26,PUT,86.0,3.45,1.9,3.2,2.0,149,113.18,False,RKLB260626P00086000
RKLB,102.38999938964844,2026-06-26,PUT,87.0,2.23,2.1,3.0,18.0,48,108.55,False,RKLB260626P00087000
RKLB,102.38999938964844,2026-06-26,PUT,88.0,2.28,2.2,2.84,36.0,42,103.35,False,RKLB260626P00088000
RKLB,102.38999938964844,2026-06-26,PUT,89.0,2.6,2.58,3.3,44.0,177,105.93,False,RKLB260626P00089000
RKLB,102.38999938964844,2026-06-26,PUT,90.0,3.0,2.6,3.15,514.0,679,100.05,False,RKLB260626P00090000
RKLB,102.38999938964844,2026-06-26,PUT,91.0,3.22,3.0,3.45,30.0,70,100.88,False,RKLB260626P00091000
RKLB,102.38999938964844,2026-06-26,PUT,92.0,3.5,3.2,3.9,43.0,36,100.98,False,RKLB260626P00092000
RKLB,102.38999938964844,2026-06-26,PUT,93.0,3.6,3.55,4.25,8.0,23,101.15,False,RKLB260626P00093000
RKLB,102.38999938964844,2026-06-26,PUT,94.0,4.05,3.85,4.65,92.0,61,101.0,False,RKLB260626P00094000
RKLB,102.38999938964844,2026-06-26,PUT,95.0,4.45,4.5,4.9,352.0,640,101.98,False,RKLB260626P00095000
RKLB,102.38999938964844,2026-06-26,PUT,96.0,5.05,4.55,5.35,20.0,87,99.9,False,RKLB260626P00096000
RKLB,102.38999938964844,2026-06-26,PUT,97.0,5.43,5.0,5.75,29.0,131,99.99,False,RKLB260626P00097000
RKLB,102.38999938964844,2026-06-26,PUT,98.0,5.8,5.65,6.1,97.0,69,100.78,False,RKLB260626P00098000
RKLB,102.38999938964844,2026-06-26,PUT,99.0,6.5,6.05,6.65,68.0,82,100.98,False,RKLB260626P00099000
RKLB,102.38999938964844,2026-06-26,PUT,100.0,6.8,6.6,7.0,1321.0,991,100.56,False,RKLB260626P00100000
RKLB,102.38999938964844,2026-06-26,PUT,101.0,6.85,7.1,7.7,485.0,72,101.81,False,RKLB260626P00101000
RKLB,102.38999938964844,2026-06-26,PUT,102.0,7.85,7.45,8.1,187.0,75,99.95,False,RKLB260626P00102000
RKLB,102.38999938964844,2026-06-26,PUT,103.0,7.95,8.15,8.45,211.0,128,99.76,True,RKLB260626P00103000
RKLB,102.38999938964844,2026-06-26,PUT,104.0,8.7,8.75,9.3,41.0,68,101.81,True,RKLB260626P00104000
RKLB,102.38999938964844,2026-06-26,PUT,105.0,9.42,9.2,9.9,495.0,321,101.12,True,RKLB260626P00105000
RKLB,102.38999938964844,2026-06-26,PUT,106.0,9.4,9.65,10.55,32.0,39,100.51,True,RKLB260626P00106000
RKLB,102.38999938964844,2026-06-26,PUT,107.0,10.03,10.55,11.15,358.0,74,102.17,True,RKLB260626P00107000
RKLB,102.38999938964844,2026-06-26,PUT,108.0,10.77,10.75,11.85,41.0,102,99.85,True,RKLB260626P00108000
RKLB,102.38999938964844,2026-06-26,PUT,109.0,10.93,11.65,12.5,15.0,101,101.42,True,RKLB260626P00109000
RKLB,102.38999938964844,2026-06-26,PUT,110.0,12.71,12.25,13.25,242.0,587,101.49,True,RKLB260626P00110000
RKLB,102.38999938964844,2026-06-26,PUT,111.0,12.45,13.0,14.2,8.0,760,103.64,True,RKLB260626P00111000
RKLB,102.38999938964844,2026-06-26,PUT,112.0,12.3,13.4,14.7,11.0,149,100.32,True,RKLB260626P00112000
RKLB,102.38999938964844,2026-06-26,PUT,113.0,14.88,14.2,15.4,9.0,51,100.76,True,RKLB260626P00113000
RKLB,102.38999938964844,2026-06-26,PUT,114.0,15.67,15.2,16.25,13.0,85,103.42,True,RKLB260626P00114000
RKLB,102.38999938964844,2026-06-26,PUT,115.0,15.77,15.8,16.95,372.0,490,102.1,True,RKLB260626P00115000
RKLB,102.38999938964844,2026-06-26,PUT,116.0,15.33,16.6,17.75,14.0,95,102.69,True,RKLB260626P00116000
RKLB,102.38999938964844,2026-06-26,PUT,117.0,16.44,16.65,18.55,4.0,102,97.56,True,RKLB260626P00117000
RKLB,102.38999938964844,2026-06-26,PUT,118.0,17.7,16.9,19.65,6.0,84,95.75,True,RKLB260626P00118000
RKLB,102.38999938964844,2026-06-26,PUT,119.0,18.24,17.6,20.5,14.0,101,95.21,True,RKLB260626P00119000
RKLB,102.38999938964844,2026-06-26,PUT,120.0,19.07,18.55,20.95,25.0,774,93.16,True,RKLB260626P00120000
RKLB,102.38999938964844,2026-06-26,PUT,121.0,21.06,19.4,22.15,2.0,108,96.41,True,RKLB260626P00121000
RKLB,102.38999938964844,2026-06-26,PUT,122.0,21.76,20.25,22.7,9.0,148,93.87,True,RKLB260626P00122000
RKLB,102.38999938964844,2026-06-26,PUT,123.0,22.16,21.1,23.6,5.0,27,94.21,True,RKLB260626P00123000
RKLB,102.38999938964844,2026-06-26,PUT,124.0,19.04,22.0,24.45,1.0,91,94.38,True,RKLB260626P00124000
RKLB,102.38999938964844,2026-06-26,PUT,125.0,22.6,23.4,25.25,36.0,374,98.83,True,RKLB260626P00125000
RKLB,102.38999938964844,2026-06-26,PUT,126.0,24.81,23.75,26.75,1.0,147,99.85,True,RKLB260626P00126000
RKLB,102.38999938964844,2026-06-26,PUT,127.0,24.79,24.6,27.7,12.0,109,100.24,True,RKLB260626P00127000
RKLB,102.38999938964844,2026-06-26,PUT,128.0,25.73,25.5,27.95,11.0,40,93.21,True,RKLB260626P00128000
RKLB,102.38999938964844,2026-06-26,PUT,129.0,25.48,26.45,29.3,2.0,27,98.93,True,RKLB260626P00129000
RKLB,102.38999938964844,2026-06-26,PUT,130.0,28.39,27.75,29.85,31.0,264,99.41,True,RKLB260626P00130000
RKLB,102.38999938964844,2026-06-26,PUT,131.0,24.41,28.2,30.75,2.0,43,93.31,True,RKLB260626P00131000
RKLB,102.38999938964844,2026-06-26,PUT,132.0,29.03,29.1,31.65,3.0,138,92.48,True,RKLB260626P00132000
RKLB,102.38999938964844,2026-06-26,PUT,133.0,30.1,30.05,32.6,1.0,21,92.97,True,RKLB260626P00133000
RKLB,102.38999938964844,2026-06-26,PUT,134.0,30.1,30.95,33.85,1.0,9,97.17,True,RKLB260626P00134000
RKLB,102.38999938964844,2026-06-26,PUT,135.0,33.47,32.65,34.3,21.0,115,101.32,True,RKLB260626P00135000
RKLB,102.38999938964844,2026-06-26,PUT,136.0,25.6,32.85,35.5,15.0,76,93.6,True,RKLB260626P00136000
RKLB,102.38999938964844,2026-06-26,PUT,137.0,33.64,34.35,36.4,6.0,32,102.15,True,RKLB260626P00137000
RKLB,102.38999938964844,2026-06-26,PUT,138.0,32.71,34.75,37.6,2.0,40,97.22,True,RKLB260626P00138000
RKLB,102.38999938964844,2026-06-26,PUT,139.0,33.62,35.7,38.3,2.0,46,91.8,True,RKLB260626P00139000
RKLB,102.38999938964844,2026-06-26,PUT,140.0,38.15,36.65,39.4,3.0,131,94.63,True,RKLB260626P00140000
RKLB,102.38999938964844,2026-06-26,PUT,141.0,29.9,37.6,40.65,1.0,8,100.49,True,RKLB260626P00141000
RKLB,102.38999938964844,2026-06-26,PUT,142.0,38.33,38.55,41.2,2.0,51,90.14,True,RKLB260626P00142000
RKLB,102.38999938964844,2026-06-26,PUT,143.0,34.32,39.5,42.35,2.0,6,94.53,True,RKLB260626P00143000
RKLB,102.38999938964844,2026-06-26,PUT,144.0,32.75,40.5,43.45,2.0,16,98.73,True,RKLB260626P00144000
RKLB,102.38999938964844,2026-06-26,PUT,145.0,33.65,41.45,44.1,3.0,152,87.7,True,RKLB260626P00145000
RKLB,102.38999938964844,2026-06-26,PUT,146.0,35.84,42.4,45.15,25.0,30,89.06,True,RKLB260626P00146000
RKLB,102.38999938964844,2026-06-26,PUT,147.0,36.17,43.4,46.5,1.0,101,102.05,True,RKLB260626P00147000
RKLB,102.38999938964844,2026-06-26,PUT,148.0,37.16,44.35,47.0,1.0,5,80.86,True,RKLB260626P00148000
RKLB,102.38999938964844,2026-06-26,PUT,150.0,45.0,46.3,49.0,2.0,144,78.52,True,RKLB260626P00150000
RKLB,102.38999938964844,2026-06-26,PUT,152.5,26.49,48.75,51.55,4.0,5,81.64,True,RKLB260626P00152500
RKLB,102.38999938964844,2026-06-26,PUT,155.0,20.03,51.2,54.2,26.0,20,93.16,True,RKLB260626P00155000
RKLB,102.38999938964844,2026-06-26,PUT,160.0,54.5,56.15,59.15,1.0,70,89.84,True,RKLB260626P00160000
RKLB,102.38999938964844,2026-06-26,PUT,165.0,43.8,61.1,63.85,5.0,30,163.62,True,RKLB260626P00165000
RKLB,102.38999938964844,2026-06-26,PUT,172.5,37.05,68.5,71.55,4.0,4,180.57,True,RKLB260626P00172500
RKLB,102.38999938964844,2026-06-26,PUT,175.0,39.05,71.0,73.8,7.0,19,176.37,True,RKLB260626P00175000
RKLB,102.38999938964844,2026-06-26,PUT,215.0,92.4,110.9,113.95,4.0,4,229.2,True,RKLB260626P00215000
RKLB,102.38999938964844,2026-07-02,CALL,70.0,33.8,31.9,34.85,3.0,6,120.85,True,RKLB260702C00070000
RKLB,102.38999938964844,2026-07-02,CALL,75.0,33.7,27.2,30.3,1.0,39,113.09,True,RKLB260702C00075000
RKLB,102.38999938964844,2026-07-02,CALL,80.0,25.5,23.2,26.0,7.0,3,112.26,True,RKLB260702C00080000
RKLB,102.38999938964844,2026-07-02,CALL,85.0,24.26,19.3,22.05,10.0,21,109.99,True,RKLB260702C00085000
RKLB,102.38999938964844,2026-07-02,CALL,90.0,21.75,15.85,18.45,8.0,7,108.69,True,RKLB260702C00090000
RKLB,102.38999938964844,2026-07-02,CALL,95.0,17.31,12.7,14.6,20.0,9,103.39,True,RKLB260702C00095000
RKLB,102.38999938964844,2026-07-02,CALL,100.0,11.1,10.25,11.95,18.0,94,104.59,True,RKLB260702C00100000
RKLB,102.38999938964844,2026-07-02,CALL,103.0,9.29,8.8,10.4,10.0,13,103.49,False,RKLB260702C00103000
RKLB,102.38999938964844,2026-07-02,CALL,105.0,8.5,8.0,9.3,419.0,91,102.49,False,RKLB260702C00105000
RKLB,102.38999938964844,2026-07-02,CALL,106.0,8.15,7.65,8.8,61.0,3,102.26,False,RKLB260702C00106000
RKLB,102.38999938964844,2026-07-02,CALL,108.0,7.4,7.05,7.6,103.0,16,100.81,False,RKLB260702C00108000
RKLB,102.38999938964844,2026-07-02,CALL,109.0,7.3,6.5,7.35,52.0,25,100.37,False,RKLB260702C00109000
RKLB,102.38999938964844,2026-07-02,CALL,110.0,6.48,6.4,6.85,302.0,115,100.83,False,RKLB260702C00110000
RKLB,102.38999938964844,2026-07-02,CALL,111.0,6.64,5.9,7.3,36.0,23,104.08,False,RKLB260702C00111000
RKLB,102.38999938964844,2026-07-02,CALL,112.0,5.96,5.65,6.25,16.0,39,100.51,False,RKLB260702C00112000
RKLB,102.38999938964844,2026-07-02,CALL,113.0,6.5,5.25,5.95,42.0,40,99.98,False,RKLB260702C00113000
RKLB,102.38999938964844,2026-07-02,CALL,114.0,5.62,5.1,6.2,26.0,25,103.72,False,RKLB260702C00114000
RKLB,102.38999938964844,2026-07-02,CALL,115.0,5.5,4.85,5.4,72.0,200,100.99,False,RKLB260702C00115000
RKLB,102.38999938964844,2026-07-02,CALL,116.0,5.06,4.25,6.0,30.0,147,103.99,False,RKLB260702C00116000
RKLB,102.38999938964844,2026-07-02,CALL,117.0,7.17,4.4,5.95,23.0,48,107.5,False,RKLB260702C00117000
RKLB,102.38999938964844,2026-07-02,CALL,118.0,6.34,4.15,5.75,9.0,11,107.79,False,RKLB260702C00118000
RKLB,102.38999938964844,2026-07-02,CALL,119.0,5.19,3.9,5.5,17.0,27,107.67,False,RKLB260702C00119000
RKLB,102.38999938964844,2026-07-02,CALL,120.0,4.0,4.0,4.3,394.0,287,103.86,False,RKLB260702C00120000
RKLB,102.38999938964844,2026-07-02,CALL,121.0,6.25,3.15,4.15,6.0,11,100.32,False,RKLB260702C00121000
RKLB,102.38999938964844,2026-07-02,CALL,122.0,6.05,3.3,4.9,6.0,94,108.42,False,RKLB260702C00122000
RKLB,102.38999938964844,2026-07-02,CALL,123.0,3.95,3.15,3.7,10.0,72,102.42,False,RKLB260702C00123000
RKLB,102.38999938964844,2026-07-02,CALL,124.0,4.97,2.9,3.55,10.0,29,102.2,False,RKLB260702C00124000
RKLB,102.38999938964844,2026-07-02,CALL,125.0,3.11,2.86,3.45,176.0,350,103.61,False,RKLB260702C00125000
RKLB,102.38999938964844,2026-07-02,CALL,126.0,3.0,2.53,3.2,18.0,85,101.93,False,RKLB260702C00126000
RKLB,102.38999938964844,2026-07-02,CALL,127.0,2.99,2.2,4.0,6.0,39,107.4,False,RKLB260702C00127000
RKLB,102.38999938964844,2026-07-02,CALL,128.0,4.75,2.1,3.8,8.0,108,107.52,False,RKLB260702C00128000
RKLB,102.38999938964844,2026-07-02,CALL,129.0,5.0,2.17,3.6,39.0,261,108.77,False,RKLB260702C00129000
RKLB,102.38999938964844,2026-07-02,CALL,130.0,2.48,2.09,2.82,165.0,213,104.59,False,RKLB260702C00130000
RKLB,102.38999938964844,2026-07-02,CALL,131.0,4.19,2.15,3.75,5.0,12,113.89,False,RKLB260702C00131000
RKLB,102.38999938964844,2026-07-02,CALL,132.0,2.31,2.14,2.58,9.0,239,107.15,False,RKLB260702C00132000
RKLB,102.38999938964844,2026-07-02,CALL,133.0,3.28,1.75,3.65,5.0,227,114.31,False,RKLB260702C00133000
RKLB,102.38999938964844,2026-07-02,CALL,134.0,5.53,1.73,3.6,2.0,41,115.77,False,RKLB260702C00134000
RKLB,102.38999938964844,2026-07-02,CALL,135.0,1.91,1.62,2.21,101.0,363,105.64,False,RKLB260702C00135000
RKLB,102.38999938964844,2026-07-02,CALL,136.0,3.05,0.96,3.5,50.0,102,112.74,False,RKLB260702C00136000
RKLB,102.38999938964844,2026-07-02,CALL,137.0,2.1,1.38,3.35,6.0,38,116.8,False,RKLB260702C00137000
RKLB,102.38999938964844,2026-07-02,CALL,138.0,3.57,1.4,3.4,4.0,44,119.19,False,RKLB260702C00138000
RKLB,102.38999938964844,2026-07-02,CALL,139.0,2.93,1.35,3.35,3.0,28,120.19,False,RKLB260702C00139000
RKLB,102.38999938964844,2026-07-02,CALL,140.0,1.65,1.11,1.88,66.0,324,106.67,False,RKLB260702C00140000
RKLB,102.38999938964844,2026-07-02,CALL,141.0,2.0,0.78,3.2,3.0,27,117.58,False,RKLB260702C00141000
RKLB,102.38999938964844,2026-07-02,CALL,142.0,2.33,1.09,3.25,20.0,86,122.44,False,RKLB260702C00142000
RKLB,102.38999938964844,2026-07-02,CALL,143.0,2.12,1.08,2.78,26.0,35,119.87,False,RKLB260702C00143000
RKLB,102.38999938964844,2026-07-02,CALL,144.0,1.96,1.07,2.95,6.0,50,123.0,False,RKLB260702C00144000
RKLB,102.38999938964844,2026-07-02,CALL,145.0,1.5,0.54,1.66,15.0,362,106.06,False,RKLB260702C00145000
RKLB,102.38999938964844,2026-07-02,CALL,146.0,3.6,0.79,2.2,1.0,24,116.31,False,RKLB260702C00146000
RKLB,102.38999938964844,2026-07-02,CALL,147.0,2.24,0.91,3.1,4.0,38,127.78,False,RKLB260702C00147000
RKLB,102.38999938964844,2026-07-02,CALL,148.0,1.2,0.7,3.1,11.0,29,127.39,False,RKLB260702C00148000
RKLB,102.38999938964844,2026-07-02,CALL,149.0,1.64,0.66,2.63,2.0,110,123.97,False,RKLB260702C00149000
RKLB,102.38999938964844,2026-07-02,CALL,150.0,1.0,0.9,1.3,149.0,375,113.38,False,RKLB260702C00150000
RKLB,102.38999938964844,2026-07-02,CALL,152.5,1.22,0.68,1.78,1.0,39,120.07,False,RKLB260702C00152500
RKLB,102.38999938964844,2026-07-02,CALL,155.0,0.9,0.38,1.31,12.0,139,113.43,False,RKLB260702C00155000
RKLB,102.38999938964844,2026-07-02,CALL,157.5,3.55,0.01,2.88,2.0,6,131.98,False,RKLB260702C00157500
RKLB,102.38999938964844,2026-07-02,CALL,160.0,0.76,0.6,1.47,47.0,232,125.2,False,RKLB260702C00160000
RKLB,102.38999938964844,2026-07-02,CALL,162.5,0.68,0.08,2.76,1.0,6,138.09,False,RKLB260702C00162500
RKLB,102.38999938964844,2026-07-02,CALL,165.0,0.94,0.0,1.76,5.0,167,127.0,False,RKLB260702C00165000
RKLB,102.38999938964844,2026-07-02,CALL,170.0,0.5,0.11,1.5,33.0,66,130.47,False,RKLB260702C00170000
RKLB,102.38999938964844,2026-07-02,CALL,172.5,0.76,0.0,2.61,2.0,99,147.66,False,RKLB260702C00172500
RKLB,102.38999938964844,2026-07-02,CALL,175.0,0.85,0.25,1.9,6.0,69,144.39,False,RKLB260702C00175000
RKLB,102.38999938964844,2026-07-02,CALL,177.5,1.0,0.05,2.55,1.0,4,153.32,False,RKLB260702C00177500
RKLB,102.38999938964844,2026-07-02,CALL,180.0,0.48,0.0,1.16,4.0,25,133.01,False,RKLB260702C00180000
RKLB,102.38999938964844,2026-07-02,CALL,185.0,0.5,0.0,2.47,4.0,63,159.81,False,RKLB260702C00185000
RKLB,102.38999938964844,2026-07-02,CALL,190.0,1.0,0.05,1.33,10.0,33,147.27,False,RKLB260702C00190000
RKLB,102.38999938964844,2026-07-02,CALL,195.0,0.3,0.0,1.0,1.0,142,143.75,False,RKLB260702C00195000
RKLB,102.38999938964844,2026-07-02,CALL,200.0,0.25,0.02,0.99,23.0,211,148.34,False,RKLB260702C00200000
RKLB,102.38999938964844,2026-07-02,CALL,205.0,0.36,0.01,2.36,24.0,25,178.17,False,RKLB260702C00205000
RKLB,102.38999938964844,2026-07-02,CALL,210.0,0.41,0.1,1.29,4.0,6,165.43,False,RKLB260702C00210000
RKLB,102.38999938964844,2026-07-02,CALL,215.0,0.18,0.16,0.25,45.0,258,140.82,False,RKLB260702C00215000
RKLB,102.38999938964844,2026-07-02,PUT,65.0,0.4,0.2,0.4,17.0,404,108.4,False,RKLB260702P00065000
RKLB,102.38999938964844,2026-07-02,PUT,70.0,0.57,0.06,0.89,40.0,178,101.95,False,RKLB260702P00070000
RKLB,102.38999938964844,2026-07-02,PUT,75.0,0.9,0.28,1.45,77.0,89,99.8,False,RKLB260702P00075000
RKLB,102.38999938964844,2026-07-02,PUT,80.0,1.73,1.3,2.01,215.0,182,101.47,False,RKLB260702P00080000
RKLB,102.38999938964844,2026-07-02,PUT,85.0,2.29,2.47,3.0,63.0,265,101.56,False,RKLB260702P00085000
RKLB,102.38999938964844,2026-07-02,PUT,90.0,4.22,3.65,4.95,89.0,606,102.78,False,RKLB260702P00090000
RKLB,102.38999938964844,2026-07-02,PUT,95.0,5.75,5.25,6.3,81.0,426,97.8,False,RKLB260702P00095000
RKLB,102.38999938964844,2026-07-02,PUT,100.0,7.9,7.85,8.3,847.0,753,97.8,False,RKLB260702P00100000
RKLB,102.38999938964844,2026-07-02,PUT,102.0,8.97,8.95,9.55,73.0,107,99.17,False,RKLB260702P00102000
RKLB,102.38999938964844,2026-07-02,PUT,103.0,9.17,9.45,10.25,49.0,19,99.73,True,RKLB260702P00103000
RKLB,102.38999938964844,2026-07-02,PUT,104.0,9.62,10.05,10.85,43.0,24,100.1,True,RKLB260702P00104000
RKLB,102.38999938964844,2026-07-02,PUT,105.0,11.03,10.6,11.4,43.0,257,99.78,True,RKLB260702P00105000
RKLB,102.38999938964844,2026-07-02,PUT,106.0,11.34,11.2,11.9,22.0,27,99.29,True,RKLB260702P00106000
RKLB,102.38999938964844,2026-07-02,PUT,107.0,11.9,11.3,12.55,19.0,28,96.8,True,RKLB260702P00107000
RKLB,102.38999938964844,2026-07-02,PUT,108.0,11.74,11.65,14.1,18.0,25,100.17,True,RKLB260702P00108000
RKLB,102.38999938964844,2026-07-02,PUT,109.0,12.53,12.3,14.3,11.0,26,97.88,True,RKLB260702P00109000
RKLB,102.38999938964844,2026-07-02,PUT,110.0,14.01,13.75,14.55,30.0,469,99.93,True,RKLB260702P00110000
RKLB,102.38999938964844,2026-07-02,PUT,111.0,13.55,13.65,16.1,2.0,38,100.51,True,RKLB260702P00111000
RKLB,102.38999938964844,2026-07-02,PUT,112.0,14.73,13.65,15.9,4.0,13,91.97,True,RKLB260702P00112000
RKLB,102.38999938964844,2026-07-02,PUT,113.0,16.0,14.3,17.2,11.0,38,94.92,True,RKLB260702P00113000
RKLB,102.38999938964844,2026-07-02,PUT,114.0,17.05,15.0,17.6,3.0,47,93.04,True,RKLB260702P00114000
RKLB,102.38999938964844,2026-07-02,PUT,115.0,13.28,15.75,18.15,2.0,319,92.09,True,RKLB260702P00115000
RKLB,102.38999938964844,2026-07-02,PUT,116.0,13.4,16.5,19.0,11.0,174,92.7,True,RKLB260702P00116000
RKLB,102.38999938964844,2026-07-02,PUT,117.0,17.8,17.25,19.95,1.0,79,93.8,True,RKLB260702P00117000
RKLB,102.38999938964844,2026-07-02,PUT,118.0,17.11,18.05,21.0,37.0,82,95.65,True,RKLB260702P00118000
RKLB,102.38999938964844,2026-07-02,PUT,119.0,14.75,18.8,21.3,21.0,70,92.55,True,RKLB260702P00119000
RKLB,102.38999938964844,2026-07-02,PUT,120.0,21.17,20.65,22.4,2.0,309,101.0,True,RKLB260702P00120000
RKLB,102.38999938964844,2026-07-02,PUT,121.0,20.14,20.7,23.7,1.0,147,99.58,True,RKLB260702P00121000
RKLB,102.38999938964844,2026-07-02,PUT,122.0,21.63,21.25,23.8,4.0,158,93.36,True,RKLB260702P00122000
RKLB,102.38999938964844,2026-07-02,PUT,123.0,22.45,22.05,24.85,5.0,271,94.73,True,RKLB260702P00123000
RKLB,102.38999938964844,2026-07-02,PUT,124.0,23.37,23.0,26.25,2.0,35,99.41,True,RKLB260702P00124000
RKLB,102.38999938964844,2026-07-02,PUT,125.0,24.43,23.85,27.0,1.0,137,99.0,True,RKLB260702P00125000
RKLB,102.38999938964844,2026-07-02,PUT,126.0,26.53,25.85,27.2,1.0,284,102.64,True,RKLB260702P00126000
RKLB,102.38999938964844,2026-07-02,PUT,127.0,26.45,25.5,28.2,1.0,103,95.12,True,RKLB260702P00127000
RKLB,102.38999938964844,2026-07-02,PUT,128.0,24.88,26.4,28.95,1.0,26,94.51,True,RKLB260702P00128000
RKLB,102.38999938964844,2026-07-02,PUT,129.0,27.32,27.25,30.35,6.0,46,98.51,True,RKLB260702P00129000
RKLB,102.38999938964844,2026-07-02,PUT,130.0,28.4,29.05,30.9,6.0,104,103.22,True,RKLB260702P00130000
RKLB,102.38999938964844,2026-07-02,PUT,131.0,20.5,29.05,31.65,2.0,42,95.14,True,RKLB260702P00131000
RKLB,102.38999938964844,2026-07-02,PUT,132.0,29.6,29.9,33.05,1.0,52,99.17,True,RKLB260702P00132000
RKLB,102.38999938964844,2026-07-02,PUT,133.0,26.85,30.8,34.0,1.0,90,99.8,True,RKLB260702P00133000
RKLB,102.38999938964844,2026-07-02,PUT,134.0,25.95,31.7,35.25,42.0,58,102.93,True,RKLB260702P00134000
RKLB,102.38999938964844,2026-07-02,PUT,135.0,30.9,32.6,35.7,1.0,50,98.95,True,RKLB260702P00135000
RKLB,102.38999938964844,2026-07-02,PUT,136.0,20.83,33.55,36.25,7.0,51,95.83,True,RKLB260702P00136000
RKLB,102.38999938964844,2026-07-02,PUT,137.0,35.55,34.45,37.7,2.0,48,101.03,True,RKLB260702P00137000
RKLB,102.38999938964844,2026-07-02,PUT,138.0,16.18,35.35,38.7,14.0,28,101.76,True,RKLB260702P00138000
RKLB,102.38999938964844,2026-07-02,PUT,139.0,33.8,36.3,39.1,3.0,37,96.53,True,RKLB260702P00139000
RKLB,102.38999938964844,2026-07-02,PUT,140.0,32.98,37.2,39.95,8.0,83,95.21,True,RKLB260702P00140000
RKLB,102.38999938964844,2026-07-02,PUT,141.0,33.85,38.15,41.5,8.0,50,102.49,True,RKLB260702P00141000
RKLB,102.38999938964844,2026-07-02,PUT,142.0,37.51,39.1,42.4,2.0,45,102.39,True,RKLB260702P00142000
RKLB,102.38999938964844,2026-07-02,PUT,143.0,33.93,40.05,43.55,1.0,92,105.1,True,RKLB260702P00143000
RKLB,102.38999938964844,2026-07-02,PUT,144.0,21.0,40.95,44.4,1.0,5,103.76,True,RKLB260702P00144000
RKLB,102.38999938964844,2026-07-02,PUT,145.0,37.18,42.55,44.8,2.0,123,105.27,True,RKLB260702P00145000
RKLB,102.38999938964844,2026-07-02,PUT,146.0,39.3,42.9,46.15,2.0,16,102.98,True,RKLB260702P00146000
RKLB,102.38999938964844,2026-07-02,PUT,148.0,43.81,44.8,47.75,2.0,3,98.68,True,RKLB260702P00148000
RKLB,102.38999938964844,2026-07-02,PUT,150.0,44.32,46.7,49.65,20.0,49,98.05,True,RKLB260702P00150000
RKLB,102.38999938964844,2026-07-02,PUT,152.5,36.65,49.1,52.4,,15,103.86,True,RKLB260702P00152500
RKLB,102.38999938964844,2026-07-02,PUT,155.0,25.0,51.55,54.85,,30,105.37,True,RKLB260702P00155000
RKLB,102.38999938964844,2026-07-02,PUT,160.0,53.7,56.4,59.35,5.0,7,96.88,True,RKLB260702P00160000
RKLB,102.38999938964844,2026-07-02,PUT,162.5,31.95,58.85,61.85,2.0,1,98.05,True,RKLB260702P00162500
RKLB,102.38999938964844,2026-07-02,PUT,165.0,32.1,61.3,64.25,2.0,2,95.12,True,RKLB260702P00165000
RKLB,102.38999938964844,2026-07-02,PUT,170.0,47.0,66.25,69.55,1.0,0,108.79,True,RKLB260702P00170000
RKLB,102.38999938964844,2026-07-02,PUT,180.0,40.44,76.1,79.05,,2,159.77,True,RKLB260702P00180000
RKLB,102.38999938964844,2026-07-02,PUT,185.0,49.9,81.1,84.35,20.0,21,108.4,True,RKLB260702P00185000
RKLB,102.38999938964844,2026-07-02,PUT,190.0,56.9,86.05,88.85,2.0,1,165.23,True,RKLB260702P00190000
RKLB,102.38999938964844,2026-07-02,PUT,195.0,87.5,91.0,94.05,1.0,2,175.73,True,RKLB260702P00195000
RKLB,102.38999938964844,2026-07-02,PUT,200.0,64.5,96.0,99.05,8.0,0,180.71,True,RKLB260702P00200000
RKLB,102.38999938964844,2026-07-10,CALL,80.0,25.0,24.1,26.8,2.0,4,107.52,True,RKLB260710C00080000
RKLB,102.38999938964844,2026-07-10,CALL,85.0,23.0,20.3,21.7,6.0,16,97.05,True,RKLB260710C00085000
RKLB,102.38999938964844,2026-07-10,CALL,90.0,19.29,17.15,19.7,5.0,4,105.44,True,RKLB260710C00090000
RKLB,102.38999938964844,2026-07-10,CALL,95.0,14.95,14.25,15.3,10.0,12,98.24,True,RKLB260710C00095000
RKLB,102.38999938964844,2026-07-10,CALL,100.0,13.3,11.7,12.85,32.0,21,99.04,True,RKLB260710C00100000
RKLB,102.38999938964844,2026-07-10,CALL,104.0,11.11,9.95,11.0,30.0,5,99.07,False,RKLB260710C00104000
RKLB,102.38999938964844,2026-07-10,CALL,105.0,10.1,9.35,10.35,104.0,26,97.23,False,RKLB260710C00105000
RKLB,102.38999938964844,2026-07-10,CALL,106.0,9.4,8.95,10.15,36.0,15,98.14,False,RKLB260710C00106000
RKLB,102.38999938964844,2026-07-10,CALL,107.0,11.6,8.4,9.8,63.0,38,97.61,False,RKLB260710C00107000
RKLB,102.38999938964844,2026-07-10,CALL,108.0,9.63,8.5,9.35,75.0,26,99.39,False,RKLB260710C00108000
RKLB,102.38999938964844,2026-07-10,CALL,109.0,10.79,8.05,9.05,18.0,20,99.29,False,RKLB260710C00109000
RKLB,102.38999938964844,2026-07-10,CALL,110.0,8.06,7.55,8.4,109.0,122,97.29,False,RKLB260710C00110000
RKLB,102.38999938964844,2026-07-10,CALL,111.0,10.56,7.45,8.35,8.0,11,99.65,False,RKLB260710C00111000
RKLB,102.38999938964844,2026-07-10,CALL,112.0,8.31,7.1,8.0,5.0,35,99.44,False,RKLB260710C00112000
RKLB,102.38999938964844,2026-07-10,CALL,113.0,7.65,6.7,7.7,20.0,42,99.13,False,RKLB260710C00113000
RKLB,102.38999938964844,2026-07-10,CALL,114.0,7.42,6.5,7.4,42.0,21,99.63,False,RKLB260710C00114000
RKLB,102.38999938964844,2026-07-10,CALL,115.0,6.4,5.9,7.1,107.0,80,98.19,False,RKLB260710C00115000
RKLB,102.38999938964844,2026-07-10,CALL,116.0,6.9,5.6,7.0,6.0,5,98.95,False,RKLB260710C00116000
RKLB,102.38999938964844,2026-07-10,CALL,117.0,6.4,4.65,6.55,28.0,12,94.9,False,RKLB260710C00117000
RKLB,102.38999938964844,2026-07-10,CALL,118.0,7.37,5.45,6.3,6.0,8,99.98,False,RKLB260710C00118000
RKLB,102.38999938964844,2026-07-10,CALL,119.0,11.74,5.2,6.05,4.0,13,99.99,False,RKLB260710C00119000
RKLB,102.38999938964844,2026-07-10,CALL,120.0,5.65,5.05,5.8,104.0,445,100.42,False,RKLB260710C00120000
RKLB,102.38999938964844,2026-07-10,CALL,121.0,5.47,4.75,5.6,2.0,8,100.27,False,RKLB260710C00121000
RKLB,102.38999938964844,2026-07-10,CALL,122.0,7.65,4.65,5.2,4.0,585,100.01,False,RKLB260710C00122000
RKLB,102.38999938964844,2026-07-10,CALL,124.0,7.35,4.2,4.8,10.0,14,99.99,False,RKLB260710C00124000
RKLB,102.38999938964844,2026-07-10,CALL,125.0,4.3,4.1,4.6,214.0,591,100.51,False,RKLB260710C00125000
RKLB,102.38999938964844,2026-07-10,CALL,126.0,5.98,3.85,4.6,19.0,21,101.22,False,RKLB260710C00126000
RKLB,102.38999938964844,2026-07-10,CALL,127.0,4.16,2.68,4.4,24.0,16,95.75,False,RKLB260710C00127000
RKLB,102.38999938964844,2026-07-10,CALL,128.0,5.4,2.98,4.1,15.0,10,97.66,False,RKLB260710C00128000
RKLB,102.38999938964844,2026-07-10,CALL,129.0,5.6,2.75,3.9,5.0,14,97.09,False,RKLB260710C00129000
RKLB,102.38999938964844,2026-07-10,CALL,130.0,3.4,3.3,3.75,141.0,458,101.21,False,RKLB260710C00130000
RKLB,102.38999938964844,2026-07-10,CALL,131.0,6.45,3.1,3.6,1.0,2,101.0,False,RKLB260710C00131000
RKLB,102.38999938964844,2026-07-10,CALL,132.0,6.35,3.2,3.65,1.0,16,103.66,False,RKLB260710C00132000
RKLB,102.38999938964844,2026-07-10,CALL,133.0,5.05,2.85,4.4,3.0,6,107.74,False,RKLB260710C00133000
RKLB,102.38999938964844,2026-07-10,CALL,134.0,3.5,2.7,3.75,8.0,11,104.76,False,RKLB260710C00134000
RKLB,102.38999938964844,2026-07-10,CALL,135.0,2.9,2.65,3.15,29.0,561,102.47,False,RKLB260710C00135000
RKLB,102.38999938964844,2026-07-10,CALL,136.0,4.91,2.52,3.2,1.0,15,103.59,False,RKLB260710C00136000
RKLB,102.38999938964844,2026-07-10,CALL,137.0,6.42,2.5,3.05,1.0,8,104.13,False,RKLB260710C00137000
RKLB,102.38999938964844,2026-07-10,CALL,138.0,2.6,2.24,2.98,2.0,4,103.54,False,RKLB260710C00138000
RKLB,102.38999938964844,2026-07-10,CALL,139.0,6.05,2.21,2.75,2.0,19,103.37,False,RKLB260710C00139000
RKLB,102.38999938964844,2026-07-10,CALL,140.0,2.41,2.09,2.73,60.0,616,103.91,False,RKLB260710C00140000
RKLB,102.38999938964844,2026-07-10,CALL,141.0,3.34,1.98,2.55,2.0,6,103.37,False,RKLB260710C00141000
RKLB,102.38999938964844,2026-07-10,CALL,142.0,5.35,1.93,2.78,3.0,5,106.13,False,RKLB260710C00142000
RKLB,102.38999938964844,2026-07-10,CALL,143.0,5.25,1.85,2.4,1.0,5,104.25,False,RKLB260710C00143000
RKLB,102.38999938964844,2026-07-10,CALL,144.0,3.42,1.77,2.32,1.0,44,104.47,False,RKLB260710C00144000
RKLB,102.38999938964844,2026-07-10,CALL,145.0,2.73,1.66,2.24,37.0,722,104.4,False,RKLB260710C00145000
RKLB,102.38999938964844,2026-07-10,CALL,146.0,2.8,1.57,2.21,3.0,17,104.83,False,RKLB260710C00146000
RKLB,102.38999938964844,2026-07-10,CALL,147.0,2.07,1.53,2.4,4.0,7,107.37,False,RKLB260710C00147000
RKLB,102.38999938964844,2026-07-10,CALL,148.0,3.96,1.47,2.05,1.0,25,105.4,False,RKLB260710C00148000
RKLB,102.38999938964844,2026-07-10,CALL,149.0,2.84,1.41,2.28,4.0,19,108.11,False,RKLB260710C00149000
RKLB,102.38999938964844,2026-07-10,CALL,150.0,1.75,1.6,2.4,430.0,642,111.89,False,RKLB260710C00150000
RKLB,102.38999938964844,2026-07-10,CALL,152.5,2.3,1.21,3.35,2.0,66,119.48,False,RKLB260710C00152500
RKLB,102.38999938964844,2026-07-10,CALL,155.0,2.15,1.09,3.25,12.0,47,120.95,False,RKLB260710C00155000
RKLB,102.38999938964844,2026-07-10,CALL,157.5,1.85,0.96,3.2,1.0,4,122.61,False,RKLB260710C00157500
RKLB,102.38999938964844,2026-07-10,CALL,160.0,1.97,0.7,2.01,1.0,609,112.62,False,RKLB260710C00160000
RKLB,102.38999938964844,2026-07-10,CALL,162.5,2.44,0.4,3.1,1.0,9,122.88,False,RKLB260710C00162500
RKLB,102.38999938964844,2026-07-10,CALL,165.0,1.4,0.75,1.51,1.0,1024,113.28,False,RKLB260710C00165000
RKLB,102.38999938964844,2026-07-10,CALL,167.5,1.65,0.0,3.0,2.0,1,123.68,False,RKLB260710C00167500
RKLB,102.38999938964844,2026-07-10,CALL,170.0,2.05,0.14,2.95,79.0,1090,127.2,False,RKLB260710C00170000
RKLB,102.38999938964844,2026-07-10,CALL,175.0,1.7,0.0,2.84,8.0,9,129.74,False,RKLB260710C00175000
RKLB,102.38999938964844,2026-07-10,CALL,180.0,1.65,0.0,2.75,4.0,1113,133.59,False,RKLB260710C00180000
RKLB,102.38999938964844,2026-07-10,CALL,185.0,0.76,0.01,1.24,9.0,9,118.16,False,RKLB260710C00185000
RKLB,102.38999938964844,2026-07-10,CALL,190.0,0.45,0.14,2.59,6.0,8,142.51,False,RKLB260710C00190000
RKLB,102.38999938964844,2026-07-10,CALL,195.0,0.5,0.2,2.53,2.0,3,146.83,False,RKLB260710C00195000
RKLB,102.38999938964844,2026-07-10,CALL,200.0,0.57,0.02,2.48,6.0,1066,148.24,False,RKLB260710C00200000
RKLB,102.38999938964844,2026-07-10,CALL,205.0,1.08,0.02,2.45,1.0,8,151.86,False,RKLB260710C00205000
RKLB,102.38999938964844,2026-07-10,CALL,210.0,0.7,0.03,1.27,5.0,15,138.18,False,RKLB260710C00210000
RKLB,102.38999938964844,2026-07-10,CALL,215.0,0.58,0.15,1.09,10.0,809,140.53,False,RKLB260710C00215000
RKLB,102.38999938964844,2026-07-10,PUT,75.0,1.47,1.42,1.83,185.0,81,100.93,False,RKLB260710P00075000
RKLB,102.38999938964844,2026-07-10,PUT,80.0,2.35,1.88,2.6,107.0,366,95.34,False,RKLB260710P00080000
RKLB,102.38999938964844,2026-07-10,PUT,85.0,3.5,3.2,3.8,139.0,167,95.68,False,RKLB260710P00085000
RKLB,102.38999938964844,2026-07-10,PUT,90.0,5.1,5.0,5.5,208.0,263,97.14,False,RKLB260710P00090000
RKLB,102.38999938964844,2026-07-10,PUT,95.0,6.55,6.55,7.6,48.0,231,95.26,False,RKLB260710P00095000
RKLB,102.38999938964844,2026-07-10,PUT,100.0,9.56,9.25,9.8,165.0,267,95.78,False,RKLB260710P00100000
RKLB,102.38999938964844,2026-07-10,PUT,102.0,10.15,10.35,11.05,81.0,52,96.77,False,RKLB260710P00102000
RKLB,102.38999938964844,2026-07-10,PUT,103.0,11.05,10.95,11.6,47.0,32,96.95,True,RKLB260710P00103000
RKLB,102.38999938964844,2026-07-10,PUT,104.0,11.58,11.35,12.15,42.0,16,96.12,True,RKLB260710P00104000
RKLB,102.38999938964844,2026-07-10,PUT,105.0,11.68,11.95,12.7,90.0,143,96.04,True,RKLB260710P00105000
RKLB,102.38999938964844,2026-07-10,PUT,106.0,12.5,12.65,13.35,8.0,21,96.73,True,RKLB260710P00106000
RKLB,102.38999938964844,2026-07-10,PUT,107.0,12.92,13.3,13.9,18.0,66,96.63,True,RKLB260710P00107000
RKLB,102.38999938964844,2026-07-10,PUT,108.0,13.53,13.75,14.6,9.0,52,96.2,True,RKLB260710P00108000
RKLB,102.38999938964844,2026-07-10,PUT,109.0,13.75,14.4,15.25,6.0,42,96.31,True,RKLB260710P00109000
RKLB,102.38999938964844,2026-07-10,PUT,110.0,14.75,14.8,16.15,26.0,119,96.31,True,RKLB260710P00110000
RKLB,102.38999938964844,2026-07-10,PUT,111.0,12.65,15.5,16.6,24.0,66,95.53,True,RKLB260710P00111000
RKLB,102.38999938964844,2026-07-10,PUT,112.0,16.5,16.15,17.75,2.0,50,97.56,True,RKLB260710P00112000
RKLB,102.38999938964844,2026-07-10,PUT,113.0,16.65,16.85,18.25,3.0,37,96.78,True,RKLB260710P00113000
RKLB,102.38999938964844,2026-07-10,PUT,114.0,20.15,17.55,19.1,3.0,42,97.49,True,RKLB260710P00114000
RKLB,102.38999938964844,2026-07-10,PUT,115.0,18.87,18.55,19.5,7.0,304,97.41,True,RKLB260710P00115000
RKLB,102.38999938964844,2026-07-10,PUT,116.0,20.35,18.95,21.4,107.0,123,101.42,True,RKLB260710P00116000
RKLB,102.38999938964844,2026-07-10,PUT,117.0,14.85,19.75,20.9,1.0,5,96.0,True,RKLB260710P00117000
RKLB,102.38999938964844,2026-07-10,PUT,118.0,13.74,20.45,21.7,,1,96.07,True,RKLB260710P00118000
RKLB,102.38999938964844,2026-07-10,PUT,119.0,21.47,21.25,22.45,1.0,36,96.29,True,RKLB260710P00119000
RKLB,102.38999938964844,2026-07-10,PUT,120.0,24.08,22.0,23.2,6.0,106,96.17,True,RKLB260710P00120000
RKLB,102.38999938964844,2026-07-10,PUT,121.0,18.0,22.8,24.05,16.0,20,96.7,True,RKLB260710P00121000
RKLB,102.38999938964844,2026-07-10,PUT,122.0,22.95,23.6,24.9,2.0,3,97.17,True,RKLB260710P00122000
RKLB,102.38999938964844,2026-07-10,PUT,123.0,24.88,23.75,25.7,24.0,25,93.92,True,RKLB260710P00123000
RKLB,102.38999938964844,2026-07-10,PUT,124.0,20.65,24.1,26.45,3.0,4,91.21,True,RKLB260710P00124000
RKLB,102.38999938964844,2026-07-10,PUT,125.0,25.45,24.7,28.05,1.0,23,94.31,True,RKLB260710P00125000
RKLB,102.38999938964844,2026-07-10,PUT,126.0,27.68,25.65,28.6,3.0,4,93.55,True,RKLB260710P00126000
RKLB,102.38999938964844,2026-07-10,PUT,127.0,23.1,26.5,28.95,1.0,1,90.97,True,RKLB260710P00127000
RKLB,102.38999938964844,2026-07-10,PUT,128.0,23.75,27.3,29.85,11.0,16,91.06,True,RKLB260710P00128000
RKLB,102.38999938964844,2026-07-10,PUT,129.0,20.0,28.2,31.0,,1,93.19,True,RKLB260710P00129000
RKLB,102.38999938964844,2026-07-10,PUT,130.0,30.49,29.05,31.75,3.0,21,92.58,True,RKLB260710P00130000
RKLB,102.38999938964844,2026-07-10,PUT,131.0,25.92,29.9,32.65,1.0,0,92.77,True,RKLB260710P00131000
RKLB,102.38999938964844,2026-07-10,PUT,132.0,33.96,30.75,33.65,2.0,2,93.55,True,RKLB260710P00132000
RKLB,102.38999938964844,2026-07-10,PUT,133.0,29.8,31.65,34.2,7.0,9,91.65,True,RKLB260710P00133000
RKLB,102.38999938964844,2026-07-10,PUT,134.0,29.28,32.55,35.1,2.0,9,91.92,True,RKLB260710P00134000
RKLB,102.38999938964844,2026-07-10,PUT,135.0,33.32,33.4,36.0,6.0,36,91.8,True,RKLB260710P00135000
RKLB,102.38999938964844,2026-07-10,PUT,136.0,25.4,34.3,36.9,4.0,33,91.92,True,RKLB260710P00136000
RKLB,102.38999938964844,2026-07-10,PUT,137.0,15.61,35.2,38.0,,1,93.46,True,RKLB260710P00137000
RKLB,102.38999938964844,2026-07-10,PUT,138.0,29.83,36.1,39.0,1.0,3,94.24,True,RKLB260710P00138000
RKLB,102.38999938964844,2026-07-10,PUT,139.0,36.52,37.0,40.4,1.0,10,97.92,True,RKLB260710P00139000
RKLB,102.38999938964844,2026-07-10,PUT,140.0,31.01,37.9,40.9,7.0,11,94.9,True,RKLB260710P00140000
RKLB,102.38999938964844,2026-07-10,PUT,142.0,35.5,39.75,42.65,9.0,10,94.53,True,RKLB260710P00142000
RKLB,102.38999938964844,2026-07-10,PUT,143.0,18.75,40.7,43.9,5.0,5,97.56,True,RKLB260710P00143000
RKLB,102.38999938964844,2026-07-10,PUT,148.0,42.75,45.35,48.2,2.0,5,94.73,True,RKLB260710P00148000
RKLB,102.38999938964844,2026-07-10,PUT,149.0,44.15,46.25,49.55,4.0,2,98.39,True,RKLB260710P00149000
RKLB,102.38999938964844,2026-07-10,PUT,155.0,24.29,51.95,55.05,,1,96.97,True,RKLB260710P00155000
RKLB,102.38999938964844,2026-07-10,PUT,170.0,47.7,66.3,69.95,1.0,1,101.37,True,RKLB260710P00170000
RKLB,102.38999938964844,2026-07-10,PUT,215.0,90.84,110.95,113.9,,1,160.84,True,RKLB260710P00215000
RKLB,102.38999938964844,2026-07-17,CALL,25.0,119.15,75.65,79.4,1.0,31,203.52,True,RKLB260717C00025000
RKLB,102.38999938964844,2026-07-17,CALL,30.0,85.95,70.9,74.35,2.0,167,192.97,True,RKLB260717C00030000
RKLB,102.38999938964844,2026-07-17,CALL,33.0,77.57,67.95,71.25,5.0,14,175.78,True,RKLB260717C00033000
RKLB,102.38999938964844,2026-07-17,CALL,34.0,97.55,66.65,70.55,1.0,4,171.48,True,RKLB260717C00034000
RKLB,102.38999938964844,2026-07-17,CALL,35.0,79.88,66.1,69.3,1.0,40,177.73,True,RKLB260717C00035000
RKLB,102.38999938964844,2026-07-17,CALL,36.0,38.1,0.0,0.0,1.0,0,0.0,True,RKLB260717C00036000
RKLB,102.38999938964844,2026-07-17,CALL,37.0,69.0,63.5,67.5,1.0,18,144.92,True,RKLB260717C00037000
RKLB,102.38999938964844,2026-07-17,CALL,38.0,33.3,85.05,88.85,1.0,85,725.34,True,RKLB260717C00038000
RKLB,102.38999938964844,2026-07-17,CALL,39.0,77.65,62.45,65.4,1.0,576,177.34,True,RKLB260717C00039000
RKLB,102.38999938964844,2026-07-17,CALL,40.0,95.13,61.45,64.3,5.0,732,169.92,True,RKLB260717C00040000
RKLB,102.38999938964844,2026-07-17,CALL,41.0,76.43,59.85,63.35,42.0,67,144.14,True,RKLB260717C00041000
RKLB,102.38999938964844,2026-07-17,CALL,42.0,63.76,58.7,62.35,1.0,140,131.64,True,RKLB260717C00042000
RKLB,102.38999938964844,2026-07-17,CALL,43.0,105.1,57.8,61.35,1.0,51,134.57,True,RKLB260717C00043000
RKLB,102.38999938964844,2026-07-17,CALL,44.0,87.8,57.05,60.35,1.0,85,142.48,True,RKLB260717C00044000
RKLB,102.38999938964844,2026-07-17,CALL,45.0,76.76,56.2,59.5,1.0,206,149.02,True,RKLB260717C00045000
RKLB,102.38999938964844,2026-07-17,CALL,46.0,58.52,54.95,58.4,1.0,19,133.79,True,RKLB260717C00046000
RKLB,102.38999938964844,2026-07-17,CALL,47.0,49.05,64.85,67.8,5.0,38,373.54,True,RKLB260717C00047000
RKLB,102.38999938964844,2026-07-17,CALL,48.0,83.43,53.15,56.45,4.0,37,135.64,True,RKLB260717C00048000
RKLB,102.38999938964844,2026-07-17,CALL,49.0,80.22,52.0,55.45,2.0,48,127.73,True,RKLB260717C00049000
RKLB,102.38999938964844,2026-07-17,CALL,50.0,56.8,51.5,54.45,8.0,746,138.18,True,RKLB260717C00050000
RKLB,102.38999938964844,2026-07-17,CALL,55.0,50.45,46.7,48.9,1.0,304,113.87,True,RKLB260717C00055000
RKLB,102.38999938964844,2026-07-17,CALL,60.0,47.38,42.35,44.9,4.0,1367,127.39,True,RKLB260717C00060000
RKLB,102.38999938964844,2026-07-17,CALL,65.0,38.92,37.7,40.2,21.0,1933,119.04,True,RKLB260717C00065000
RKLB,102.38999938964844,2026-07-17,CALL,70.0,34.4,33.3,34.4,3.0,1163,101.66,True,RKLB260717C00070000
RKLB,102.38999938964844,2026-07-17,CALL,75.0,31.16,29.1,31.6,9.0,1783,110.89,True,RKLB260717C00075000
RKLB,102.38999938964844,2026-07-17,CALL,80.0,28.75,25.2,27.65,10.0,2235,108.15,True,RKLB260717C00080000
RKLB,102.38999938964844,2026-07-17,CALL,85.0,24.45,21.55,24.05,81.0,1392,106.01,True,RKLB260717C00085000
RKLB,102.38999938964844,2026-07-17,CALL,90.0,19.0,18.5,20.8,94.0,4679,105.71,True,RKLB260717C00090000
RKLB,102.38999938964844,2026-07-17,CALL,95.0,16.1,15.55,16.45,189.0,1500,98.38,True,RKLB260717C00095000
RKLB,102.38999938964844,2026-07-17,CALL,100.0,13.57,13.25,13.95,584.0,2668,99.33,True,RKLB260717C00100000
RKLB,102.38999938964844,2026-07-17,CALL,105.0,11.25,11.25,11.65,639.0,782,99.63,False,RKLB260717C00105000
RKLB,102.38999938964844,2026-07-17,CALL,110.0,9.55,9.35,9.75,1447.0,4268,99.54,False,RKLB260717C00110000
RKLB,102.38999938964844,2026-07-17,CALL,115.0,7.7,7.45,8.1,868.0,3813,98.24,False,RKLB260717C00115000
RKLB,102.38999938964844,2026-07-17,CALL,120.0,6.55,6.45,6.95,1895.0,3606,100.7,False,RKLB260717C00120000
RKLB,102.38999938964844,2026-07-17,CALL,125.0,5.45,5.35,5.8,1128.0,3529,101.04,False,RKLB260717C00125000
RKLB,102.38999938964844,2026-07-17,CALL,130.0,4.57,4.4,4.75,2032.0,8578,100.83,False,RKLB260717C00130000
RKLB,102.38999938964844,2026-07-17,CALL,135.0,3.75,3.65,3.95,353.0,1383,101.27,False,RKLB260717C00135000
RKLB,102.38999938964844,2026-07-17,CALL,140.0,3.25,3.05,3.35,1374.0,6375,102.2,False,RKLB260717C00140000
RKLB,102.38999938964844,2026-07-17,CALL,145.0,2.65,2.55,2.71,333.0,3594,102.22,False,RKLB260717C00145000
RKLB,102.38999938964844,2026-07-17,CALL,150.0,2.29,2.21,2.29,2135.0,3781,103.52,False,RKLB260717C00150000
RKLB,102.38999938964844,2026-07-17,CALL,155.0,2.12,1.85,2.12,325.0,655,105.54,False,RKLB260717C00155000
RKLB,102.38999938964844,2026-07-17,CALL,160.0,1.71,1.47,1.7,2861.0,3960,104.69,False,RKLB260717C00160000
RKLB,102.38999938964844,2026-07-17,CALL,165.0,1.42,1.26,1.6,145.0,1215,106.98,False,RKLB260717C00165000
RKLB,102.38999938964844,2026-07-17,CALL,170.0,1.2,1.07,1.27,539.0,3589,106.74,False,RKLB260717C00170000
RKLB,102.38999938964844,2026-07-17,CALL,175.0,1.06,1.01,1.23,236.0,2380,110.11,False,RKLB260717C00175000
RKLB,102.38999938964844,2026-07-17,CALL,180.0,0.94,0.81,1.35,155.0,1343,113.43,False,RKLB260717C00180000
RKLB,102.38999938964844,2026-07-17,CALL,185.0,0.85,0.69,0.95,61.0,772,111.18,False,RKLB260717C00185000
RKLB,102.38999938964844,2026-07-17,CALL,190.0,0.7,0.43,1.33,49.0,796,116.5,False,RKLB260717C00190000
RKLB,102.38999938964844,2026-07-17,CALL,195.0,0.64,0.35,1.0,80.0,2720,114.45,False,RKLB260717C00195000
RKLB,102.38999938964844,2026-07-17,CALL,200.0,0.55,0.35,1.15,119.0,938,120.12,False,RKLB260717C00200000
RKLB,102.38999938964844,2026-07-17,CALL,210.0,0.44,0.35,0.55,439.0,3993,116.31,False,RKLB260717C00210000
RKLB,102.38999938964844,2026-07-17,PUT,25.0,0.05,0.0,0.25,1.0,199,201.56,False,RKLB260717P00025000
RKLB,102.38999938964844,2026-07-17,PUT,30.0,0.05,0.0,2.0,10.0,893,251.37,False,RKLB260717P00030000
RKLB,102.38999938964844,2026-07-17,PUT,33.0,0.1,0.0,2.18,1.0,151,237.5,False,RKLB260717P00033000
RKLB,102.38999938964844,2026-07-17,PUT,34.0,0.03,0.0,2.15,79.0,136,231.06,False,RKLB260717P00034000
RKLB,102.38999938964844,2026-07-17,PUT,35.0,0.15,0.0,2.19,10.0,851,226.37,False,RKLB260717P00035000
RKLB,102.38999938964844,2026-07-17,PUT,36.0,0.04,0.0,2.19,20.0,77,221.0,False,RKLB260717P00036000
RKLB,102.38999938964844,2026-07-17,PUT,37.0,0.05,0.0,1.95,60.0,181,210.16,False,RKLB260717P00037000
RKLB,102.38999938964844,2026-07-17,PUT,38.0,0.07,0.0,0.56,61.0,779,162.3,False,RKLB260717P00038000
RKLB,102.38999938964844,2026-07-17,PUT,39.0,0.08,0.0,0.57,1.0,121,158.79,False,RKLB260717P00039000
RKLB,102.38999938964844,2026-07-17,PUT,40.0,0.08,0.05,0.24,2.0,849,139.84,False,RKLB260717P00040000
RKLB,102.38999938964844,2026-07-17,PUT,41.0,0.14,0.0,0.58,5.0,124,151.76,False,RKLB260717P00041000
RKLB,102.38999938964844,2026-07-17,PUT,42.0,0.12,0.0,2.03,1.0,189,188.18,False,RKLB260717P00042000
RKLB,102.38999938964844,2026-07-17,PUT,43.0,0.19,0.0,1.62,3.0,203,174.9,False,RKLB260717P00043000
RKLB,102.38999938964844,2026-07-17,PUT,44.0,0.11,0.0,0.64,2.0,117,143.26,False,RKLB260717P00044000
RKLB,102.38999938964844,2026-07-17,PUT,45.0,0.08,0.05,0.2,19.0,2005,121.09,False,RKLB260717P00045000
RKLB,102.38999938964844,2026-07-17,PUT,46.0,0.13,0.0,0.36,6.0,196,124.41,False,RKLB260717P00046000
RKLB,102.38999938964844,2026-07-17,PUT,47.0,0.18,0.1,0.4,3.0,417,127.73,False,RKLB260717P00047000
RKLB,102.38999938964844,2026-07-17,PUT,48.0,0.22,0.0,0.64,6.0,465,129.88,False,RKLB260717P00048000
RKLB,102.38999938964844,2026-07-17,PUT,49.0,0.32,0.1,0.63,1.0,105,129.69,False,RKLB260717P00049000
RKLB,102.38999938964844,2026-07-17,PUT,50.0,0.19,0.1,0.26,20.0,4860,112.5,False,RKLB260717P00050000
RKLB,102.38999938964844,2026-07-17,PUT,55.0,0.27,0.15,0.5,93.0,2399,109.18,False,RKLB260717P00055000
RKLB,102.38999938964844,2026-07-17,PUT,60.0,0.49,0.39,0.61,238.0,4926,103.81,False,RKLB260717P00060000
RKLB,102.38999938964844,2026-07-17,PUT,65.0,0.78,0.72,0.9,204.0,6080,100.59,False,RKLB260717P00065000
RKLB,102.38999938964844,2026-07-17,PUT,70.0,1.3,1.2,1.45,253.0,3623,98.93,False,RKLB260717P00070000
RKLB,102.38999938964844,2026-07-17,PUT,75.0,2.16,1.95,2.16,481.0,5500,97.39,False,RKLB260717P00075000
RKLB,102.38999938964844,2026-07-17,PUT,80.0,3.14,3.05,3.2,1062.0,6324,97.0,False,RKLB260717P00080000
RKLB,102.38999938964844,2026-07-17,PUT,85.0,4.62,4.3,4.7,712.0,1961,96.48,False,RKLB260717P00085000
RKLB,102.38999938964844,2026-07-17,PUT,90.0,6.25,6.1,6.3,887.0,2265,95.86,False,RKLB260717P00090000
RKLB,102.38999938964844,2026-07-17,PUT,95.0,8.31,8.15,8.55,535.0,1465,96.15,False,RKLB260717P00095000
RKLB,102.38999938964844,2026-07-17,PUT,100.0,10.75,10.5,10.85,1083.0,3194,95.0,False,RKLB260717P00100000
RKLB,102.38999938964844,2026-07-17,PUT,105.0,12.63,13.35,13.9,534.0,1195,96.19,True,RKLB260717P00105000
RKLB,102.38999938964844,2026-07-17,PUT,110.0,16.0,16.5,17.0,301.0,7177,96.29,True,RKLB260717P00110000
RKLB,102.38999938964844,2026-07-17,PUT,115.0,19.5,19.9,20.45,102.0,1165,96.56,True,RKLB260717P00115000
RKLB,102.38999938964844,2026-07-17,PUT,120.0,23.6,23.6,24.15,53.0,1071,97.02,True,RKLB260717P00120000
RKLB,102.38999938964844,2026-07-17,PUT,125.0,27.77,27.45,28.15,42.0,1081,97.61,True,RKLB260717P00125000
RKLB,102.38999938964844,2026-07-17,PUT,130.0,30.0,31.0,32.75,7.0,3304,97.88,True,RKLB260717P00130000
RKLB,102.38999938964844,2026-07-17,PUT,135.0,34.13,35.6,36.55,29.0,356,97.78,True,RKLB260717P00135000
RKLB,102.38999938964844,2026-07-17,PUT,140.0,39.15,39.8,40.95,12.0,624,97.24,True,RKLB260717P00140000
RKLB,102.38999938964844,2026-07-17,PUT,145.0,43.99,43.7,45.45,4.0,307,93.6,True,RKLB260717P00145000
RKLB,102.38999938964844,2026-07-17,PUT,150.0,45.69,48.75,50.1,1.0,182,97.44,True,RKLB260717P00150000
RKLB,102.38999938964844,2026-07-17,PUT,155.0,44.3,52.35,54.85,40.0,74,88.82,True,RKLB260717P00155000
RKLB,102.38999938964844,2026-07-17,PUT,160.0,51.32,57.1,59.6,80.0,196,88.13,True,RKLB260717P00160000
RKLB,102.38999938964844,2026-07-17,PUT,165.0,34.95,61.9,64.35,,29,86.47,True,RKLB260717P00165000
RKLB,102.38999938964844,2026-07-17,PUT,170.0,66.2,66.7,69.25,1.0,21,85.45,True,RKLB260717P00170000
RKLB,102.38999938964844,2026-07-17,PUT,175.0,71.25,71.6,74.45,1.0,7,91.21,True,RKLB260717P00175000
RKLB,102.38999938964844,2026-07-17,PUT,180.0,66.65,76.45,79.05,40.0,75,80.86,True,RKLB260717P00180000
RKLB,102.38999938964844,2026-07-17,PUT,185.0,76.95,81.35,83.85,14.0,17,120.95,True,RKLB260717P00185000
RKLB,102.38999938964844,2026-07-17,PUT,195.0,90.5,91.2,94.15,12.0,14,82.42,True,RKLB260717P00195000
RKLB,102.38999938964844,2026-07-24,CALL,75.0,29.95,29.3,32.3,2.0,7,106.91,True,RKLB260724C00075000
RKLB,102.38999938964844,2026-07-24,CALL,80.0,34.15,25.1,28.55,1.0,3,103.03,True,RKLB260724C00080000
RKLB,102.38999938964844,2026-07-24,CALL,85.0,25.52,22.2,25.1,1.0,14,104.7,True,RKLB260724C00085000
RKLB,102.38999938964844,2026-07-24,CALL,90.0,20.85,18.75,22.05,9.0,31,102.8,True,RKLB260724C00090000
RKLB,102.38999938964844,2026-07-24,CALL,95.0,21.71,16.4,19.0,3.0,15,103.05,True,RKLB260724C00095000
RKLB,102.38999938964844,2026-07-24,CALL,100.0,15.2,13.55,15.8,17.0,8,98.65,True,RKLB260724C00100000
RKLB,102.38999938964844,2026-07-24,CALL,104.0,14.0,11.95,14.0,104.0,111,99.02,False,RKLB260724C00104000
RKLB,102.38999938964844,2026-07-24,CALL,105.0,13.2,12.05,13.4,27.0,35,100.18,False,RKLB260724C00105000
RKLB,102.38999938964844,2026-07-24,CALL,107.0,12.08,11.05,13.0,131.0,20,100.81,False,RKLB260724C00107000
RKLB,102.38999938964844,2026-07-24,CALL,108.0,14.6,10.6,12.6,148.0,122,100.46,False,RKLB260724C00108000
RKLB,102.38999938964844,2026-07-24,CALL,110.0,11.4,9.1,11.9,122.0,31,97.74,False,RKLB260724C00110000
RKLB,102.38999938964844,2026-07-24,CALL,112.0,13.2,9.4,11.3,6.0,32,101.6,False,RKLB260724C00112000
RKLB,102.38999938964844,2026-07-24,CALL,113.0,10.5,9.15,11.0,5.0,20,101.98,False,RKLB260724C00113000
RKLB,102.38999938964844,2026-07-24,CALL,114.0,15.5,8.95,10.7,1.0,5,102.49,False,RKLB260724C00114000
RKLB,102.38999938964844,2026-07-24,CALL,115.0,9.4,8.6,10.45,67.0,65,102.56,False,RKLB260724C00115000
RKLB,102.38999938964844,2026-07-24,CALL,116.0,12.6,8.35,9.45,3.0,4,100.18,False,RKLB260724C00116000
RKLB,102.38999938964844,2026-07-24,CALL,117.0,11.12,7.9,9.95,20.0,3,102.52,False,RKLB260724C00117000
RKLB,102.38999938964844,2026-07-24,CALL,118.0,7.75,7.85,9.7,2.0,9,103.52,False,RKLB260724C00118000
RKLB,102.38999938964844,2026-07-24,CALL,119.0,15.45,7.55,9.5,1.0,2,103.71,False,RKLB260724C00119000
RKLB,102.38999938964844,2026-07-24,CALL,120.0,8.22,7.15,9.25,49.0,90,103.3,False,RKLB260724C00120000
RKLB,102.38999938964844,2026-07-24,CALL,121.0,9.9,6.95,9.05,12.0,6,103.76,False,RKLB260724C00121000
RKLB,102.38999938964844,2026-07-24,CALL,122.0,9.65,6.85,8.8,3.0,9,104.36,False,RKLB260724C00122000
RKLB,102.38999938964844,2026-07-24,CALL,123.0,10.64,6.5,8.65,8.0,4,104.33,False,RKLB260724C00123000
RKLB,102.38999938964844,2026-07-24,CALL,124.0,11.5,6.35,8.45,2.0,8,104.83,False,RKLB260724C00124000
RKLB,102.38999938964844,2026-07-24,CALL,125.0,7.16,6.05,8.25,162.0,41,104.71,False,RKLB260724C00125000
RKLB,102.38999938964844,2026-07-24,CALL,126.0,7.2,5.8,8.05,2.0,5,104.72,False,RKLB260724C00126000
RKLB,102.38999938964844,2026-07-24,CALL,127.0,11.65,5.7,7.85,4.0,8,105.27,False,RKLB260724C00127000
RKLB,102.38999938964844,2026-07-24,CALL,128.0,7.65,5.55,7.65,2.0,3,105.58,False,RKLB260724C00128000
RKLB,102.38999938964844,2026-07-24,CALL,129.0,6.97,5.35,7.5,4.0,5,105.85,False,RKLB260724C00129000
RKLB,102.38999938964844,2026-07-24,CALL,130.0,6.0,5.1,6.65,60.0,75,103.0,False,RKLB260724C00130000
RKLB,102.38999938964844,2026-07-24,CALL,135.0,5.4,4.3,5.8,48.0,11,103.71,False,RKLB260724C00135000
RKLB,102.38999938964844,2026-07-24,CALL,140.0,4.1,3.75,4.5,35.0,100,102.32,False,RKLB260724C00140000
RKLB,102.38999938964844,2026-07-24,CALL,145.0,4.38,2.75,4.75,32.0,37,105.1,False,RKLB260724C00145000
RKLB,102.38999938964844,2026-07-24,CALL,150.0,3.03,2.5,3.6,43.0,68,103.74,False,RKLB260724C00150000
RKLB,102.38999938964844,2026-07-24,CALL,155.0,2.96,1.38,3.6,32.0,9,102.73,False,RKLB260724C00155000
RKLB,102.38999938964844,2026-07-24,CALL,160.0,4.42,2.0,3.75,14.0,17,112.45,False,RKLB260724C00160000
RKLB,102.38999938964844,2026-07-24,CALL,165.0,3.38,1.42,3.6,20.0,6,112.92,False,RKLB260724C00165000
RKLB,102.38999938964844,2026-07-24,CALL,170.0,1.77,1.05,2.66,3.0,11,108.59,False,RKLB260724C00170000
RKLB,102.38999938964844,2026-07-24,CALL,175.0,1.7,0.95,2.15,29.0,79,108.11,False,RKLB260724C00175000
RKLB,102.38999938964844,2026-07-24,PUT,75.0,2.64,1.75,2.95,33.0,172,93.09,False,RKLB260724P00075000
RKLB,102.38999938964844,2026-07-24,PUT,80.0,3.85,3.05,4.35,44.0,40,95.07,False,RKLB260724P00080000
RKLB,102.38999938964844,2026-07-24,PUT,85.0,5.5,4.9,6.15,138.0,85,97.86,False,RKLB260724P00085000
RKLB,102.38999938964844,2026-07-24,PUT,90.0,6.15,6.15,7.95,58.0,103,94.73,False,RKLB260724P00090000
RKLB,102.38999938964844,2026-07-24,PUT,95.0,9.55,8.85,9.95,44.0,65,95.97,False,RKLB260724P00095000
RKLB,102.38999938964844,2026-07-24,PUT,100.0,12.0,11.3,12.25,214.0,321,94.87,False,RKLB260724P00100000
RKLB,102.38999938964844,2026-07-24,PUT,102.0,12.85,11.85,13.85,63.0,11,94.73,False,RKLB260724P00102000
RKLB,102.38999938964844,2026-07-24,PUT,103.0,12.96,12.35,14.2,26.0,13,93.7,True,RKLB260724P00103000
RKLB,102.38999938964844,2026-07-24,PUT,105.0,14.59,13.7,15.4,133.0,51,94.51,True,RKLB260724P00105000
RKLB,102.38999938964844,2026-07-24,PUT,106.0,14.33,13.65,16.0,11.0,23,92.16,True,RKLB260724P00106000
RKLB,102.38999938964844,2026-07-24,PUT,107.0,15.2,13.9,16.6,3.0,14,90.82,True,RKLB260724P00107000
RKLB,102.38999938964844,2026-07-24,PUT,108.0,16.89,14.65,17.35,23.0,42,91.74,True,RKLB260724P00108000
RKLB,102.38999938964844,2026-07-24,PUT,109.0,19.4,15.95,17.9,10.0,34,93.84,True,RKLB260724P00109000
RKLB,102.38999938964844,2026-07-24,PUT,110.0,16.8,16.2,18.5,8.0,68,92.25,True,RKLB260724P00110000
RKLB,102.38999938964844,2026-07-24,PUT,111.0,17.47,16.7,19.2,5.0,7,91.85,True,RKLB260724P00111000
RKLB,102.38999938964844,2026-07-24,PUT,112.0,15.36,17.1,19.85,18.0,21,90.82,True,RKLB260724P00112000
RKLB,102.38999938964844,2026-07-24,PUT,113.0,18.89,18.0,20.55,1.0,9,91.72,True,RKLB260724P00113000
RKLB,102.38999938964844,2026-07-24,PUT,114.0,19.49,18.6,21.25,3.0,6,91.46,True,RKLB260724P00114000
RKLB,102.38999938964844,2026-07-24,PUT,115.0,19.99,19.25,21.95,1.0,34,91.28,True,RKLB260724P00115000
RKLB,102.38999938964844,2026-07-24,PUT,116.0,20.66,20.0,22.8,2.0,1,91.98,True,RKLB260724P00116000
RKLB,102.38999938964844,2026-07-24,PUT,117.0,18.76,20.75,23.4,4.0,7,91.67,True,RKLB260724P00117000
RKLB,102.38999938964844,2026-07-24,PUT,118.0,23.09,21.5,24.15,1.0,1,91.87,True,RKLB260724P00118000
RKLB,102.38999938964844,2026-07-24,PUT,120.0,23.44,23.0,25.65,1.0,38,92.04,True,RKLB260724P00120000
RKLB,102.38999938964844,2026-07-24,PUT,122.0,23.1,24.6,27.3,3.0,3,92.94,True,RKLB260724P00122000
RKLB,102.38999938964844,2026-07-24,PUT,125.0,25.88,26.95,30.15,10.0,14,95.19,True,RKLB260724P00125000
RKLB,102.38999938964844,2026-07-24,PUT,126.0,27.92,27.75,30.25,1.0,1,92.44,True,RKLB260724P00126000
RKLB,102.38999938964844,2026-07-24,PUT,129.0,27.61,30.2,32.95,1.0,2,93.84,True,RKLB260724P00129000
RKLB,102.38999938964844,2026-07-24,PUT,135.0,36.25,35.25,38.15,5.0,5,95.14,True,RKLB260724P00135000
RKLB,102.38999938964844,2026-07-24,PUT,155.0,53.0,53.0,56.4,34.0,1,97.75,True,RKLB260724P00155000
RKLB,102.38999938964844,2026-08-21,CALL,40.0,65.0,61.7,64.65,5.0,6,132.03,True,RKLB260821C00040000
RKLB,102.38999938964844,2026-08-21,CALL,45.0,77.53,57.2,59.9,6.0,5,127.73,True,RKLB260821C00045000
RKLB,102.38999938964844,2026-08-21,CALL,50.0,51.4,52.5,55.3,1.0,30,121.09,True,RKLB260821C00050000
RKLB,102.38999938964844,2026-08-21,CALL,55.0,48.99,48.1,50.8,1005.0,1001,117.07,True,RKLB260821C00055000
RKLB,102.38999938964844,2026-08-21,CALL,60.0,52.28,43.65,46.65,23.0,209,113.6,True,RKLB260821C00060000
RKLB,102.38999938964844,2026-08-21,CALL,65.0,45.0,39.7,42.6,9.0,1054,112.01,True,RKLB260821C00065000
RKLB,102.38999938964844,2026-08-21,CALL,70.0,39.05,35.85,38.15,6.0,16,107.12,True,RKLB260821C00070000
RKLB,102.38999938964844,2026-08-21,CALL,75.0,35.0,32.6,34.95,20.0,21,109.08,True,RKLB260821C00075000
RKLB,102.38999938964844,2026-08-21,CALL,80.0,33.45,29.35,31.8,11.0,243,108.87,True,RKLB260821C00080000
RKLB,102.38999938964844,2026-08-21,CALL,85.0,32.0,26.35,28.8,2.0,104,108.37,True,RKLB260821C00085000
RKLB,102.38999938964844,2026-08-21,CALL,90.0,25.95,23.6,24.7,61.0,453,103.67,True,RKLB260821C00090000
RKLB,102.38999938964844,2026-08-21,CALL,95.0,22.66,21.1,22.95,14.0,403,105.9,True,RKLB260821C00095000
RKLB,102.38999938964844,2026-08-21,CALL,100.0,19.25,18.25,19.9,200.0,676,101.83,True,RKLB260821C00100000
RKLB,102.38999938964844,2026-08-21,CALL,105.0,17.2,17.1,17.85,238.0,289,104.41,False,RKLB260821C00105000
RKLB,102.38999938964844,2026-08-21,CALL,110.0,15.07,14.7,15.9,428.0,413,102.55,False,RKLB260821C00110000
RKLB,102.38999938964844,2026-08-21,CALL,115.0,14.0,13.2,13.85,169.0,451,101.92,False,RKLB260821C00115000
RKLB,102.38999938964844,2026-08-21,CALL,120.0,12.11,12.0,12.55,370.0,941,103.26,False,RKLB260821C00120000
RKLB,102.38999938964844,2026-08-21,CALL,125.0,10.86,10.6,11.35,1219.0,798,103.46,False,RKLB260821C00125000
RKLB,102.38999938964844,2026-08-21,CALL,130.0,9.7,9.65,10.2,1254.0,715,104.3,False,RKLB260821C00130000
RKLB,102.38999938964844,2026-08-21,CALL,135.0,9.4,8.2,9.2,157.0,597,103.37,False,RKLB260821C00135000
RKLB,102.38999938964844,2026-08-21,CALL,140.0,7.64,7.2,8.15,630.0,1099,102.91,False,RKLB260821C00140000
RKLB,102.38999938964844,2026-08-21,CALL,145.0,6.85,6.75,7.35,581.0,1625,104.32,False,RKLB260821C00145000
RKLB,102.38999938964844,2026-08-21,CALL,150.0,6.17,6.0,6.45,437.0,2003,103.89,False,RKLB260821C00150000
RKLB,102.38999938964844,2026-08-21,CALL,155.0,5.75,5.15,6.85,81.0,307,107.04,False,RKLB260821C00155000
RKLB,102.38999938964844,2026-08-21,CALL,160.0,5.15,4.6,5.7,100.0,597,105.38,False,RKLB260821C00160000
RKLB,102.38999938964844,2026-08-21,CALL,165.0,4.46,4.4,5.75,36.0,281,108.96,False,RKLB260821C00165000
RKLB,102.38999938964844,2026-08-21,CALL,170.0,4.2,3.9,5.1,164.0,884,108.45,False,RKLB260821C00170000
RKLB,102.38999938964844,2026-08-21,CALL,175.0,3.72,3.6,4.3,331.0,3422,107.64,False,RKLB260821C00175000
RKLB,102.38999938964844,2026-08-21,CALL,180.0,3.45,2.86,3.65,70.0,425,105.01,False,RKLB260821C00180000
RKLB,102.38999938964844,2026-08-21,CALL,185.0,3.1,3.0,3.8,10.0,964,109.62,False,RKLB260821C00185000
RKLB,102.38999938964844,2026-08-21,CALL,190.0,4.65,2.55,3.25,2.0,288,107.98,False,RKLB260821C00190000
RKLB,102.38999938964844,2026-08-21,CALL,195.0,3.21,2.24,3.2,25.0,812,109.13,False,RKLB260821C00195000
RKLB,102.38999938964844,2026-08-21,CALL,200.0,2.36,1.92,2.81,119.0,349,108.15,False,RKLB260821C00200000
RKLB,102.38999938964844,2026-08-21,CALL,210.0,2.0,1.6,2.1,71.0,307,107.25,False,RKLB260821C00210000
RKLB,102.38999938964844,2026-08-21,PUT,40.0,0.51,0.1,0.5,16.0,512,110.55,False,RKLB260821P00040000
RKLB,102.38999938964844,2026-08-21,PUT,45.0,0.49,0.25,0.58,28.0,164,103.42,False,RKLB260821P00045000
RKLB,102.38999938964844,2026-08-21,PUT,50.0,0.68,0.55,0.87,94.0,304,101.66,False,RKLB260821P00050000
RKLB,102.38999938964844,2026-08-21,PUT,55.0,1.3,1.06,1.52,60.0,94,103.2,False,RKLB260821P00055000
RKLB,102.38999938964844,2026-08-21,PUT,60.0,2.02,1.59,2.16,27.0,534,100.93,False,RKLB260821P00060000
RKLB,102.38999938964844,2026-08-21,PUT,65.0,2.84,2.6,3.1,50.0,182,101.51,False,RKLB260821P00065000
RKLB,102.38999938964844,2026-08-21,PUT,70.0,3.83,3.15,4.3,25.0,497,98.36,False,RKLB260821P00070000
RKLB,102.38999938964844,2026-08-21,PUT,75.0,5.18,4.75,5.85,29.0,534,99.91,False,RKLB260821P00075000
RKLB,102.38999938964844,2026-08-21,PUT,80.0,6.8,6.7,7.15,136.0,889,99.41,False,RKLB260821P00080000
RKLB,102.38999938964844,2026-08-21,PUT,85.0,9.06,8.6,9.45,130.0,572,100.44,False,RKLB260821P00085000
RKLB,102.38999938964844,2026-08-21,PUT,90.0,11.22,10.75,11.95,1102.0,944,101.07,False,RKLB260821P00090000
RKLB,102.38999938964844,2026-08-21,PUT,95.0,13.33,13.1,13.95,57.0,663,99.21,False,RKLB260821P00095000
RKLB,102.38999938964844,2026-08-21,PUT,100.0,16.25,15.75,16.55,194.0,6993,98.73,False,RKLB260821P00100000
RKLB,102.38999938964844,2026-08-21,PUT,105.0,19.12,18.7,19.55,231.0,441,98.97,True,RKLB260821P00105000
RKLB,102.38999938964844,2026-08-21,PUT,110.0,21.57,21.85,22.95,94.0,1332,99.71,True,RKLB260821P00110000
RKLB,102.38999938964844,2026-08-21,PUT,115.0,25.52,25.15,25.85,35.0,1762,98.38,True,RKLB260821P00115000
RKLB,102.38999938964844,2026-08-21,PUT,120.0,28.27,28.65,29.45,54.0,389,98.56,True,RKLB260821P00120000
RKLB,102.38999938964844,2026-08-21,PUT,125.0,31.83,32.35,33.15,14.0,503,98.68,True,RKLB260821P00125000
RKLB,102.38999938964844,2026-08-21,PUT,130.0,34.0,34.7,37.05,1.0,309,94.51,True,RKLB260821P00130000
RKLB,102.38999938964844,2026-08-21,PUT,135.0,39.22,39.0,41.2,2.0,362,96.01,True,RKLB260821P00135000
RKLB,102.38999938964844,2026-08-21,PUT,140.0,42.98,43.6,45.05,3.0,224,96.85,True,RKLB260821P00140000
RKLB,102.38999938964844,2026-08-21,PUT,145.0,40.0,46.75,49.3,1.0,212,93.48,True,RKLB260821P00145000
RKLB,102.38999938964844,2026-08-21,PUT,150.0,50.3,51.05,53.85,1.0,144,94.26,True,RKLB260821P00150000
RKLB,102.38999938964844,2026-08-21,PUT,155.0,32.36,55.55,58.0,,13,93.71,True,RKLB260821P00155000
RKLB,102.38999938964844,2026-08-21,PUT,160.0,64.15,60.05,62.7,4.0,110,94.74,True,RKLB260821P00160000
RKLB,102.38999938964844,2026-08-21,PUT,165.0,53.49,64.55,67.2,1.0,2,94.46,True,RKLB260821P00165000
RKLB,102.38999938964844,2026-08-21,PUT,170.0,42.95,69.15,71.6,,37,93.57,True,RKLB260821P00170000
RKLB,102.38999938964844,2026-08-21,PUT,175.0,48.55,73.8,76.3,1.0,2,93.81,True,RKLB260821P00175000
RKLB,102.38999938964844,2026-08-21,PUT,180.0,64.0,78.45,80.9,9.0,12,93.04,True,RKLB260821P00180000
RKLB,102.38999938964844,2026-08-21,PUT,190.0,70.86,87.85,90.25,,29,91.24,True,RKLB260821P00190000
RKLB,102.38999938964844,2026-08-21,PUT,195.0,68.0,92.6,95.55,40.0,40,94.34,True,RKLB260821P00195000
RKLB,102.38999938964844,2026-09-18,CALL,40.0,64.95,62.3,65.05,1.0,8,124.46,True,RKLB260918C00040000
RKLB,102.38999938964844,2026-09-18,CALL,45.0,73.75,57.7,60.5,1.0,11,118.85,True,RKLB260918C00045000
RKLB,102.38999938964844,2026-09-18,CALL,50.0,54.2,53.35,56.1,2.0,8,115.38,True,RKLB260918C00050000
RKLB,102.38999938964844,2026-09-18,CALL,55.0,63.0,49.15,51.85,1.0,0,112.35,True,RKLB260918C00055000
RKLB,102.38999938964844,2026-09-18,CALL,60.0,51.0,45.0,47.45,2.0,39,107.51,True,RKLB260918C00060000
RKLB,102.38999938964844,2026-09-18,CALL,65.0,42.5,41.2,43.45,39.0,880,105.27,True,RKLB260918C00065000
RKLB,102.38999938964844,2026-09-18,CALL,70.0,42.23,37.7,40.5,22.0,17,106.91,True,RKLB260918C00070000
RKLB,102.38999938964844,2026-09-18,CALL,75.0,37.35,34.6,37.2,2.0,23,106.75,True,RKLB260918C00075000
RKLB,102.38999938964844,2026-09-18,CALL,80.0,34.6,31.65,34.15,13.0,152,106.43,True,RKLB260918C00080000
RKLB,102.38999938964844,2026-09-18,CALL,85.0,31.5,28.8,31.25,40.0,254,105.62,True,RKLB260918C00085000
RKLB,102.38999938964844,2026-09-18,CALL,90.0,29.23,26.25,28.6,31.0,299,105.23,True,RKLB260918C00090000
RKLB,102.38999938964844,2026-09-18,CALL,95.0,27.85,23.85,26.15,8.0,67,104.74,True,RKLB260918C00095000
RKLB,102.38999938964844,2026-09-18,CALL,100.0,22.2,22.0,22.6,172.0,323,101.96,True,RKLB260918C00100000
RKLB,102.38999938964844,2026-09-18,CALL,105.0,20.06,19.4,20.6,111.0,141,100.39,False,RKLB260918C00105000
RKLB,102.38999938964844,2026-09-18,CALL,110.0,18.6,17.95,18.65,169.0,457,100.92,False,RKLB260918C00110000
RKLB,102.38999938964844,2026-09-18,CALL,115.0,16.52,16.15,17.1,83.0,308,100.78,False,RKLB260918C00115000
RKLB,102.38999938964844,2026-09-18,CALL,120.0,15.2,14.65,15.2,194.0,1125,99.84,False,RKLB260918C00120000
RKLB,102.38999938964844,2026-09-18,CALL,125.0,14.15,13.35,13.95,32.0,367,100.26,False,RKLB260918C00125000
RKLB,102.38999938964844,2026-09-18,CALL,130.0,12.5,12.05,13.0,199.0,571,100.81,False,RKLB260918C00130000
RKLB,102.38999938964844,2026-09-18,CALL,135.0,11.31,10.95,12.05,11.0,312,101.31,False,RKLB260918C00135000
RKLB,102.38999938964844,2026-09-18,CALL,140.0,10.31,10.05,10.9,51.0,633,101.31,False,RKLB260918C00140000
RKLB,102.38999938964844,2026-09-18,CALL,145.0,9.9,9.05,10.0,23.0,479,101.21,False,RKLB260918C00145000
RKLB,102.38999938964844,2026-09-18,CALL,150.0,8.7,8.6,9.2,428.0,2041,102.36,False,RKLB260918C00150000
RKLB,102.38999938964844,2026-09-18,CALL,155.0,8.8,7.6,8.7,68.0,551,102.49,False,RKLB260918C00155000
RKLB,102.38999938964844,2026-09-18,CALL,160.0,7.57,7.25,7.55,71.0,557,102.24,False,RKLB260918C00160000
RKLB,102.38999938964844,2026-09-18,CALL,165.0,7.48,6.35,7.4,7.0,126,102.91,False,RKLB260918C00165000
RKLB,102.38999938964844,2026-09-18,CALL,170.0,7.4,5.7,7.15,27.0,198,103.71,False,RKLB260918C00170000
RKLB,102.38999938964844,2026-09-18,CALL,175.0,6.1,5.3,6.95,11.0,421,105.16,False,RKLB260918C00175000
RKLB,102.38999938964844,2026-09-18,CALL,180.0,6.25,4.85,6.5,30.0,593,105.48,False,RKLB260918C00180000
RKLB,102.38999938964844,2026-09-18,CALL,185.0,6.0,4.5,5.25,2.0,1045,103.21,False,RKLB260918C00185000
RKLB,102.38999938964844,2026-09-18,CALL,190.0,5.8,4.2,4.9,32.0,216,103.77,False,RKLB260918C00190000
RKLB,102.38999938964844,2026-09-18,CALL,195.0,4.7,4.1,5.45,8.0,229,108.01,False,RKLB260918C00195000
RKLB,102.38999938964844,2026-09-18,CALL,200.0,4.0,3.8,4.1,55.0,626,104.63,False,RKLB260918C00200000
RKLB,102.38999938964844,2026-09-18,CALL,210.0,3.48,3.2,4.05,166.0,899,106.89,False,RKLB260918C00210000
RKLB,102.38999938964844,2026-09-18,PUT,40.0,0.58,0.36,0.8,4.0,518,105.03,False,RKLB260918P00040000
RKLB,102.38999938964844,2026-09-18,PUT,45.0,0.98,0.46,1.41,2.0,147,102.83,False,RKLB260918P00045000
RKLB,102.38999938964844,2026-09-18,PUT,50.0,1.41,1.16,2.0,3.0,101,103.56,False,RKLB260918P00050000
RKLB,102.38999938964844,2026-09-18,PUT,55.0,2.09,1.8,2.48,1.0,62,100.05,False,RKLB260918P00055000
RKLB,102.38999938964844,2026-09-18,PUT,60.0,3.0,2.37,3.5,41.0,137,98.0,False,RKLB260918P00060000
RKLB,102.38999938964844,2026-09-18,PUT,65.0,4.71,3.6,4.6,3.0,397,97.84,False,RKLB260918P00065000
RKLB,102.38999938964844,2026-09-18,PUT,70.0,5.6,5.3,6.0,23.0,166,98.82,False,RKLB260918P00070000
RKLB,102.38999938964844,2026-09-18,PUT,75.0,6.83,6.4,7.7,8.0,586,96.83,False,RKLB260918P00075000
RKLB,102.38999938964844,2026-09-18,PUT,80.0,8.9,8.4,9.5,48.0,328,96.81,False,RKLB260918P00080000
RKLB,102.38999938964844,2026-09-18,PUT,85.0,10.7,10.85,11.55,170.0,1178,97.42,False,RKLB260918P00085000
RKLB,102.38999938964844,2026-09-18,PUT,90.0,12.93,13.15,13.95,47.0,1716,97.25,False,RKLB260918P00090000
RKLB,102.38999938964844,2026-09-18,PUT,95.0,15.33,15.7,16.4,63.0,127,96.75,False,RKLB260918P00095000
RKLB,102.38999938964844,2026-09-18,PUT,100.0,18.5,18.4,19.2,98.0,563,96.48,False,RKLB260918P00100000
RKLB,102.38999938964844,2026-09-18,PUT,105.0,21.67,21.4,22.2,234.0,57,96.5,True,RKLB260918P00105000
RKLB,102.38999938964844,2026-09-18,PUT,110.0,24.76,24.5,25.2,58.0,210,95.89,True,RKLB260918P00110000
RKLB,102.38999938964844,2026-09-18,PUT,115.0,23.95,27.7,28.7,7.0,165,95.91,True,RKLB260918P00115000
RKLB,102.38999938964844,2026-09-18,PUT,120.0,30.3,31.3,32.0,12.0,379,95.67,True,RKLB260918P00120000
RKLB,102.38999938964844,2026-09-18,PUT,125.0,34.19,34.95,35.65,2.0,187,95.69,True,RKLB260918P00125000
RKLB,102.38999938964844,2026-09-18,PUT,130.0,37.0,38.7,39.25,2.0,307,95.21,True,RKLB260918P00130000
RKLB,102.38999938964844,2026-09-18,PUT,135.0,41.2,41.1,43.25,1.0,70,91.75,True,RKLB260918P00135000
RKLB,102.38999938964844,2026-09-18,PUT,140.0,40.8,45.1,47.3,34.0,1051,91.76,True,RKLB260918P00140000
RKLB,102.38999938964844,2026-09-18,PUT,145.0,48.67,50.2,51.4,125.0,164,94.3,True,RKLB260918P00145000
RKLB,102.38999938964844,2026-09-18,PUT,150.0,48.6,53.2,55.6,15.0,91,91.02,True,RKLB260918P00150000
RKLB,102.38999938964844,2026-09-18,PUT,155.0,54.15,57.55,59.95,5.0,7,91.31,True,RKLB260918P00155000
RKLB,102.38999938964844,2026-09-18,PUT,160.0,54.65,62.75,64.6,,1,94.62,True,RKLB260918P00160000
RKLB,102.38999938964844,2026-09-18,PUT,170.0,55.8,70.8,73.45,,1,91.78,True,RKLB260918P00170000
RKLB,102.38999938964844,2026-09-18,PUT,175.0,51.34,75.35,77.95,75.0,74,91.65,True,RKLB260918P00175000
RKLB,102.38999938964844,2026-09-18,PUT,185.0,65.53,84.5,87.0,1.0,11,90.64,True,RKLB260918P00185000
RKLB,102.38999938964844,2026-09-18,PUT,195.0,91.45,93.8,96.3,1.0,40,89.77,True,RKLB260918P00195000
RKLB,102.38999938964844,2026-10-16,CALL,35.0,107.25,66.8,70.15,1.0,29,119.04,True,RKLB261016C00035000
RKLB,102.38999938964844,2026-10-16,CALL,40.0,99.76,62.65,65.7,2.0,180,119.14,True,RKLB261016C00040000
RKLB,102.38999938964844,2026-10-16,CALL,45.0,65.1,58.35,61.25,1.0,58,115.23,True,RKLB261016C00045000
RKLB,102.38999938964844,2026-10-16,CALL,50.0,55.79,54.1,57.1,8.0,408,112.26,True,RKLB261016C00050000
RKLB,102.38999938964844,2026-10-16,CALL,55.0,56.25,50.05,52.95,1.0,116,109.07,True,RKLB261016C00055000
RKLB,102.38999938964844,2026-10-16,CALL,60.0,47.7,45.95,49.15,2.0,1283,106.18,True,RKLB261016C00060000
RKLB,102.38999938964844,2026-10-16,CALL,65.0,46.83,42.7,45.65,3.0,374,106.49,True,RKLB261016C00065000
RKLB,102.38999938964844,2026-10-16,CALL,70.0,43.41,39.4,42.3,1.0,937,105.64,True,RKLB261016C00070000
RKLB,102.38999938964844,2026-10-16,CALL,75.0,38.28,36.45,39.15,12.0,350,105.27,True,RKLB261016C00075000
RKLB,102.38999938964844,2026-10-16,CALL,80.0,38.9,33.65,36.2,6.0,486,104.76,True,RKLB261016C00080000
RKLB,102.38999938964844,2026-10-16,CALL,85.0,33.66,30.95,33.4,22.0,712,103.94,True,RKLB261016C00085000
RKLB,102.38999938964844,2026-10-16,CALL,90.0,29.0,28.6,31.05,38.0,722,104.2,True,RKLB261016C00090000
RKLB,102.38999938964844,2026-10-16,CALL,95.0,25.95,26.0,28.75,11.0,512,103.16,True,RKLB261016C00095000
RKLB,102.38999938964844,2026-10-16,CALL,100.0,24.75,24.2,25.6,73.0,2672,101.33,True,RKLB261016C00100000
RKLB,102.38999938964844,2026-10-16,CALL,105.0,22.76,22.2,23.9,74.0,720,101.6,False,RKLB261016C00105000
RKLB,102.38999938964844,2026-10-16,CALL,110.0,21.2,20.4,22.15,153.0,1463,101.54,False,RKLB261016C00110000
RKLB,102.38999938964844,2026-10-16,CALL,115.0,19.82,18.85,20.9,87.0,950,102.47,False,RKLB261016C00115000
RKLB,102.38999938964844,2026-10-16,CALL,120.0,19.0,17.3,18.25,146.0,513,99.93,False,RKLB261016C00120000
RKLB,102.38999938964844,2026-10-16,CALL,125.0,16.47,15.95,16.95,23.0,665,100.13,False,RKLB261016C00125000
RKLB,102.38999938964844,2026-10-16,CALL,130.0,15.52,14.3,15.25,53.0,278,98.4,False,RKLB261016C00130000
RKLB,102.38999938964844,2026-10-16,CALL,135.0,14.7,13.6,15.05,19.0,956,101.39,False,RKLB261016C00135000
RKLB,102.38999938964844,2026-10-16,CALL,140.0,13.0,12.55,13.4,58.0,323,100.19,False,RKLB261016C00140000
RKLB,102.38999938964844,2026-10-16,CALL,145.0,11.8,11.45,13.3,81.0,291,101.84,False,RKLB261016C00145000
RKLB,102.38999938964844,2026-10-16,CALL,150.0,11.0,10.5,12.2,94.0,496,101.33,False,RKLB261016C00150000
RKLB,102.38999938964844,2026-10-16,CALL,155.0,10.1,10.05,10.75,13.0,242,100.81,False,RKLB261016C00155000
RKLB,102.38999938964844,2026-10-16,CALL,160.0,10.0,9.2,10.65,5.0,167,102.15,False,RKLB261016C00160000
RKLB,102.38999938964844,2026-10-16,CALL,165.0,10.72,8.55,9.3,10.0,113,100.78,False,RKLB261016C00165000
RKLB,102.38999938964844,2026-10-16,CALL,170.0,8.5,8.0,8.65,10.0,173,101.03,False,RKLB261016C00170000
RKLB,102.38999938964844,2026-10-16,CALL,175.0,10.7,7.3,9.0,1.0,137,103.14,False,RKLB261016C00175000
RKLB,102.38999938964844,2026-10-16,CALL,180.0,9.35,6.8,7.5,5.0,88,100.91,False,RKLB261016C00180000
RKLB,102.38999938964844,2026-10-16,CALL,185.0,6.74,6.45,7.65,33.0,594,103.07,False,RKLB261016C00185000
RKLB,102.38999938964844,2026-10-16,CALL,190.0,7.25,5.85,7.35,5.0,150,103.25,False,RKLB261016C00190000
RKLB,102.38999938964844,2026-10-16,CALL,195.0,6.0,5.65,6.3,103.0,515,102.26,False,RKLB261016C00195000
RKLB,102.38999938964844,2026-10-16,CALL,200.0,5.62,5.1,6.25,23.0,178,102.88,False,RKLB261016C00200000
RKLB,102.38999938964844,2026-10-16,CALL,210.0,5.0,4.4,5.95,24.0,488,104.32,False,RKLB261016C00210000
RKLB,102.38999938964844,2026-10-16,PUT,35.0,0.41,0.22,0.98,1.0,346,105.32,False,RKLB261016P00035000
RKLB,102.38999938964844,2026-10-16,PUT,40.0,0.97,0.5,1.58,3.0,339,104.59,False,RKLB261016P00040000
RKLB,102.38999938964844,2026-10-16,PUT,45.0,1.4,1.2,1.89,10.0,626,102.12,False,RKLB261016P00045000
RKLB,102.38999938964844,2026-10-16,PUT,50.0,2.12,1.49,2.3,11.0,2046,95.9,False,RKLB261016P00050000
RKLB,102.38999938964844,2026-10-16,PUT,55.0,3.0,2.66,3.55,4.0,5055,99.05,False,RKLB261016P00055000
RKLB,102.38999938964844,2026-10-16,PUT,60.0,4.17,3.45,4.7,3.0,989,96.96,False,RKLB261016P00060000
RKLB,102.38999938964844,2026-10-16,PUT,65.0,5.53,5.0,6.2,6.0,1471,97.88,False,RKLB261016P00065000
RKLB,102.38999938964844,2026-10-16,PUT,70.0,7.1,6.7,7.65,13.0,1036,97.35,False,RKLB261016P00070000
RKLB,102.38999938964844,2026-10-16,PUT,75.0,8.56,8.2,10.25,4.0,244,98.38,False,RKLB261016P00075000
RKLB,102.38999938964844,2026-10-16,PUT,80.0,10.92,10.65,11.2,50.0,425,96.13,False,RKLB261016P00080000
RKLB,102.38999938964844,2026-10-16,PUT,85.0,12.95,12.85,13.5,25.0,491,95.87,False,RKLB261016P00085000
RKLB,102.38999938964844,2026-10-16,PUT,90.0,15.35,15.3,16.0,25.0,321,95.73,False,RKLB261016P00090000
RKLB,102.38999938964844,2026-10-16,PUT,95.0,18.07,17.9,18.75,9.0,1106,95.62,False,RKLB261016P00095000
RKLB,102.38999938964844,2026-10-16,PUT,100.0,21.15,20.75,21.5,54.0,372,95.25,False,RKLB261016P00100000
RKLB,102.38999938964844,2026-10-16,PUT,105.0,22.95,23.75,24.6,29.0,1720,95.24,True,RKLB261016P00105000
RKLB,102.38999938964844,2026-10-16,PUT,110.0,26.68,26.85,27.7,34.0,466,94.75,True,RKLB261016P00110000
RKLB,102.38999938964844,2026-10-16,PUT,115.0,29.24,30.15,31.1,8.0,141,94.7,True,RKLB261016P00115000
RKLB,102.38999938964844,2026-10-16,PUT,120.0,33.13,33.6,34.55,5.0,268,94.48,True,RKLB261016P00120000
RKLB,102.38999938964844,2026-10-16,PUT,125.0,36.85,37.0,38.0,246.0,338,93.63,True,RKLB261016P00125000
RKLB,102.38999938964844,2026-10-16,PUT,130.0,38.68,39.45,41.85,1.0,94,91.1,True,RKLB261016P00130000
RKLB,102.38999938964844,2026-10-16,PUT,135.0,43.19,43.3,45.7,1.0,574,91.04,True,RKLB261016P00135000
RKLB,102.38999938964844,2026-10-16,PUT,140.0,44.92,46.95,49.5,2.0,114,89.98,True,RKLB261016P00140000
RKLB,102.38999938964844,2026-10-16,PUT,145.0,46.75,51.2,53.65,3.0,142,90.58,True,RKLB261016P00145000
RKLB,102.38999938964844,2026-10-16,PUT,150.0,48.0,55.3,57.75,1.0,120,90.37,True,RKLB261016P00150000
RKLB,102.38999938964844,2026-10-16,PUT,155.0,54.85,59.35,61.95,67.0,135,89.89,True,RKLB261016P00155000
RKLB,102.38999938964844,2026-10-16,PUT,160.0,42.4,63.65,66.25,28.0,62,89.9,True,RKLB261016P00160000
RKLB,102.38999938964844,2026-10-16,PUT,165.0,62.65,67.95,70.4,120.0,140,89.2,True,RKLB261016P00165000
RKLB,102.38999938964844,2026-10-16,PUT,170.0,66.5,72.3,75.65,4.0,29,91.17,True,RKLB261016P00170000
RKLB,102.38999938964844,2026-10-16,PUT,175.0,52.7,76.75,79.25,6.0,151,88.76,True,RKLB261016P00175000
RKLB,102.38999938964844,2026-10-16,PUT,180.0,56.3,81.35,83.8,2.0,3,89.03,True,RKLB261016P00180000
RKLB,102.38999938964844,2026-10-16,PUT,185.0,59.95,85.85,88.35,2.0,45,88.75,True,RKLB261016P00185000
RKLB,102.38999938964844,2026-10-16,PUT,195.0,70.45,95.0,97.55,,15,88.2,True,RKLB261016P00195000
RKLB,102.38999938964844,2026-12-18,CALL,0.5,101.0,100.65,103.65,2.0,273,500.0,True,RKLB261218C00000500
RKLB,102.38999938964844,2026-12-18,CALL,1.0,69.97,81.65,85.65,2.0,14,0.0,True,RKLB261218C00001000
RKLB,102.38999938964844,2026-12-18,CALL,1.5,74.75,0.0,0.0,2.0,0,0.0,True,RKLB261218C00001500
RKLB,102.38999938964844,2026-12-18,CALL,2.0,68.55,80.65,84.65,1.0,35,0.0,True,RKLB261218C00002000
RKLB,102.38999938964844,2026-12-18,CALL,2.5,70.25,0.0,0.0,4.0,0,0.0,True,RKLB261218C00002500
RKLB,102.38999938964844,2026-12-18,CALL,3.0,81.0,108.55,111.65,6.0,731,0.0,True,RKLB261218C00003000
RKLB,102.38999938964844,2026-12-18,CALL,3.5,109.99,96.8,100.95,1.0,76,443.75,True,RKLB261218C00003500
RKLB,102.38999938964844,2026-12-18,CALL,4.0,111.0,97.2,100.2,1.0,170,240.23,True,RKLB261218C00004000
RKLB,102.38999938964844,2026-12-18,CALL,4.5,93.35,107.05,110.0,3.0,370,0.0,True,RKLB261218C00004500
RKLB,102.38999938964844,2026-12-18,CALL,5.0,102.58,96.0,99.2,3.0,535,206.25,True,RKLB261218C00005000
RKLB,102.38999938964844,2026-12-18,CALL,5.5,117.0,94.85,98.6,1.0,228,320.7,True,RKLB261218C00005500
RKLB,102.38999938964844,2026-12-18,CALL,7.0,100.5,94.45,97.25,98.0,1369,207.03,True,RKLB261218C00007000
RKLB,102.38999938964844,2026-12-18,CALL,10.0,94.4,91.35,94.35,1.0,1397,176.56,True,RKLB261218C00010000
RKLB,102.38999938964844,2026-12-18,CALL,12.0,94.72,89.9,91.65,3.0,1667,156.64,True,RKLB261218C00012000
RKLB,102.38999938964844,2026-12-18,CALL,15.0,99.0,86.6,89.55,10.0,535,155.47,True,RKLB261218C00015000
RKLB,102.38999938964844,2026-12-18,CALL,17.0,102.9,84.7,87.6,1.0,240,148.14,True,RKLB261218C00017000
RKLB,102.38999938964844,2026-12-18,CALL,20.0,81.0,81.95,84.75,6.0,545,141.31,True,RKLB261218C00020000
RKLB,102.38999938964844,2026-12-18,CALL,22.0,108.73,79.9,82.9,11.0,201,134.57,True,RKLB261218C00022000
RKLB,102.38999938964844,2026-12-18,CALL,25.0,88.95,77.1,80.1,2.0,1846,128.76,True,RKLB261218C00025000
RKLB,102.38999938964844,2026-12-18,CALL,27.0,80.37,75.25,78.25,1.0,206,125.34,True,RKLB261218C00027000
RKLB,102.38999938964844,2026-12-18,CALL,30.0,76.45,72.85,75.55,2.0,1592,124.46,True,RKLB261218C00030000
RKLB,102.38999938964844,2026-12-18,CALL,32.0,77.0,70.75,73.65,1.0,266,118.36,True,RKLB261218C00032000
RKLB,102.38999938964844,2026-12-18,CALL,35.0,75.02,68.45,71.15,1.0,1013,118.87,True,RKLB261218C00035000
RKLB,102.38999938964844,2026-12-18,CALL,37.0,92.11,66.65,69.4,1.0,557,116.28,True,RKLB261218C00037000
RKLB,102.38999938964844,2026-12-18,CALL,40.0,67.1,63.85,67.0,1.0,2899,113.11,True,RKLB261218C00040000
RKLB,102.38999938964844,2026-12-18,CALL,42.0,68.16,62.6,65.35,1.0,284,113.92,True,RKLB261218C00042000
RKLB,102.38999938964844,2026-12-18,CALL,45.0,64.7,59.95,62.95,1.0,718,110.99,True,RKLB261218C00045000
RKLB,102.38999938964844,2026-12-18,CALL,47.0,76.1,58.75,61.2,15.0,738,110.8,True,RKLB261218C00047000
RKLB,102.38999938964844,2026-12-18,CALL,50.0,57.73,56.35,59.1,3.0,851,109.73,True,RKLB261218C00050000
RKLB,102.38999938964844,2026-12-18,CALL,55.0,54.65,52.8,55.45,4.0,1968,108.15,True,RKLB261218C00055000
RKLB,102.38999938964844,2026-12-18,CALL,60.0,56.02,49.0,52.05,1.0,1015,105.65,True,RKLB261218C00060000
RKLB,102.38999938964844,2026-12-18,CALL,65.0,45.53,46.25,48.85,1.0,1185,105.96,True,RKLB261218C00065000
RKLB,102.38999938964844,2026-12-18,CALL,70.0,48.06,43.35,45.85,8.0,1221,105.35,True,RKLB261218C00070000
RKLB,102.38999938964844,2026-12-18,CALL,75.0,43.46,40.6,43.05,4.0,931,104.78,True,RKLB261218C00075000
RKLB,102.38999938964844,2026-12-18,CALL,80.0,40.05,38.0,40.45,27.0,2514,104.28,True,RKLB261218C00080000
RKLB,102.38999938964844,2026-12-18,CALL,85.0,35.5,34.95,38.0,10.0,501,102.53,True,RKLB261218C00085000
RKLB,102.38999938964844,2026-12-18,CALL,90.0,36.04,33.2,35.7,10.0,1047,103.19,True,RKLB261218C00090000
RKLB,102.38999938964844,2026-12-18,CALL,95.0,35.56,30.4,33.6,7.0,761,101.62,True,RKLB261218C00095000
RKLB,102.38999938964844,2026-12-18,CALL,100.0,29.91,28.7,31.25,88.0,2375,101.2,True,RKLB261218C00100000
RKLB,102.38999938964844,2026-12-18,CALL,105.0,28.5,27.25,29.0,52.0,765,100.98,False,RKLB261218C00105000
RKLB,102.38999938964844,2026-12-18,CALL,110.0,26.0,25.55,27.15,148.0,1515,100.6,False,RKLB261218C00110000
RKLB,102.38999938964844,2026-12-18,CALL,115.0,25.57,24.0,26.35,54.0,969,101.93,False,RKLB261218C00115000
RKLB,102.38999938964844,2026-12-18,CALL,120.0,23.23,22.55,23.85,112.0,2352,100.12,False,RKLB261218C00120000
RKLB,102.38999938964844,2026-12-18,CALL,125.0,22.32,21.15,23.5,61.0,1597,101.76,False,RKLB261218C00125000
RKLB,102.38999938964844,2026-12-18,CALL,130.0,20.2,19.85,21.95,123.0,990,101.22,False,RKLB261218C00130000
RKLB,102.38999938964844,2026-12-18,CALL,135.0,20.2,18.75,20.4,62.0,583,100.73,False,RKLB261218C00135000
RKLB,102.38999938964844,2026-12-18,CALL,140.0,19.65,17.65,18.75,75.0,813,99.81,False,RKLB261218C00140000
RKLB,102.38999938964844,2026-12-18,CALL,145.0,17.95,16.55,18.9,271.0,5098,101.72,False,RKLB261218C00145000
RKLB,102.38999938964844,2026-12-18,CALL,150.0,16.57,15.75,17.5,86.0,1351,101.26,False,RKLB261218C00150000
RKLB,102.38999938964844,2026-12-18,CALL,155.0,16.2,14.75,16.8,15.0,117,101.45,False,RKLB261218C00155000
RKLB,102.38999938964844,2026-12-18,CALL,160.0,15.52,13.85,16.15,31.0,351,101.72,False,RKLB261218C00160000
RKLB,102.38999938964844,2026-12-18,CALL,165.0,15.5,13.15,15.15,16.0,216,101.53,False,RKLB261218C00165000
RKLB,102.38999938964844,2026-12-18,CALL,170.0,14.84,12.55,14.4,2.0,198,101.79,False,RKLB261218C00170000
RKLB,102.38999938964844,2026-12-18,CALL,175.0,14.49,11.9,13.7,4.0,228,101.89,False,RKLB261218C00175000
RKLB,102.38999938964844,2026-12-18,CALL,180.0,12.25,11.15,12.95,41.0,338,101.56,False,RKLB261218C00180000
RKLB,102.38999938964844,2026-12-18,CALL,185.0,10.99,10.8,11.5,381.0,2039,100.5,False,RKLB261218C00185000
RKLB,102.38999938964844,2026-12-18,CALL,190.0,12.2,10.2,11.95,12.0,268,102.42,False,RKLB261218C00190000
RKLB,102.38999938964844,2026-12-18,CALL,195.0,10.65,9.6,11.4,13.0,921,102.33,False,RKLB261218C00195000
RKLB,102.38999938964844,2026-12-18,CALL,200.0,9.55,9.05,10.7,69.0,294,101.9,False,RKLB261218C00200000
RKLB,102.38999938964844,2026-12-18,CALL,210.0,9.1,8.0,9.8,75.0,1241,101.79,False,RKLB261218C00210000
RKLB,102.38999938964844,2026-12-18,PUT,0.5,0.01,0.0,0.03,1.0,104,287.5,False,RKLB261218P00000500
RKLB,102.38999938964844,2026-12-18,PUT,1.0,0.08,0.0,0.1,10.0,8,279.69,False,RKLB261218P00001000
RKLB,102.38999938964844,2026-12-18,PUT,1.5,0.04,0.0,2.13,5.0,6,534.77,False,RKLB261218P00001500
RKLB,102.38999938964844,2026-12-18,PUT,2.0,0.03,0.0,2.14,1.0,2,448.44,False,RKLB261218P00002000
RKLB,102.38999938964844,2026-12-18,PUT,2.5,0.03,0.0,0.15,2.0,49,225.0,False,RKLB261218P00002500
RKLB,102.38999938964844,2026-12-18,PUT,3.0,0.02,0.0,0.25,10.0,304,228.52,False,RKLB261218P00003000
RKLB,102.38999938964844,2026-12-18,PUT,3.5,0.04,0.0,0.1,1.0,20,191.41,False,RKLB261218P00003500
RKLB,102.38999938964844,2026-12-18,PUT,4.0,0.04,0.0,0.1,15.0,591,182.81,False,RKLB261218P00004000
RKLB,102.38999938964844,2026-12-18,PUT,4.5,0.01,0.0,0.03,1.0,797,153.13,False,RKLB261218P00004500
RKLB,102.38999938964844,2026-12-18,PUT,5.0,0.02,0.0,0.47,128.0,2197,210.16,False,RKLB261218P00005000
RKLB,102.38999938964844,2026-12-18,PUT,5.5,0.06,0.0,0.0,6.0,0,50.0,False,RKLB261218P00005500
RKLB,102.38999938964844,2026-12-18,PUT,7.0,0.05,0.0,0.1,2.0,4804,148.44,False,RKLB261218P00007000
RKLB,102.38999938964844,2026-12-18,PUT,10.0,0.07,0.01,0.08,11.0,1038,126.56,False,RKLB261218P00010000
RKLB,102.38999938964844,2026-12-18,PUT,12.0,0.27,0.0,2.19,24.0,176,193.46,False,RKLB261218P00012000
RKLB,102.38999938964844,2026-12-18,PUT,15.0,0.13,0.07,0.5,8.0,312,133.01,False,RKLB261218P00015000
RKLB,102.38999938964844,2026-12-18,PUT,17.0,0.16,0.0,0.59,6.0,165,124.81,False,RKLB261218P00017000
RKLB,102.38999938964844,2026-12-18,PUT,20.0,0.25,0.23,0.5,105.0,5290,117.58,False,RKLB261218P00020000
RKLB,102.38999938964844,2026-12-18,PUT,22.0,0.4,0.16,0.77,5.0,276,115.53,False,RKLB261218P00022000
RKLB,102.38999938964844,2026-12-18,PUT,25.0,0.45,0.4,0.6,1.0,391,107.57,False,RKLB261218P00025000
RKLB,102.38999938964844,2026-12-18,PUT,27.0,0.39,0.27,0.99,17.0,216,106.4,False,RKLB261218P00027000
RKLB,102.38999938964844,2026-12-18,PUT,30.0,0.67,0.68,1.0,11.0,856,104.2,False,RKLB261218P00030000
RKLB,102.38999938964844,2026-12-18,PUT,32.0,1.0,0.44,1.45,1.0,403,101.56,False,RKLB261218P00032000
RKLB,102.38999938964844,2026-12-18,PUT,35.0,1.3,0.79,1.6,1.0,449,99.37,False,RKLB261218P00035000
RKLB,102.38999938964844,2026-12-18,PUT,37.0,0.64,1.07,2.09,1.0,776,101.27,False,RKLB261218P00037000
RKLB,102.38999938964844,2026-12-18,PUT,40.0,2.05,1.53,2.4,1.0,1394,99.8,False,RKLB261218P00040000
RKLB,102.38999938964844,2026-12-18,PUT,42.0,2.5,1.74,2.9,1.0,574,99.76,False,RKLB261218P00042000
RKLB,102.38999938964844,2026-12-18,PUT,45.0,3.35,2.59,3.35,9.0,731,100.22,False,RKLB261218P00045000
RKLB,102.38999938964844,2026-12-18,PUT,47.0,3.06,2.9,4.1,1.0,505,100.94,False,RKLB261218P00047000
RKLB,102.38999938964844,2026-12-18,PUT,50.0,4.03,3.4,4.85,6.0,1532,99.8,False,RKLB261218P00050000
RKLB,102.38999938964844,2026-12-18,PUT,55.0,5.27,4.65,5.7,2.0,1970,97.12,False,RKLB261218P00055000
RKLB,102.38999938964844,2026-12-18,PUT,60.0,7.16,6.05,7.2,18.0,2744,96.26,False,RKLB261218P00060000
RKLB,102.38999938964844,2026-12-18,PUT,65.0,8.14,7.5,8.8,7.0,1798,94.8,False,RKLB261218P00065000
RKLB,102.38999938964844,2026-12-18,PUT,70.0,10.0,10.0,10.85,114.0,989,96.36,False,RKLB261218P00070000
RKLB,102.38999938964844,2026-12-18,PUT,75.0,12.2,11.45,12.75,71.0,948,93.91,False,RKLB261218P00075000
RKLB,102.38999938964844,2026-12-18,PUT,80.0,13.8,13.85,15.0,237.0,4312,93.8,False,RKLB261218P00080000
RKLB,102.38999938964844,2026-12-18,PUT,85.0,16.5,16.5,17.7,48.0,362,94.38,False,RKLB261218P00085000
RKLB,102.38999938964844,2026-12-18,PUT,90.0,19.8,18.85,20.0,89.0,491,92.86,False,RKLB261218P00090000
RKLB,102.38999938964844,2026-12-18,PUT,95.0,22.05,21.85,23.1,9.0,253,93.57,False,RKLB261218P00095000
RKLB,102.38999938964844,2026-12-18,PUT,100.0,24.79,24.1,25.7,62.0,774,91.4,False,RKLB261218P00100000
RKLB,102.38999938964844,2026-12-18,PUT,105.0,27.8,27.0,29.25,5.0,85,91.68,True,RKLB261218P00105000
RKLB,102.38999938964844,2026-12-18,PUT,110.0,30.87,30.15,32.6,45.0,2390,91.57,True,RKLB261218P00110000
RKLB,102.38999938964844,2026-12-18,PUT,115.0,34.71,33.45,35.75,6.0,138,90.94,True,RKLB261218P00115000
RKLB,102.38999938964844,2026-12-18,PUT,120.0,38.72,36.7,39.25,2.0,180,90.44,True,RKLB261218P00120000
RKLB,102.38999938964844,2026-12-18,PUT,125.0,40.64,40.4,42.75,3.0,62,90.33,True,RKLB261218P00125000
RKLB,102.38999938964844,2026-12-18,PUT,130.0,44.0,43.85,46.3,3.0,120,89.55,True,RKLB261218P00130000
RKLB,102.38999938964844,2026-12-18,PUT,135.0,47.6,47.65,50.0,1.0,74,89.29,True,RKLB261218P00135000
RKLB,102.38999938964844,2026-12-18,PUT,140.0,50.25,51.45,53.9,15.0,274,89.09,True,RKLB261218P00140000
RKLB,102.38999938964844,2026-12-18,PUT,145.0,55.0,55.4,58.35,1.0,224,89.81,True,RKLB261218P00145000
RKLB,102.38999938964844,2026-12-18,PUT,150.0,60.26,59.45,61.85,5.0,40,88.79,True,RKLB261218P00150000
RKLB,102.38999938964844,2026-12-18,PUT,155.0,49.6,63.55,66.45,3.0,3,89.56,True,RKLB261218P00155000
RKLB,102.38999938964844,2026-12-18,PUT,160.0,58.02,67.65,70.15,2.0,6,88.49,True,RKLB261218P00160000
RKLB,102.38999938964844,2026-12-18,PUT,170.0,76.8,76.1,79.4,1.0,37,89.55,True,RKLB261218P00170000
RKLB,102.38999938964844,2026-12-18,PUT,175.0,60.8,80.4,83.55,,7,89.05,True,RKLB261218P00175000
RKLB,102.38999938964844,2026-12-18,PUT,180.0,64.75,84.75,88.05,20.0,20,89.14,True,RKLB261218P00180000
RKLB,102.38999938964844,2026-12-18,PUT,185.0,78.68,89.1,91.7,16.0,38,87.3,True,RKLB261218P00185000
RKLB,102.38999938964844,2026-12-18,PUT,195.0,75.95,98.0,101.3,2.0,16,88.28,True,RKLB261218P00195000
RKLB,102.38999938964844,2027-01-15,CALL,2.0,103.5,98.6,102.05,2.0,76,553.91,True,RKLB270115C00002000
RKLB,102.38999938964844,2027-01-15,CALL,3.0,102.0,98.25,101.05,1.0,38,241.41,True,RKLB270115C00003000
RKLB,102.38999938964844,2027-01-15,CALL,4.0,102.44,96.75,100.2,1.0,478,182.81,True,RKLB270115C00004000
RKLB,102.38999938964844,2027-01-15,CALL,5.0,101.85,95.45,99.2,1.0,297,320.41,True,RKLB270115C00005000
RKLB,102.38999938964844,2027-01-15,CALL,7.0,101.23,93.8,97.25,7.0,964,157.81,True,RKLB270115C00007000
RKLB,102.38999938964844,2027-01-15,CALL,10.0,102.33,91.1,94.35,1.0,1480,155.66,True,RKLB270115C00010000
RKLB,102.38999938964844,2027-01-15,CALL,12.0,109.55,89.0,92.45,5.0,3784,142.77,True,RKLB270115C00012000
RKLB,102.38999938964844,2027-01-15,CALL,15.0,96.76,86.0,89.55,1.0,2133,130.37,True,RKLB270115C00015000
RKLB,102.38999938964844,2027-01-15,CALL,17.0,100.45,84.5,87.65,1.0,860,135.35,True,RKLB270115C00017000
RKLB,102.38999938964844,2027-01-15,CALL,20.0,95.15,81.9,84.85,2.0,1981,132.62,True,RKLB270115C00020000
RKLB,102.38999938964844,2027-01-15,CALL,22.0,86.4,79.6,83.0,5.0,589,122.8,True,RKLB270115C00022000
RKLB,102.38999938964844,2027-01-15,CALL,25.0,81.95,76.8,80.25,1.0,1302,118.41,True,RKLB270115C00025000
RKLB,102.38999938964844,2027-01-15,CALL,27.0,83.2,75.8,78.45,4.0,684,124.19,True,RKLB270115C00027000
RKLB,102.38999938964844,2027-01-15,CALL,30.0,74.0,73.15,75.75,6.0,3347,120.17,True,RKLB270115C00030000
RKLB,102.38999938964844,2027-01-15,CALL,32.0,72.0,71.4,74.05,2.0,570,118.31,True,RKLB270115C00032000
RKLB,102.38999938964844,2027-01-15,CALL,35.0,70.07,69.0,71.5,1.0,7997,116.63,True,RKLB270115C00035000
RKLB,102.38999938964844,2027-01-15,CALL,37.0,69.97,67.3,69.8,1.0,2454,114.65,True,RKLB270115C00037000
RKLB,102.38999938964844,2027-01-15,CALL,40.0,66.55,64.8,67.45,8.0,3992,112.82,True,RKLB270115C00040000
RKLB,102.38999938964844,2027-01-15,CALL,42.0,65.7,63.3,65.85,1.0,1605,112.01,True,RKLB270115C00042000
RKLB,102.38999938964844,2027-01-15,CALL,45.0,65.0,60.95,63.55,2.0,2112,110.45,True,RKLB270115C00045000
RKLB,102.38999938964844,2027-01-15,CALL,47.0,66.0,59.5,62.05,3.0,1137,109.79,True,RKLB270115C00047000
RKLB,102.38999938964844,2027-01-15,CALL,50.0,59.46,57.4,59.85,6.0,6024,108.95,True,RKLB270115C00050000
RKLB,102.38999938964844,2027-01-15,CALL,55.0,59.5,53.9,56.4,5.0,1616,107.43,True,RKLB270115C00055000
RKLB,102.38999938964844,2027-01-15,CALL,60.0,53.63,50.5,53.05,52.0,3065,105.65,True,RKLB270115C00060000
RKLB,102.38999938964844,2027-01-15,CALL,65.0,49.3,47.7,49.7,11.0,3266,104.74,True,RKLB270115C00065000
RKLB,102.38999938964844,2027-01-15,CALL,70.0,46.57,44.7,47.2,34.0,3054,104.61,True,RKLB270115C00070000
RKLB,102.38999938964844,2027-01-15,CALL,75.0,44.6,41.45,44.5,9.0,1777,102.77,True,RKLB270115C00075000
RKLB,102.38999938964844,2027-01-15,CALL,80.0,40.95,38.75,40.55,123.0,7658,99.05,True,RKLB270115C00080000
RKLB,102.38999938964844,2027-01-15,CALL,85.0,41.79,37.2,39.6,9.0,1214,103.13,True,RKLB270115C00085000
RKLB,102.38999938964844,2027-01-15,CALL,90.0,36.75,35.0,37.05,72.0,2385,102.12,True,RKLB270115C00090000
RKLB,102.38999938964844,2027-01-15,CALL,95.0,33.77,32.9,34.55,62.0,768,100.97,True,RKLB270115C00095000
RKLB,102.38999938964844,2027-01-15,CALL,100.0,31.58,31.1,32.1,260.0,6631,100.06,True,RKLB270115C00100000
RKLB,102.38999938964844,2027-01-15,CALL,105.0,30.82,29.15,30.7,324.0,1043,100.3,False,RKLB270115C00105000
RKLB,102.38999938964844,2027-01-15,CALL,110.0,29.1,27.4,29.2,179.0,5290,100.32,False,RKLB270115C00110000
RKLB,102.38999938964844,2027-01-15,CALL,115.0,26.75,26.05,27.5,193.0,1591,100.33,False,RKLB270115C00115000
RKLB,102.38999938964844,2027-01-15,CALL,120.0,25.85,24.6,25.6,345.0,2803,99.55,False,RKLB270115C00120000
RKLB,102.38999938964844,2027-01-15,CALL,125.0,23.65,23.2,24.5,35.0,1456,99.84,False,RKLB270115C00125000
RKLB,102.38999938964844,2027-01-15,CALL,130.0,22.6,21.9,23.4,131.0,2937,100.02,False,RKLB270115C00130000
RKLB,102.38999938964844,2027-01-15,CALL,135.0,21.0,21.0,21.6,53.0,891,99.48,False,RKLB270115C00135000
RKLB,102.38999938964844,2027-01-15,CALL,140.0,20.4,19.7,20.45,70.0,1607,99.11,False,RKLB270115C00140000
RKLB,102.38999938964844,2027-01-15,CALL,145.0,19.0,18.6,20.0,130.0,6372,99.95,False,RKLB270115C00145000
RKLB,102.38999938964844,2027-01-15,CALL,150.0,18.18,17.9,18.5,883.0,7914,99.55,False,RKLB270115C00150000
RKLB,102.38999938964844,2027-01-15,CALL,155.0,18.5,17.0,18.2,4.0,161,100.57,False,RKLB270115C00155000
RKLB,102.38999938964844,2027-01-15,CALL,160.0,18.45,15.9,17.7,48.0,606,100.78,False,RKLB270115C00160000
RKLB,102.38999938964844,2027-01-15,CALL,165.0,16.15,15.0,16.85,5.0,107,100.58,False,RKLB270115C00165000
RKLB,102.38999938964844,2027-01-15,CALL,170.0,16.0,14.55,16.1,57.0,397,101.12,False,RKLB270115C00170000
RKLB,102.38999938964844,2027-01-15,CALL,175.0,16.3,13.7,15.55,19.0,498,101.21,False,RKLB270115C00175000
RKLB,102.38999938964844,2027-01-15,CALL,180.0,13.5,13.1,14.8,4.0,539,101.23,False,RKLB270115C00180000
RKLB,102.38999938964844,2027-01-15,CALL,185.0,15.0,12.5,14.2,6.0,1193,101.39,False,RKLB270115C00185000
RKLB,102.38999938964844,2027-01-15,CALL,190.0,13.0,11.75,13.6,29.0,619,101.17,False,RKLB270115C00190000
RKLB,102.38999938964844,2027-01-15,CALL,195.0,12.0,11.2,12.45,99.0,1619,100.21,False,RKLB270115C00195000
RKLB,102.38999938964844,2027-01-15,CALL,200.0,11.35,11.0,12.0,109.0,2638,100.98,False,RKLB270115C00200000
RKLB,102.38999938964844,2027-01-15,CALL,210.0,10.5,9.9,11.5,188.0,740,101.71,False,RKLB270115C00210000
RKLB,102.38999938964844,2027-01-15,PUT,2.0,0.01,0.0,0.02,7.0,1666,178.13,False,RKLB270115P00002000
RKLB,102.38999938964844,2027-01-15,PUT,3.0,0.05,0.0,0.25,1.0,261,213.28,False,RKLB270115P00003000
RKLB,102.38999938964844,2027-01-15,PUT,4.0,0.05,0.0,0.62,5.0,247,224.22,False,RKLB270115P00004000
RKLB,102.38999938964844,2027-01-15,PUT,5.0,0.01,0.0,0.7,14.0,1304,210.55,False,RKLB270115P00005000
RKLB,102.38999938964844,2027-01-15,PUT,7.0,0.05,0.0,0.06,1.0,34766,131.25,False,RKLB270115P00007000
RKLB,102.38999938964844,2027-01-15,PUT,10.0,0.14,0.05,0.6,1.0,2261,154.88,False,RKLB270115P00010000
RKLB,102.38999938964844,2027-01-15,PUT,12.0,0.13,0.05,0.21,1.0,819,123.83,False,RKLB270115P00012000
RKLB,102.38999938964844,2027-01-15,PUT,15.0,0.3,0.07,0.3,1.0,2371,116.21,False,RKLB270115P00015000
RKLB,102.38999938964844,2027-01-15,PUT,17.0,0.22,0.0,0.44,2.0,2093,111.33,False,RKLB270115P00017000
RKLB,102.38999938964844,2027-01-15,PUT,20.0,0.42,0.22,0.64,8.0,4042,112.89,False,RKLB270115P00020000
RKLB,102.38999938964844,2027-01-15,PUT,22.0,0.55,0.03,0.96,1.0,1571,109.08,False,RKLB270115P00022000
RKLB,102.38999938964844,2027-01-15,PUT,25.0,0.75,0.45,1.07,1.0,531,108.74,False,RKLB270115P00025000
RKLB,102.38999938964844,2027-01-15,PUT,27.0,0.85,0.48,1.18,50.0,430,104.88,False,RKLB270115P00027000
RKLB,102.38999938964844,2027-01-15,PUT,30.0,1.0,0.9,1.26,11.0,1188,102.64,False,RKLB270115P00030000
RKLB,102.38999938964844,2027-01-15,PUT,32.0,1.09,1.03,1.61,5.0,157,102.2,False,RKLB270115P00032000
RKLB,102.38999938964844,2027-01-15,PUT,35.0,1.58,0.95,1.82,5.0,1440,96.02,False,RKLB270115P00035000
RKLB,102.38999938964844,2027-01-15,PUT,37.0,1.96,1.43,2.48,1.0,475,99.85,False,RKLB270115P00037000
RKLB,102.38999938964844,2027-01-15,PUT,40.0,2.39,2.03,2.89,3.0,2081,99.17,False,RKLB270115P00040000
RKLB,102.38999938964844,2027-01-15,PUT,42.0,2.81,2.25,3.3,3.0,610,98.12,False,RKLB270115P00042000
RKLB,102.38999938964844,2027-01-15,PUT,45.0,3.4,2.79,4.2,3.0,1229,98.51,False,RKLB270115P00045000
RKLB,102.38999938964844,2027-01-15,PUT,47.0,3.4,3.2,4.6,2.0,413,97.71,False,RKLB270115P00047000
RKLB,102.38999938964844,2027-01-15,PUT,50.0,4.53,3.95,4.7,16.0,2256,94.73,False,RKLB270115P00050000
RKLB,102.38999938964844,2027-01-15,PUT,55.0,5.97,5.45,6.15,1.0,1332,94.85,False,RKLB270115P00055000
RKLB,102.38999938964844,2027-01-15,PUT,60.0,7.4,6.8,8.0,175.0,3130,94.38,False,RKLB270115P00060000
RKLB,102.38999938964844,2027-01-15,PUT,65.0,9.4,8.55,10.05,18.0,2495,94.48,False,RKLB270115P00065000
RKLB,102.38999938964844,2027-01-15,PUT,70.0,11.25,11.0,12.15,99.0,1447,95.36,False,RKLB270115P00070000
RKLB,102.38999938964844,2027-01-15,PUT,75.0,13.6,12.4,13.95,169.0,3185,92.33,False,RKLB270115P00075000
RKLB,102.38999938964844,2027-01-15,PUT,80.0,16.0,15.15,16.6,87.0,2968,93.43,False,RKLB270115P00080000
RKLB,102.38999938964844,2027-01-15,PUT,85.0,19.11,17.95,18.9,5.0,1103,93.16,False,RKLB270115P00085000
RKLB,102.38999938964844,2027-01-15,PUT,90.0,21.0,20.95,21.6,243.0,755,93.43,False,RKLB270115P00090000
RKLB,102.38999938964844,2027-01-15,PUT,95.0,24.35,22.5,24.6,27.0,146,91.11,False,RKLB270115P00095000
RKLB,102.38999938964844,2027-01-15,PUT,100.0,26.5,26.7,27.45,74.0,1609,92.72,False,RKLB270115P00100000
RKLB,102.38999938964844,2027-01-15,PUT,105.0,30.0,29.35,30.75,5.0,1620,91.97,True,RKLB270115P00105000
RKLB,102.38999938964844,2027-01-15,PUT,110.0,32.76,32.5,33.95,8.0,920,91.5,True,RKLB270115P00110000
RKLB,102.38999938964844,2027-01-15,PUT,115.0,33.43,35.0,37.2,1.0,150,89.7,True,RKLB270115P00115000
RKLB,102.38999938964844,2027-01-15,PUT,120.0,40.0,39.0,40.75,6.0,354,90.47,True,RKLB270115P00120000
RKLB,102.38999938964844,2027-01-15,PUT,125.0,43.06,42.05,44.2,3.0,438,89.23,True,RKLB270115P00125000
RKLB,102.38999938964844,2027-01-15,PUT,130.0,45.5,45.7,47.85,1.0,969,88.98,True,RKLB270115P00130000
RKLB,102.38999938964844,2027-01-15,PUT,135.0,47.35,49.3,51.6,300.0,719,88.52,True,RKLB270115P00135000
RKLB,102.38999938964844,2027-01-15,PUT,140.0,53.0,53.1,55.4,1.0,54,88.2,True,RKLB270115P00140000
RKLB,102.38999938964844,2027-01-15,PUT,145.0,57.0,57.0,59.35,1.0,117,88.03,True,RKLB270115P00145000
RKLB,102.38999938964844,2027-01-15,PUT,150.0,62.0,60.95,63.35,1.0,87,87.79,True,RKLB270115P00150000
RKLB,102.38999938964844,2027-01-15,PUT,155.0,61.6,65.0,67.4,1.0,85,87.57,True,RKLB270115P00155000
RKLB,102.38999938964844,2027-01-15,PUT,160.0,68.78,69.15,71.9,2.0,38,88.07,True,RKLB270115P00160000
RKLB,102.38999938964844,2027-01-15,PUT,165.0,74.17,73.35,76.3,2.0,1000,88.31,True,RKLB270115P00165000
RKLB,102.38999938964844,2027-01-15,PUT,170.0,69.0,77.55,79.9,1.0,6,86.99,True,RKLB270115P00170000
RKLB,102.38999938964844,2027-01-15,PUT,175.0,82.7,82.95,84.65,1.0,2,89.59,True,RKLB270115P00175000
RKLB,102.38999938964844,2027-01-15,PUT,180.0,65.89,86.15,89.0,1.0,5,87.48,True,RKLB270115P00180000
RKLB,102.38999938964844,2027-01-15,PUT,185.0,84.55,90.5,93.7,20.0,22,87.87,True,RKLB270115P00185000
RKLB,102.38999938964844,2027-01-15,PUT,190.0,84.32,94.85,98.1,,1,87.57,True,RKLB270115P00190000
RKLB,102.38999938964844,2027-01-15,PUT,195.0,88.17,99.3,101.75,10.0,5,85.86,True,RKLB270115P00195000
RKLB,102.38999938964844,2027-01-15,PUT,210.0,107.02,112.75,115.45,152.0,281,85.36,True,RKLB270115P00210000
RKLB,102.38999938964844,2027-03-19,CALL,40.0,70.0,65.35,68.65,1.0,18,106.76,True,RKLB270319C00040000
RKLB,102.38999938964844,2027-03-19,CALL,45.0,67.6,61.65,65.05,1.0,3,105.1,True,RKLB270319C00045000
RKLB,102.38999938964844,2027-03-19,CALL,50.0,60.72,58.35,61.65,2.0,11,104.37,True,RKLB270319C00050000
RKLB,102.38999938964844,2027-03-19,CALL,55.0,61.35,55.35,58.7,77.0,161,104.71,True,RKLB270319C00055000
RKLB,102.38999938964844,2027-03-19,CALL,60.0,58.4,52.55,55.5,2.0,48,103.94,True,RKLB270319C00060000
RKLB,102.38999938964844,2027-03-19,CALL,65.0,53.8,49.5,52.7,1.0,18,102.83,True,RKLB270319C00065000
RKLB,102.38999938964844,2027-03-19,CALL,70.0,53.0,46.65,50.05,1.0,81,101.92,True,RKLB270319C00070000
RKLB,102.38999938964844,2027-03-19,CALL,75.0,49.5,44.15,47.75,3.0,85,101.84,True,RKLB270319C00075000
RKLB,102.38999938964844,2027-03-19,CALL,80.0,44.75,43.0,45.4,22.0,94,103.6,True,RKLB270319C00080000
RKLB,102.38999938964844,2027-03-19,CALL,85.0,43.18,39.7,43.2,2.0,180,101.26,True,RKLB270319C00085000
RKLB,102.38999938964844,2027-03-19,CALL,90.0,41.25,37.9,41.1,25.0,297,101.34,True,RKLB270319C00090000
RKLB,102.38999938964844,2027-03-19,CALL,95.0,36.86,35.8,39.15,7.0,61,100.8,True,RKLB270319C00095000
RKLB,102.38999938964844,2027-03-19,CALL,100.0,36.45,34.0,37.35,31.0,235,100.64,True,RKLB270319C00100000
RKLB,102.38999938964844,2027-03-19,CALL,105.0,34.0,33.5,35.65,56.0,168,102.31,False,RKLB270319C00105000
RKLB,102.38999938964844,2027-03-19,CALL,110.0,32.5,30.35,34.0,47.0,502,99.74,False,RKLB270319C00110000
RKLB,102.38999938964844,2027-03-19,CALL,115.0,31.2,29.6,32.5,32.0,238,100.73,False,RKLB270319C00115000
RKLB,102.38999938964844,2027-03-19,CALL,120.0,29.37,27.3,30.15,664.0,934,97.99,False,RKLB270319C00120000
RKLB,102.38999938964844,2027-03-19,CALL,125.0,29.0,27.0,29.7,15.0,828,100.66,False,RKLB270319C00125000
RKLB,102.38999938964844,2027-03-19,CALL,130.0,26.35,24.6,27.65,37.0,666,97.83,False,RKLB270319C00130000
RKLB,102.38999938964844,2027-03-19,CALL,135.0,26.1,23.4,27.25,25.0,169,98.86,False,RKLB270319C00135000
RKLB,102.38999938964844,2027-03-19,CALL,140.0,26.4,22.25,26.1,26.0,275,98.71,False,RKLB270319C00140000
RKLB,102.38999938964844,2027-03-19,CALL,145.0,23.55,21.2,23.85,49.0,232,97.0,False,RKLB270319C00145000
RKLB,102.38999938964844,2027-03-19,CALL,150.0,22.1,20.15,23.85,104.0,1828,98.28,False,RKLB270319C00150000
RKLB,102.38999938964844,2027-03-19,CALL,155.0,21.73,19.15,22.7,4.0,1380,97.88,False,RKLB270319C00155000
RKLB,102.38999938964844,2027-03-19,CALL,160.0,20.22,18.85,20.9,38.0,454,97.4,False,RKLB270319C00160000
RKLB,102.38999938964844,2027-03-19,CALL,165.0,20.38,18.6,20.55,50.0,162,98.9,False,RKLB270319C00165000
RKLB,102.38999938964844,2027-03-19,CALL,170.0,19.0,16.85,19.95,1.0,265,97.81,False,RKLB270319C00170000
RKLB,102.38999938964844,2027-03-19,CALL,175.0,19.65,16.5,19.8,1.0,310,99.24,False,RKLB270319C00175000
RKLB,102.38999938964844,2027-03-19,CALL,180.0,17.56,15.8,18.9,5.0,219,98.99,False,RKLB270319C00180000
RKLB,102.38999938964844,2027-03-19,CALL,185.0,16.72,15.45,18.45,4.0,704,99.79,False,RKLB270319C00185000
RKLB,102.38999938964844,2027-03-19,CALL,190.0,15.98,14.3,17.8,53.0,99,99.06,False,RKLB270319C00190000
RKLB,102.38999938964844,2027-03-19,CALL,195.0,15.71,14.25,17.15,20.0,1095,99.83,False,RKLB270319C00195000
RKLB,102.38999938964844,2027-03-19,CALL,200.0,15.2,14.25,16.15,28.0,52,100.09,False,RKLB270319C00200000
RKLB,102.38999938964844,2027-03-19,CALL,210.0,14.0,12.15,15.05,51.0,392,98.56,False,RKLB270319C00210000
RKLB,102.38999938964844,2027-03-19,PUT,40.0,3.55,2.5,3.55,4.0,97,92.87,False,RKLB270319P00040000
RKLB,102.38999938964844,2027-03-19,PUT,45.0,4.08,4.0,5.1,1.0,33,94.95,False,RKLB270319P00045000
RKLB,102.38999938964844,2027-03-19,PUT,50.0,6.06,4.75,7.6,6.0,54,95.56,False,RKLB270319P00050000
RKLB,102.38999938964844,2027-03-19,PUT,55.0,7.18,6.8,8.9,1.0,38,95.09,False,RKLB270319P00055000
RKLB,102.38999938964844,2027-03-19,PUT,60.0,9.39,8.2,11.15,6.0,107,94.46,False,RKLB270319P00060000
RKLB,102.38999938964844,2027-03-19,PUT,65.0,11.61,10.2,12.9,514.0,182,93.29,False,RKLB270319P00065000
RKLB,102.38999938964844,2027-03-19,PUT,70.0,13.8,12.55,14.0,5.0,111,90.95,False,RKLB270319P00070000
RKLB,102.38999938964844,2027-03-19,PUT,75.0,16.36,15.2,17.5,6.0,192,93.41,False,RKLB270319P00075000
RKLB,102.38999938964844,2027-03-19,PUT,80.0,18.16,17.6,19.7,1.0,236,92.21,False,RKLB270319P00080000
RKLB,102.38999938964844,2027-03-19,PUT,85.0,20.5,20.2,22.15,1.0,93,91.37,False,RKLB270319P00085000
RKLB,102.38999938964844,2027-03-19,PUT,90.0,23.77,22.65,25.3,7.0,78,91.03,False,RKLB270319P00090000
RKLB,102.38999938964844,2027-03-19,PUT,95.0,26.54,25.85,27.75,2.0,57,90.37,False,RKLB270319P00095000
RKLB,102.38999938964844,2027-03-19,PUT,100.0,29.38,28.25,31.65,9.0,226,90.36,False,RKLB270319P00100000
RKLB,102.38999938964844,2027-03-19,PUT,105.0,33.36,32.2,34.2,3.0,65,90.3,True,RKLB270319P00105000
RKLB,102.38999938964844,2027-03-19,PUT,110.0,36.32,34.7,37.35,13.0,1358,88.68,True,RKLB270319P00110000
RKLB,102.38999938964844,2027-03-19,PUT,115.0,39.2,38.7,41.0,1.0,39,89.69,True,RKLB270319P00115000
RKLB,102.38999938964844,2027-03-19,PUT,120.0,43.5,42.3,45.1,130.0,74,90.47,True,RKLB270319P00120000
RKLB,102.38999938964844,2027-03-19,PUT,125.0,41.44,45.05,47.65,1.0,50,87.61,True,RKLB270319P00125000
RKLB,102.38999938964844,2027-03-19,PUT,130.0,49.25,48.7,51.75,5.0,168,87.99,True,RKLB270319P00130000
RKLB,102.38999938964844,2027-03-19,PUT,135.0,51.72,52.5,55.2,2.0,19,87.44,True,RKLB270319P00135000
RKLB,102.38999938964844,2027-03-19,PUT,140.0,47.8,56.25,58.95,2.0,36,87.04,True,RKLB270319P00140000
RKLB,102.38999938964844,2027-03-19,PUT,145.0,55.45,60.05,63.15,1.0,119,87.15,True,RKLB270319P00145000
RKLB,102.38999938964844,2027-03-19,PUT,150.0,62.7,64.0,66.9,1.0,77,86.66,True,RKLB270319P00150000
RKLB,102.38999938964844,2027-03-19,PUT,155.0,51.0,67.95,71.25,1.0,14,86.84,True,RKLB270319P00155000
RKLB,102.38999938964844,2027-03-19,PUT,160.0,72.76,72.0,75.15,3.0,43,86.37,True,RKLB270319P00160000
RKLB,102.38999938964844,2027-03-19,PUT,165.0,78.55,76.15,79.9,250.0,55,87.11,True,RKLB270319P00165000
RKLB,102.38999938964844,2027-03-19,PUT,170.0,71.15,80.35,83.85,10.0,79,86.64,True,RKLB270319P00170000
RKLB,102.38999938964844,2027-03-19,PUT,175.0,74.77,84.55,87.55,4.0,31,85.65,True,RKLB270319P00175000
RKLB,102.38999938964844,2027-03-19,PUT,180.0,75.04,88.75,91.9,10.0,20,85.49,True,RKLB270319P00180000
RKLB,102.38999938964844,2027-03-19,PUT,185.0,75.8,93.05,96.8,,89,86.18,True,RKLB270319P00185000
RKLB,102.38999938964844,2027-03-19,PUT,190.0,75.5,97.4,101.1,,2,85.94,True,RKLB270319P00190000
RKLB,102.38999938964844,2027-03-19,PUT,195.0,99.57,101.9,105.05,2.0,17,85.27,True,RKLB270319P00195000
RKLB,102.38999938964844,2027-03-19,PUT,210.0,103.0,115.05,118.35,,3,84.32,True,RKLB270319P00210000
RKLB,102.38999938964844,2027-06-17,CALL,60.0,58.0,55.0,59.0,28.0,4,102.8,True,RKLB270617C00060000
RKLB,102.38999938964844,2027-06-17,CALL,75.0,53.0,47.5,51.5,2.0,5,100.51,True,RKLB270617C00075000
RKLB,102.38999938964844,2027-06-17,CALL,80.0,51.0,46.0,49.5,7.0,3,101.46,True,RKLB270617C00080000
RKLB,102.38999938964844,2027-06-17,CALL,85.0,44.0,43.75,47.5,4.0,9,100.81,True,RKLB270617C00085000
RKLB,102.38999938964844,2027-06-17,CALL,90.0,44.0,41.5,45.5,2.0,6,99.87,True,RKLB270617C00090000
RKLB,102.38999938964844,2027-06-17,CALL,95.0,41.7,39.5,43.5,7.0,9,99.07,True,RKLB270617C00095000
RKLB,102.38999938964844,2027-06-17,CALL,100.0,41.0,37.5,42.0,67.0,17,98.74,True,RKLB270617C00100000
RKLB,102.38999938964844,2027-06-17,CALL,110.0,37.68,35.2,38.5,15.0,64,99.03,False,RKLB270617C00110000
RKLB,102.38999938964844,2027-06-17,CALL,125.0,33.4,30.8,34.5,45.0,24,98.37,False,RKLB270617C00125000
RKLB,102.38999938964844,2027-06-17,CALL,140.0,28.5,26.65,31.0,20.0,7,97.27,False,RKLB270617C00140000
RKLB,102.38999938964844,2027-06-17,CALL,155.0,30.0,24.55,27.15,3.0,7,97.13,False,RKLB270617C00155000
RKLB,102.38999938964844,2027-06-17,CALL,160.0,24.9,22.2,27.0,150.0,8,96.23,False,RKLB270617C00160000
RKLB,102.38999938964844,2027-06-17,CALL,170.0,22.91,22.2,23.75,297.0,10,96.28,False,RKLB270617C00170000
RKLB,102.38999938964844,2027-06-17,CALL,175.0,21.8,20.9,23.75,301.0,30,96.56,False,RKLB270617C00175000
RKLB,102.38999938964844,2027-06-17,PUT,60.0,12.0,10.85,12.45,14.0,92,90.5,False,RKLB270617P00060000
RKLB,102.38999938964844,2027-06-17,PUT,100.0,33.5,32.65,36.0,11.0,9,90.41,False,RKLB270617P00100000
RKLB,102.38999938964844,2027-06-17,PUT,120.0,43.3,44.9,47.75,1.0,1,85.25,True,RKLB270617P00120000
RKLB,102.38999938964844,2027-06-17,PUT,135.0,57.24,56.65,60.0,4.0,78,86.99,True,RKLB270617P00135000
RKLB,102.38999938964844,2028-01-21,CALL,23.0,87.72,81.5,85.5,2.0,674,108.96,True,RKLB280121C00023000
RKLB,102.38999938964844,2028-01-21,CALL,25.0,93.9,79.95,84.0,1.0,1229,106.91,True,RKLB280121C00025000
RKLB,102.38999938964844,2028-01-21,CALL,28.0,92.85,77.5,82.0,1.0,51,104.32,True,RKLB280121C00028000
RKLB,102.38999938964844,2028-01-21,CALL,30.0,81.47,76.55,80.4,27.0,820,104.0,True,RKLB280121C00030000
RKLB,102.38999938964844,2028-01-21,CALL,33.0,121.0,74.55,78.95,5.0,26,104.31,True,RKLB280121C00033000
RKLB,102.38999938964844,2028-01-21,CALL,35.0,81.2,73.8,77.45,14.0,648,104.37,True,RKLB280121C00035000
RKLB,102.38999938964844,2028-01-21,CALL,38.0,73.6,71.55,75.05,2.0,84,100.78,True,RKLB280121C00038000
RKLB,102.38999938964844,2028-01-21,CALL,40.0,72.15,70.65,74.35,9.0,2149,102.23,True,RKLB280121C00040000
RKLB,102.38999938964844,2028-01-21,CALL,42.0,71.07,69.05,73.45,3.0,62,101.27,True,RKLB280121C00042000
RKLB,102.38999938964844,2028-01-21,CALL,45.0,69.55,67.55,71.7,20.0,825,100.84,True,RKLB280121C00045000
RKLB,102.38999938964844,2028-01-21,CALL,47.0,70.07,66.55,70.95,2.0,76,101.32,True,RKLB280121C00047000
RKLB,102.38999938964844,2028-01-21,CALL,50.0,67.25,65.5,69.05,32.0,3394,101.12,True,RKLB280121C00050000
RKLB,102.38999938964844,2028-01-21,CALL,55.0,64.84,62.55,65.1,689.0,1331,96.81,True,RKLB280121C00055000
RKLB,102.38999938964844,2028-01-21,CALL,60.0,63.26,60.95,63.8,40.0,1234,99.37,True,RKLB280121C00060000
RKLB,102.38999938964844,2028-01-21,CALL,65.0,62.95,58.5,62.5,19.0,1422,99.85,True,RKLB280121C00065000
RKLB,102.38999938964844,2028-01-21,CALL,70.0,58.0,56.5,60.5,113.0,2030,99.55,True,RKLB280121C00070000
RKLB,102.38999938964844,2028-01-21,CALL,75.0,55.0,55.0,57.5,18.0,3688,98.28,True,RKLB280121C00075000
RKLB,102.38999938964844,2028-01-21,CALL,80.0,54.65,52.85,54.65,30.0,1625,96.19,True,RKLB280121C00080000
RKLB,102.38999938964844,2028-01-21,CALL,85.0,53.0,50.55,54.45,11.0,27310,97.25,True,RKLB280121C00085000
RKLB,102.38999938964844,2028-01-21,CALL,90.0,50.63,50.0,51.85,53.0,21729,97.22,True,RKLB280121C00090000
RKLB,102.38999938964844,2028-01-21,CALL,95.0,48.85,47.05,50.45,148.0,854,95.54,True,RKLB280121C00095000
RKLB,102.38999938964844,2028-01-21,CALL,100.0,47.1,47.0,48.65,151.0,4527,96.73,True,RKLB280121C00100000
RKLB,102.38999938964844,2028-01-21,CALL,105.0,47.79,44.35,48.5,68.0,554,96.6,False,RKLB280121C00105000
RKLB,102.38999938964844,2028-01-21,CALL,110.0,44.9,43.5,45.0,155.0,10633,94.61,False,RKLB280121C00110000
RKLB,102.38999938964844,2028-01-21,CALL,115.0,44.0,41.5,45.0,29.0,292,95.14,False,RKLB280121C00115000
RKLB,102.38999938964844,2028-01-21,CALL,120.0,42.05,41.5,44.15,49.0,1331,96.78,False,RKLB280121C00120000
RKLB,102.38999938964844,2028-01-21,CALL,125.0,41.5,40.5,43.0,32.0,1271,96.87,False,RKLB280121C00125000
RKLB,102.38999938964844,2028-01-21,CALL,130.0,39.5,38.3,41.2,176.0,1536,94.92,False,RKLB280121C00130000
RKLB,102.38999938964844,2028-01-21,CALL,135.0,39.28,36.95,40.95,112.0,361,95.4,False,RKLB280121C00135000
RKLB,102.38999938964844,2028-01-21,CALL,140.0,38.6,36.0,38.75,27.0,977,94.21,False,RKLB280121C00140000
RKLB,102.38999938964844,2028-01-21,CALL,145.0,37.77,34.5,38.5,63.0,4949,94.37,False,RKLB280121C00145000
RKLB,102.38999938964844,2028-01-21,CALL,150.0,35.7,34.2,36.75,166.0,2095,94.15,False,RKLB280121C00150000
RKLB,102.38999938964844,2028-01-21,CALL,155.0,37.55,32.6,36.2,4.0,120,93.76,False,RKLB280121C00155000
RKLB,102.38999938964844,2028-01-21,CALL,160.0,36.51,31.5,35.15,9.0,180,93.31,False,RKLB280121C00160000
RKLB,102.38999938964844,2028-01-21,CALL,165.0,34.28,30.0,35.0,3.0,99,93.29,False,RKLB280121C00165000
RKLB,102.38999938964844,2028-01-21,CALL,170.0,32.85,29.5,32.25,27.0,152,91.65,False,RKLB280121C00170000
RKLB,102.38999938964844,2028-01-21,CALL,175.0,31.5,29.0,32.0,6.0,159,92.4,False,RKLB280121C00175000
RKLB,102.38999938964844,2028-01-21,CALL,180.0,32.2,29.0,32.0,13.0,867,93.81,False,RKLB280121C00180000
RKLB,102.38999938964844,2028-01-21,CALL,185.0,30.0,29.0,31.5,21.0,2508,94.68,False,RKLB280121C00185000
RKLB,102.38999938964844,2028-01-21,CALL,190.0,31.0,26.5,31.0,6.0,565,93.08,False,RKLB280121C00190000
RKLB,102.38999938964844,2028-01-21,CALL,195.0,28.35,26.5,30.0,151.0,2155,93.37,False,RKLB280121C00195000
RKLB,102.38999938964844,2028-01-21,CALL,200.0,27.72,26.1,29.5,32.0,222,93.72,False,RKLB280121C00200000
RKLB,102.38999938964844,2028-01-21,CALL,210.0,25.73,25.0,28.0,363.0,2554,93.52,False,RKLB280121C00210000
RKLB,102.38999938964844,2028-01-21,PUT,23.0,2.4,2.15,2.65,2.0,427,91.99,False,RKLB280121P00023000
RKLB,102.38999938964844,2028-01-21,PUT,25.0,2.91,2.45,3.3,1.0,1282,91.66,False,RKLB280121P00025000
RKLB,102.38999938964844,2028-01-21,PUT,28.0,3.55,2.32,4.6,1.0,59,89.55,False,RKLB280121P00028000
RKLB,102.38999938964844,2028-01-21,PUT,30.0,4.3,3.45,5.35,1.0,958,92.16,False,RKLB280121P00030000
RKLB,102.38999938964844,2028-01-21,PUT,33.0,3.4,3.5,5.7,1.0,55,86.85,False,RKLB280121P00033000
RKLB,102.38999938964844,2028-01-21,PUT,35.0,5.5,4.2,5.95,1.0,1168,85.75,False,RKLB280121P00035000
RKLB,102.38999938964844,2028-01-21,PUT,38.0,5.4,5.05,7.3,8.0,130,86.15,False,RKLB280121P00038000
RKLB,102.38999938964844,2028-01-21,PUT,40.0,6.7,5.75,7.8,1.0,2350,85.44,False,RKLB280121P00040000
RKLB,102.38999938964844,2028-01-21,PUT,42.0,6.4,6.55,9.25,2.0,252,87.2,False,RKLB280121P00042000
RKLB,102.38999938964844,2028-01-21,PUT,45.0,8.83,7.95,10.0,1.0,1887,86.47,False,RKLB280121P00045000
RKLB,102.38999938964844,2028-01-21,PUT,47.0,7.1,8.95,11.0,16.0,149,87.08,False,RKLB280121P00047000
RKLB,102.38999938964844,2028-01-21,PUT,50.0,11.09,10.7,12.6,12.0,5895,88.36,False,RKLB280121P00050000
RKLB,102.38999938964844,2028-01-21,PUT,55.0,13.45,11.5,14.5,71.0,635,84.49,False,RKLB280121P00055000
RKLB,102.38999938964844,2028-01-21,PUT,60.0,16.05,14.95,16.3,2.0,26046,84.91,False,RKLB280121P00060000
RKLB,102.38999938964844,2028-01-21,PUT,65.0,19.05,16.5,21.05,3.0,17539,86.41,False,RKLB280121P00065000
RKLB,102.38999938964844,2028-01-21,PUT,70.0,21.15,20.2,22.65,52.0,441,85.89,False,RKLB280121P00070000
RKLB,102.38999938964844,2028-01-21,PUT,75.0,24.0,22.0,26.5,2.0,295,85.55,False,RKLB280121P00075000
RKLB,102.38999938964844,2028-01-21,PUT,80.0,26.45,25.4,27.8,5.0,282,83.7,False,RKLB280121P00080000
RKLB,102.38999938964844,2028-01-21,PUT,85.0,29.5,28.5,30.9,2.0,209,83.6,False,RKLB280121P00085000
RKLB,102.38999938964844,2028-01-21,PUT,90.0,32.2,31.5,34.0,2.0,518,83.14,False,RKLB280121P00090000
RKLB,102.38999938964844,2028-01-21,PUT,95.0,36.12,35.2,37.1,20.0,132,83.29,False,RKLB280121P00095000
RKLB,102.38999938964844,2028-01-21,PUT,100.0,39.32,37.0,41.6,51.0,494,82.68,False,RKLB280121P00100000
RKLB,102.38999938964844,2028-01-21,PUT,105.0,42.69,40.5,44.15,26.0,44,81.63,True,RKLB280121P00105000
RKLB,102.38999938964844,2028-01-21,PUT,110.0,45.9,44.0,48.5,4.0,974,82.4,True,RKLB280121P00110000
RKLB,102.38999938964844,2028-01-21,PUT,115.0,47.0,47.5,51.0,2.0,242,81.04,True,RKLB280121P00115000
RKLB,102.38999938964844,2028-01-21,PUT,120.0,52.88,51.15,54.45,3.0,104,80.71,True,RKLB280121P00120000
RKLB,102.38999938964844,2028-01-21,PUT,125.0,55.0,55.45,59.5,1.0,222,82.56,True,RKLB280121P00125000
RKLB,102.38999938964844,2028-01-21,PUT,130.0,59.9,58.0,62.7,3.0,38,80.62,True,RKLB280121P00130000
RKLB,102.38999938964844,2028-01-21,PUT,135.0,63.9,62.0,65.5,1.0,37,79.65,True,RKLB280121P00135000
RKLB,102.38999938964844,2028-01-21,PUT,140.0,65.0,65.5,70.0,2.0,128,79.78,True,RKLB280121P00140000
RKLB,102.38999938964844,2028-01-21,PUT,145.0,68.22,69.5,73.0,1.0,1640,78.83,True,RKLB280121P00145000
RKLB,102.38999938964844,2028-01-21,PUT,150.0,67.3,73.5,76.95,1.0,32,78.72,True,RKLB280121P00150000
RKLB,102.38999938964844,2028-01-21,PUT,155.0,66.49,77.0,81.5,1.0,2,78.62,True,RKLB280121P00155000
RKLB,102.38999938964844,2028-01-21,PUT,160.0,67.1,81.0,85.5,,4,78.39,True,RKLB280121P00160000
RKLB,102.38999938964844,2028-01-21,PUT,165.0,71.47,85.0,89.5,,1,78.08,True,RKLB280121P00165000
RKLB,102.38999938964844,2028-01-21,PUT,170.0,78.7,89.0,93.5,1.0,51,77.7,True,RKLB280121P00170000
RKLB,102.38999938964844,2028-01-21,PUT,175.0,85.12,93.0,97.0,,1,76.77,True,RKLB280121P00175000
RKLB,102.38999938964844,2028-01-21,PUT,180.0,92.0,97.5,101.5,5.0,12,77.22,True,RKLB280121P00180000
RKLB,102.38999938964844,2028-01-21,PUT,185.0,86.1,101.5,105.4,1.0,38,76.55,True,RKLB280121P00185000
RKLB,102.38999938964844,2028-01-21,PUT,190.0,96.87,105.5,109.35,,1,75.85,True,RKLB280121P00190000
RKLB,102.38999938964844,2028-01-21,PUT,195.0,92.0,110.0,114.5,2.0,14,76.76,True,RKLB280121P00195000
RKLB,102.38999938964844,2028-01-21,PUT,200.0,98.57,114.0,117.55,1.0,1,75.07,True,RKLB280121P00200000
RKLB,102.38999938964844,2028-01-21,PUT,210.0,117.23,122.5,127.0,10.0,143,75.31,True,RKLB280121P00210000
PL,31.149999618530273,2026-06-18,CALL,19.0,12.52,10.7,13.3,1.0,2,407.81,True,PL260618C00019000
PL,31.149999618530273,2026-06-18,CALL,20.0,11.75,10.0,11.6,1.0,37,277.73,True,PL260618C00020000
PL,31.149999618530273,2026-06-18,CALL,21.0,9.45,8.3,11.3,11.0,2,346.48,True,PL260618C00021000
PL,31.149999618530273,2026-06-18,CALL,22.0,11.17,7.4,10.4,2.0,3,328.52,True,PL260618C00022000
PL,31.149999618530273,2026-06-18,CALL,23.0,8.0,7.2,9.4,661.0,643,155.86,True,PL260618C00023000
PL,31.149999618530273,2026-06-18,CALL,24.0,8.0,6.3,8.3,659.0,663,137.89,True,PL260618C00024000
PL,31.149999618530273,2026-06-18,CALL,25.0,6.05,5.5,6.7,5.0,116,176.17,True,PL260618C00025000
PL,31.149999618530273,2026-06-18,CALL,26.0,5.2,4.1,5.7,7.0,65,154.3,True,PL260618C00026000
PL,31.149999618530273,2026-06-18,CALL,27.0,6.6,3.6,5.1,4.0,25,93.75,True,PL260618C00027000
PL,31.149999618530273,2026-06-18,CALL,28.0,5.8,2.9,4.1,30.0,49,92.38,True,PL260618C00028000
PL,31.149999618530273,2026-06-18,CALL,29.0,3.1,1.95,3.5,3.0,35,90.72,True,PL260618C00029000
PL,31.149999618530273,2026-06-18,CALL,29.5,3.11,2.0,3.1,1.0,7,102.64,True,PL260618C00029500
PL,31.149999618530273,2026-06-18,CALL,30.0,2.2,2.0,2.4,69.0,322,99.71,True,PL260618C00030000
PL,31.149999618530273,2026-06-18,CALL,31.0,1.75,1.6,1.9,355.0,96,105.37,True,PL260618C00031000
PL,31.149999618530273,2026-06-18,CALL,31.5,1.65,1.2,1.65,159.0,60,99.51,False,PL260618C00031500
PL,31.149999618530273,2026-06-18,CALL,32.0,1.35,1.15,1.35,830.0,429,101.66,False,PL260618C00032000
PL,31.149999618530273,2026-06-18,CALL,32.5,1.09,0.95,1.15,93.0,114,100.68,False,PL260618C00032500
PL,31.149999618530273,2026-06-18,CALL,33.0,0.9,0.85,1.0,360.0,560,103.22,False,PL260618C00033000
PL,31.149999618530273,2026-06-18,CALL,33.5,0.84,0.6,0.85,113.0,157,99.22,False,PL260618C00033500
PL,31.149999618530273,2026-06-18,CALL,34.0,0.65,0.6,0.75,199.0,280,104.69,False,PL260618C00034000
PL,31.149999618530273,2026-06-18,CALL,34.5,0.55,0.3,0.65,44.0,80,97.27,False,PL260618C00034500
PL,31.149999618530273,2026-06-18,CALL,35.0,0.47,0.45,0.55,1630.0,2440,107.23,False,PL260618C00035000
PL,31.149999618530273,2026-06-18,CALL,35.5,0.39,0.15,0.45,209.0,110,95.7,False,PL260618C00035500
PL,31.149999618530273,2026-06-18,CALL,36.0,0.32,0.25,0.4,162.0,286,105.08,False,PL260618C00036000
PL,31.149999618530273,2026-06-18,CALL,36.5,0.3,0.05,0.45,63.0,126,103.13,False,PL260618C00036500
PL,31.149999618530273,2026-06-18,CALL,37.0,0.25,0.2,0.3,227.0,1542,109.18,False,PL260618C00037000
PL,31.149999618530273,2026-06-18,CALL,37.5,0.2,0.15,0.25,226.0,70,108.4,False,PL260618C00037500
PL,31.149999618530273,2026-06-18,CALL,38.0,0.18,0.05,0.2,184.0,555,101.95,False,PL260618C00038000
PL,31.149999618530273,2026-06-18,CALL,38.5,0.15,0.1,0.2,34.0,53,111.33,False,PL260618C00038500
PL,31.149999618530273,2026-06-18,CALL,39.0,0.15,0.1,0.15,73.0,625,111.72,False,PL260618C00039000
PL,31.149999618530273,2026-06-18,CALL,39.5,0.35,0.1,0.15,9.0,24,116.8,False,PL260618C00039500
PL,31.149999618530273,2026-06-18,CALL,40.0,0.1,0.05,0.15,1135.0,2186,116.02,False,PL260618C00040000
PL,31.149999618530273,2026-06-18,CALL,40.5,0.88,0.0,0.15,10.0,110,114.06,False,PL260618C00040500
PL,31.149999618530273,2026-06-18,CALL,41.0,0.1,0.05,0.1,13.0,123,118.36,False,PL260618C00041000
PL,31.149999618530273,2026-06-18,CALL,41.5,0.11,0.0,0.1,605.0,97,114.06,False,PL260618C00041500
PL,31.149999618530273,2026-06-18,CALL,42.0,0.1,0.0,0.1,178.0,891,117.97,False,PL260618C00042000
PL,31.149999618530273,2026-06-18,CALL,42.5,0.2,0.05,0.1,20.0,229,130.47,False,PL260618C00042500
PL,31.149999618530273,2026-06-18,CALL,43.0,0.17,0.0,0.25,21.0,240,147.66,False,PL260618C00043000
PL,31.149999618530273,2026-06-18,CALL,43.5,0.12,0.0,0.15,12.0,47,138.28,False,PL260618C00043500
PL,31.149999618530273,2026-06-18,CALL,44.0,0.08,0.05,0.2,30.0,358,155.47,False,PL260618C00044000
PL,31.149999618530273,2026-06-18,CALL,44.5,0.22,0.0,0.2,6.0,44,153.13,False,PL260618C00044500
PL,31.149999618530273,2026-06-18,CALL,45.0,0.05,0.0,0.1,67.0,2407,139.84,False,PL260618C00045000
PL,31.149999618530273,2026-06-18,CALL,45.5,0.1,0.05,0.3,607.0,1382,178.52,False,PL260618C00045500
PL,31.149999618530273,2026-06-18,CALL,46.0,0.1,0.0,0.35,35.0,265,182.42,False,PL260618C00046000
PL,31.149999618530273,2026-06-18,CALL,46.5,0.05,0.0,0.15,6.0,73,160.16,False,PL260618C00046500
PL,31.149999618530273,2026-06-18,CALL,47.0,0.05,0.0,0.15,10.0,2792,163.28,False,PL260618C00047000
PL,31.149999618530273,2026-06-18,CALL,48.0,0.05,0.0,0.1,8.0,436,160.16,False,PL260618C00048000
PL,31.149999618530273,2026-06-18,CALL,49.0,0.2,0.0,0.05,4.0,163,151.56,False,PL260618C00049000
PL,31.149999618530273,2026-06-18,CALL,50.0,0.05,0.0,0.1,549.0,3987,171.88,False,PL260618C00050000
PL,31.149999618530273,2026-06-18,CALL,51.0,0.1,0.0,0.15,5.0,317,189.06,False,PL260618C00051000
PL,31.149999618530273,2026-06-18,CALL,52.0,0.1,0.0,0.35,5.0,73,225.0,False,PL260618C00052000
PL,31.149999618530273,2026-06-18,CALL,53.0,0.15,0.0,0.25,21.0,53,217.97,False,PL260618C00053000
PL,31.149999618530273,2026-06-18,CALL,54.0,0.18,0.0,0.2,1.0,113,216.41,False,PL260618C00054000
PL,31.149999618530273,2026-06-18,CALL,55.0,0.05,0.0,0.05,13.0,1304,182.81,False,PL260618C00055000
PL,31.149999618530273,2026-06-18,CALL,60.0,0.05,0.0,0.05,201.0,2434,206.25,False,PL260618C00060000
PL,31.149999618530273,2026-06-18,CALL,65.0,0.08,0.0,0.25,2.0,287,282.03,False,PL260618C00065000
PL,31.149999618530273,2026-06-18,CALL,70.0,0.05,0.0,0.05,1.0,473,246.88,False,PL260618C00070000
PL,31.149999618530273,2026-06-18,CALL,75.0,0.1,0.0,0.05,1.0,774,265.63,False,PL260618C00075000
PL,31.149999618530273,2026-06-18,PUT,18.0,0.08,0.0,0.9,2.0,9,329.3,False,PL260618P00018000
PL,31.149999618530273,2026-06-18,PUT,19.0,0.05,0.0,0.05,3.0,4,173.44,False,PL260618P00019000
PL,31.149999618530273,2026-06-18,PUT,20.0,0.04,0.0,0.05,1015.0,1462,157.81,False,PL260618P00020000
PL,31.149999618530273,2026-06-18,PUT,21.0,0.05,0.0,0.05,4.0,62,142.19,False,PL260618P00021000
PL,31.149999618530273,2026-06-18,PUT,22.0,0.05,0.0,0.05,569.0,193,126.56,False,PL260618P00022000
PL,31.149999618530273,2026-06-18,PUT,23.0,0.05,0.0,0.3,25.0,57,155.86,False,PL260618P00023000
PL,31.149999618530273,2026-06-18,PUT,24.0,0.13,0.0,0.3,80.0,264,137.89,False,PL260618P00024000
PL,31.149999618530273,2026-06-18,PUT,25.0,0.12,0.05,0.15,122.0,2081,109.77,False,PL260618P00025000
PL,31.149999618530273,2026-06-18,PUT,26.0,0.22,0.15,0.2,44.0,281,107.62,False,PL260618P00026000
PL,31.149999618530273,2026-06-18,PUT,27.0,0.32,0.25,0.35,285.0,2190,106.45,False,PL260618P00027000
PL,31.149999618530273,2026-06-18,PUT,28.0,0.48,0.45,0.55,234.0,446,106.45,False,PL260618P00028000
PL,31.149999618530273,2026-06-18,PUT,29.0,0.78,0.6,0.85,257.0,470,102.34,False,PL260618P00029000
PL,31.149999618530273,2026-06-18,PUT,29.5,0.9,0.7,1.15,241.0,126,104.4,False,PL260618P00029500
PL,31.149999618530273,2026-06-18,PUT,30.0,1.09,1.0,1.15,2275.0,1765,101.37,False,PL260618P00030000
PL,31.149999618530273,2026-06-18,PUT,30.5,1.33,1.15,1.55,232.0,29,105.08,False,PL260618P00030500
PL,31.149999618530273,2026-06-18,PUT,31.0,1.53,1.25,1.6,245.0,553,94.34,False,PL260618P00031000
PL,31.149999618530273,2026-06-18,PUT,31.5,1.87,1.45,2.1,67.0,54,99.61,True,PL260618P00031500
PL,31.149999618530273,2026-06-18,PUT,32.0,2.09,1.8,2.4,95.0,997,101.66,True,PL260618P00032000
PL,31.149999618530273,2026-06-18,PUT,32.5,2.46,2.3,2.65,56.0,34,105.47,True,PL260618P00032500
PL,31.149999618530273,2026-06-18,PUT,33.0,2.92,2.45,3.1,105.0,526,103.22,True,PL260618P00033000
PL,31.149999618530273,2026-06-18,PUT,33.5,3.34,2.9,3.8,18.0,46,118.36,True,PL260618P00033500
PL,31.149999618530273,2026-06-18,PUT,34.0,3.65,3.3,4.0,101.0,1257,113.87,True,PL260618P00034000
PL,31.149999618530273,2026-06-18,PUT,35.0,4.37,4.1,4.7,119.0,2083,111.33,True,PL260618P00035000
PL,31.149999618530273,2026-06-18,PUT,35.5,4.88,4.3,5.3,19.0,133,110.16,True,PL260618P00035500
PL,31.149999618530273,2026-06-18,PUT,36.0,5.25,4.9,5.7,32.0,406,117.38,True,PL260618P00036000
PL,31.149999618530273,2026-06-18,PUT,36.5,6.55,4.7,6.8,25.0,105,119.34,True,PL260618P00036500
PL,31.149999618530273,2026-06-18,PUT,37.0,6.3,5.6,6.6,17.0,501,109.18,True,PL260618P00037000
PL,31.149999618530273,2026-06-18,PUT,37.5,6.8,6.1,7.4,32.0,156,132.03,True,PL260618P00037500
PL,31.149999618530273,2026-06-18,PUT,38.0,7.2,6.6,7.5,36.0,248,113.87,True,PL260618P00038000
PL,31.149999618530273,2026-06-18,PUT,38.5,7.87,7.0,8.2,4.0,29,126.17,True,PL260618P00038500
PL,31.149999618530273,2026-06-18,PUT,39.0,8.26,7.3,8.8,11.0,235,124.61,True,PL260618P00039000
PL,31.149999618530273,2026-06-18,PUT,39.5,6.98,7.4,9.6,2.0,28,121.48,True,PL260618P00039500
PL,31.149999618530273,2026-06-18,PUT,40.0,8.8,8.5,9.4,68.0,1195,116.02,True,PL260618P00040000
PL,31.149999618530273,2026-06-18,PUT,40.5,9.5,8.5,10.2,14.0,33,50.0,True,PL260618P00040500
PL,31.149999618530273,2026-06-18,PUT,41.0,10.06,9.1,10.7,17.0,275,110.16,True,PL260618P00041000
PL,31.149999618530273,2026-06-18,PUT,41.5,10.75,9.6,11.2,6.0,30,114.06,True,PL260618P00041500
PL,31.149999618530273,2026-06-18,PUT,42.0,8.6,10.1,11.6,1.0,287,50.0,True,PL260618P00042000
PL,31.149999618530273,2026-06-18,PUT,42.5,11.06,10.3,12.1,5.0,8,225.2,True,PL260618P00042500
PL,31.149999618530273,2026-06-18,PUT,43.0,11.31,11.0,12.6,35.0,98,230.47,True,PL260618P00043000
PL,31.149999618530273,2026-06-18,PUT,43.5,12.2,11.6,13.2,5.0,68,129.69,True,PL260618P00043500
PL,31.149999618530273,2026-06-18,PUT,44.0,12.5,12.0,13.9,1.0,427,149.22,True,PL260618P00044000
PL,31.149999618530273,2026-06-18,PUT,44.5,11.9,12.5,14.7,1.0,144,183.98,True,PL260618P00044500
PL,31.149999618530273,2026-06-18,PUT,45.0,13.9,13.4,14.4,4.0,375,139.84,True,PL260618P00045000
PL,31.149999618530273,2026-06-18,PUT,45.5,13.68,13.4,15.1,10.0,139,255.66,True,PL260618P00045500
PL,31.149999618530273,2026-06-18,PUT,46.0,14.38,13.7,15.6,5.0,96,260.35,True,PL260618P00046000
PL,31.149999618530273,2026-06-18,PUT,46.5,15.78,14.3,16.9,2.0,101,200.78,True,PL260618P00046500
PL,31.149999618530273,2026-06-18,PUT,47.0,16.44,14.2,17.3,3.0,17,333.98,True,PL260618P00047000
PL,31.149999618530273,2026-06-18,PUT,48.0,17.2,15.6,18.2,4.0,29,160.16,True,PL260618P00048000
PL,31.149999618530273,2026-06-18,PUT,49.0,17.05,16.5,19.3,1.0,52,166.41,True,PL260618P00049000
PL,31.149999618530273,2026-06-18,PUT,50.0,17.0,17.8,20.1,1.0,484,191.8,True,PL260618P00050000
PL,31.149999618530273,2026-06-18,PUT,51.0,16.87,18.7,21.0,3.0,28,100.0,True,PL260618P00051000
PL,31.149999618530273,2026-06-18,PUT,52.0,9.11,19.0,22.4,8.0,8,388.48,True,PL260618P00052000
PL,31.149999618530273,2026-06-18,PUT,55.0,12.46,22.3,25.4,2.0,1,100.0,True,PL260618P00055000
PL,31.149999618530273,2026-06-18,PUT,60.0,18.1,27.0,30.4,1.0,12,450.0,True,PL260618P00060000
PL,31.149999618530273,2026-06-18,PUT,65.0,17.6,32.3,35.4,,0,100.0,True,PL260618P00065000
PL,31.149999618530273,2026-06-18,PUT,70.0,24.62,36.8,40.4,,10,512.31,True,PL260618P00070000
PL,31.149999618530273,2026-06-18,PUT,75.0,45.0,42.7,45.2,4.0,148,314.84,True,PL260618P00075000
PL,31.149999618530273,2026-06-26,CALL,20.0,13.9,9.8,12.5,2.0,8,50.0,True,PL260626C00020000
PL,31.149999618530273,2026-06-26,CALL,25.0,9.0,5.7,7.2,7.0,8,94.92,True,PL260626C00025000
PL,31.149999618530273,2026-06-26,CALL,28.0,6.01,3.6,4.8,1.0,8,99.32,True,PL260626C00028000
PL,31.149999618530273,2026-06-26,CALL,29.0,5.12,3.0,4.1,100.0,47,98.83,True,PL260626C00029000
PL,31.149999618530273,2026-06-26,CALL,30.0,3.2,2.8,3.3,7.0,133,101.95,True,PL260626C00030000
PL,31.149999618530273,2026-06-26,CALL,31.0,2.6,2.3,2.85,16.0,44,103.13,True,PL260626C00031000
PL,31.149999618530273,2026-06-26,CALL,31.5,2.6,2.1,2.6,29.0,12,103.22,False,PL260626C00031500
PL,31.149999618530273,2026-06-26,CALL,32.0,2.15,1.75,2.4,23.0,38,100.59,False,PL260626C00032000
PL,31.149999618530273,2026-06-26,CALL,32.5,2.1,1.6,2.1,9.0,10,99.37,False,PL260626C00032500
PL,31.149999618530273,2026-06-26,CALL,33.0,1.65,1.5,2.0,136.0,314,102.73,False,PL260626C00033000
PL,31.149999618530273,2026-06-26,CALL,33.5,2.0,1.2,2.0,4.0,14,103.52,False,PL260626C00033500
PL,31.149999618530273,2026-06-26,CALL,34.0,1.4,1.1,1.7,45.0,278,101.56,False,PL260626C00034000
PL,31.149999618530273,2026-06-26,CALL,35.0,1.25,0.85,1.6,370.0,651,105.86,False,PL260626C00035000
PL,31.149999618530273,2026-06-26,CALL,35.5,1.15,0.7,1.6,1.0,3,108.11,False,PL260626C00035500
PL,31.149999618530273,2026-06-26,CALL,36.0,1.01,0.8,1.15,35.0,332,104.98,False,PL260626C00036000
PL,31.149999618530273,2026-06-26,CALL,36.5,1.2,0.6,1.45,1.0,6,112.6,False,PL260626C00036500
PL,31.149999618530273,2026-06-26,CALL,37.0,0.78,0.65,0.85,5.0,76,103.22,False,PL260626C00037000
PL,31.149999618530273,2026-06-26,CALL,37.5,0.95,0.45,1.05,8.0,10,107.72,False,PL260626C00037500
PL,31.149999618530273,2026-06-26,CALL,38.0,0.55,0.5,0.85,26.0,79,107.91,False,PL260626C00038000
PL,31.149999618530273,2026-06-26,CALL,39.0,0.98,0.3,1.15,11.0,103,119.24,False,PL260626C00039000
PL,31.149999618530273,2026-06-26,CALL,40.0,0.48,0.35,0.5,83.0,715,107.42,False,PL260626C00040000
PL,31.149999618530273,2026-06-26,CALL,41.0,0.4,0.35,0.45,1.0,74,112.5,False,PL260626C00041000
PL,31.149999618530273,2026-06-26,CALL,42.0,1.0,0.1,0.8,71.0,93,123.24,False,PL260626C00042000
PL,31.149999618530273,2026-06-26,CALL,43.0,0.65,0.05,0.55,1.0,57,116.8,False,PL260626C00043000
PL,31.149999618530273,2026-06-26,CALL,44.0,0.33,0.05,0.4,32.0,73,115.04,False,PL260626C00044000
PL,31.149999618530273,2026-06-26,CALL,45.0,0.26,0.05,0.6,24.0,71,131.06,False,PL260626C00045000
PL,31.149999618530273,2026-06-26,CALL,46.0,0.52,0.05,0.9,50.0,82,150.0,False,PL260626C00046000
PL,31.149999618530273,2026-06-26,CALL,47.0,0.35,0.05,0.85,16.0,88,153.61,False,PL260626C00047000
PL,31.149999618530273,2026-06-26,CALL,48.0,0.36,0.05,0.45,1.0,65,139.06,False,PL260626C00048000
PL,31.149999618530273,2026-06-26,CALL,49.0,0.2,0.1,0.15,17.0,83,126.17,False,PL260626C00049000
PL,31.149999618530273,2026-06-26,CALL,50.0,0.1,0.0,0.2,86.0,928,125.39,False,PL260626C00050000
PL,31.149999618530273,2026-06-26,CALL,51.0,0.27,0.0,0.5,5.0,38,153.32,False,PL260626C00051000
PL,31.149999618530273,2026-06-26,CALL,52.0,0.2,0.0,0.2,1.0,38,133.59,False,PL260626C00052000
PL,31.149999618530273,2026-06-26,CALL,53.0,3.8,0.0,0.9,1.0,12,184.18,False,PL260626C00053000
PL,31.149999618530273,2026-06-26,CALL,54.0,1.55,0.0,0.95,2.0,11,191.02,False,PL260626C00054000
PL,31.149999618530273,2026-06-26,CALL,55.0,0.1,0.0,0.6,1.0,195,176.95,False,PL260626C00055000
PL,31.149999618530273,2026-06-26,CALL,56.0,0.45,0.0,0.95,1.0,38,199.9,False,PL260626C00056000
PL,31.149999618530273,2026-06-26,CALL,57.0,0.15,0.0,0.95,1.0,9,204.3,False,PL260626C00057000
PL,31.149999618530273,2026-06-26,CALL,58.0,4.24,0.0,1.15,8.0,8,217.77,False,PL260626C00058000
PL,31.149999618530273,2026-06-26,CALL,59.0,0.75,0.0,0.95,2.0,1,212.5,False,PL260626C00059000
PL,31.149999618530273,2026-06-26,CALL,60.0,0.05,0.0,0.35,6.0,185,178.32,False,PL260626C00060000
PL,31.149999618530273,2026-06-26,CALL,65.0,0.1,0.0,0.9,1.0,64,232.42,False,PL260626C00065000
PL,31.149999618530273,2026-06-26,CALL,70.0,0.01,0.0,0.9,1.0,22,249.22,False,PL260626C00070000
PL,31.149999618530273,2026-06-26,CALL,75.0,0.05,0.0,0.9,30.0,47,264.45,False,PL260626C00075000
PL,31.149999618530273,2026-06-26,PUT,20.0,0.14,0.0,0.95,22.0,4012,184.57,False,PL260626P00020000
PL,31.149999618530273,2026-06-26,PUT,21.0,0.15,0.0,0.3,28.0,298,126.56,False,PL260626P00021000
PL,31.149999618530273,2026-06-26,PUT,22.0,0.1,0.0,0.35,12.0,25,117.97,False,PL260626P00022000
PL,31.149999618530273,2026-06-26,PUT,23.0,0.27,0.05,0.9,1.0,7,138.28,False,PL260626P00023000
PL,31.149999618530273,2026-06-26,PUT,24.0,0.3,0.05,0.4,1.0,5,99.8,False,PL260626P00024000
PL,31.149999618530273,2026-06-26,PUT,25.0,0.46,0.15,0.55,58.0,1086,99.41,False,PL260626P00025000
PL,31.149999618530273,2026-06-26,PUT,26.0,0.67,0.45,0.85,14.0,322,107.72,False,PL260626P00026000
PL,31.149999618530273,2026-06-26,PUT,27.0,0.85,0.7,1.05,68.0,80,106.06,False,PL260626P00027000
PL,31.149999618530273,2026-06-26,PUT,28.0,1.2,1.0,1.4,55.0,98,106.84,False,PL260626P00028000
PL,31.149999618530273,2026-06-26,PUT,29.0,1.5,1.3,1.75,73.0,162,104.59,False,PL260626P00029000
PL,31.149999618530273,2026-06-26,PUT,29.5,2.0,1.5,2.0,2.0,3,105.27,False,PL260626P00029500
PL,31.149999618530273,2026-06-26,PUT,30.0,1.85,1.75,2.0,432.0,659,100.88,False,PL260626P00030000
PL,31.149999618530273,2026-06-26,PUT,31.0,2.67,2.2,2.8,7.0,21,106.25,False,PL260626P00031000
PL,31.149999618530273,2026-06-26,PUT,31.5,2.87,2.4,3.1,10.0,5,105.27,True,PL260626P00031500
PL,31.149999618530273,2026-06-26,PUT,32.0,3.16,2.75,3.2,55.0,121,102.64,True,PL260626P00032000
PL,31.149999618530273,2026-06-26,PUT,32.5,3.78,2.95,3.8,3.0,18,106.59,True,PL260626P00032500
PL,31.149999618530273,2026-06-26,PUT,33.0,3.94,3.3,4.2,8.0,86,108.98,True,PL260626P00033000
PL,31.149999618530273,2026-06-26,PUT,34.0,4.55,4.0,4.8,27.0,76,108.01,True,PL260626P00034000
PL,31.149999618530273,2026-06-26,PUT,34.5,4.58,4.4,5.3,1.0,2,112.21,True,PL260626P00034500
PL,31.149999618530273,2026-06-26,PUT,35.0,5.18,4.8,5.5,15.0,348,109.28,True,PL260626P00035000
PL,31.149999618530273,2026-06-26,PUT,36.0,6.0,5.3,6.2,1.0,158,101.27,True,PL260626P00036000
PL,31.149999618530273,2026-06-26,PUT,37.0,6.75,6.3,7.2,2.0,24,111.13,True,PL260626P00037000
PL,31.149999618530273,2026-06-26,PUT,38.0,7.59,7.2,8.0,1.0,381,112.21,True,PL260626P00038000
PL,31.149999618530273,2026-06-26,PUT,38.5,8.55,7.6,8.7,2.0,6,119.34,True,PL260626P00038500
PL,31.149999618530273,2026-06-26,PUT,39.0,6.8,8.0,9.3,4.0,57,123.63,True,PL260626P00039000
PL,31.149999618530273,2026-06-26,PUT,40.0,9.49,8.9,10.1,12.0,194,122.66,True,PL260626P00040000
PL,31.149999618530273,2026-06-26,PUT,41.0,10.4,9.8,10.9,3.0,23,120.02,True,PL260626P00041000
PL,31.149999618530273,2026-06-26,PUT,42.0,11.15,10.8,11.7,1.0,112,119.34,True,PL260626P00042000
PL,31.149999618530273,2026-06-26,PUT,43.0,10.6,11.5,13.1,6.0,27,129.79,True,PL260626P00043000
PL,31.149999618530273,2026-06-26,PUT,44.0,13.2,12.7,13.7,5.0,41,127.54,True,PL260626P00044000
PL,31.149999618530273,2026-06-26,PUT,45.0,14.1,13.5,14.7,4.0,80,123.44,True,PL260626P00045000
PL,31.149999618530273,2026-06-26,PUT,46.0,13.45,14.0,16.2,4.0,38,128.71,True,PL260626P00046000
PL,31.149999618530273,2026-06-26,PUT,47.0,6.4,15.3,17.5,1.0,10,161.91,True,PL260626P00047000
PL,31.149999618530273,2026-06-26,PUT,48.0,6.7,15.8,18.4,1.0,15,139.06,True,PL260626P00048000
PL,31.149999618530273,2026-06-26,PUT,49.0,19.1,16.8,19.1,1.0,50,121.09,True,PL260626P00049000
PL,31.149999618530273,2026-06-26,PUT,50.0,19.25,18.0,20.4,5.0,116,159.96,True,PL260626P00050000
PL,31.149999618530273,2026-06-26,PUT,51.0,18.6,19.0,21.2,1.0,1,153.32,True,PL260626P00051000
PL,31.149999618530273,2026-06-26,PUT,55.0,11.1,22.6,25.7,,1,176.95,True,PL260626P00055000
PL,31.149999618530273,2026-07-02,CALL,25.0,7.0,6.0,7.5,1.0,0,99.61,True,PL260702C00025000
PL,31.149999618530273,2026-07-02,CALL,30.0,3.3,3.1,3.9,8.0,48,101.42,True,PL260702C00030000
PL,31.149999618530273,2026-07-02,CALL,31.0,2.99,2.55,3.4,18.0,25,100.15,True,PL260702C00031000
PL,31.149999618530273,2026-07-02,CALL,32.0,2.55,2.3,2.95,10.0,25,103.03,False,PL260702C00032000
PL,31.149999618530273,2026-07-02,CALL,33.0,2.2,1.9,2.3,822.0,458,98.14,False,PL260702C00033000
PL,31.149999618530273,2026-07-02,CALL,34.0,1.83,1.6,1.95,24.0,206,98.44,False,PL260702C00034000
PL,31.149999618530273,2026-07-02,CALL,35.0,1.57,1.1,2.0,48.0,101,100.78,False,PL260702C00035000
PL,31.149999618530273,2026-07-02,CALL,36.0,1.44,0.9,1.75,9.0,224,101.76,False,PL260702C00036000
PL,31.149999618530273,2026-07-02,CALL,37.0,2.78,0.85,1.3,77.0,161,100.39,False,PL260702C00037000
PL,31.149999618530273,2026-07-02,CALL,38.0,1.45,0.7,1.4,24.0,36,107.32,False,PL260702C00038000
PL,31.149999618530273,2026-07-02,CALL,39.0,1.2,0.45,1.2,6.0,17,104.59,False,PL260702C00039000
PL,31.149999618530273,2026-07-02,CALL,40.0,0.85,0.45,1.25,42.0,168,112.6,False,PL260702C00040000
PL,31.149999618530273,2026-07-02,CALL,41.0,0.6,0.45,0.95,2.0,40,111.62,False,PL260702C00041000
PL,31.149999618530273,2026-07-02,CALL,42.0,1.1,0.3,0.9,9.0,31,112.11,False,PL260702C00042000
PL,31.149999618530273,2026-07-02,CALL,43.0,0.45,0.25,1.0,2.0,31,119.34,False,PL260702C00043000
PL,31.149999618530273,2026-07-02,CALL,44.0,0.6,0.2,0.7,15.0,39,113.87,False,PL260702C00044000
PL,31.149999618530273,2026-07-02,CALL,45.0,0.4,0.15,0.85,1.0,603,122.27,False,PL260702C00045000
PL,31.149999618530273,2026-07-02,CALL,46.0,0.35,0.05,0.6,4.0,22,114.26,False,PL260702C00046000
PL,31.149999618530273,2026-07-02,CALL,47.0,0.45,0.05,0.65,6.0,61,120.9,False,PL260702C00047000
PL,31.149999618530273,2026-07-02,CALL,48.0,0.29,0.0,0.75,1.0,38,127.34,False,PL260702C00048000
PL,31.149999618530273,2026-07-02,CALL,49.0,0.44,0.05,0.5,2.0,28,122.85,False,PL260702C00049000
PL,31.149999618530273,2026-07-02,CALL,50.0,0.2,0.15,0.25,88.0,193,118.95,False,PL260702C00050000
PL,31.149999618530273,2026-07-02,CALL,51.0,0.56,0.0,0.8,2.0,27,141.99,False,PL260702C00051000
PL,31.149999618530273,2026-07-02,CALL,52.0,0.4,0.0,0.8,2.0,7,146.09,False,PL260702C00052000
PL,31.149999618530273,2026-07-02,CALL,53.0,0.48,0.0,0.85,2.0,6,151.95,False,PL260702C00053000
PL,31.149999618530273,2026-07-02,CALL,54.0,4.08,0.0,0.85,4.0,3,155.86,False,PL260702C00054000
PL,31.149999618530273,2026-07-02,CALL,55.0,0.24,0.05,0.6,4.0,49,150.59,False,PL260702C00055000
PL,31.149999618530273,2026-07-02,CALL,56.0,0.22,0.0,0.9,1.0,2,165.23,False,PL260702C00056000
PL,31.149999618530273,2026-07-02,CALL,57.0,3.2,0.0,0.9,6.0,7,168.75,False,PL260702C00057000
PL,31.149999618530273,2026-07-02,CALL,58.0,0.28,0.0,0.45,1.0,130,149.8,False,PL260702C00058000
PL,31.149999618530273,2026-07-02,CALL,60.0,0.18,0.0,0.6,1.0,39,164.65,False,PL260702C00060000
PL,31.149999618530273,2026-07-02,CALL,65.0,0.27,0.0,1.2,7.0,25,207.03,False,PL260702C00065000
PL,31.149999618530273,2026-07-02,CALL,70.0,0.4,0.0,0.95,1.0,36,210.74,False,PL260702C00070000
PL,31.149999618530273,2026-07-02,CALL,75.0,0.15,0.0,0.2,3.0,49,172.27,False,PL260702C00075000
PL,31.149999618530273,2026-07-02,PUT,25.0,1.0,0.55,0.8,105.0,201,104.0,False,PL260702P00025000
PL,31.149999618530273,2026-07-02,PUT,26.0,0.85,0.7,0.95,35.0,32,99.32,False,PL260702P00026000
PL,31.149999618530273,2026-07-02,PUT,27.0,1.25,0.85,1.4,51.0,22,100.2,False,PL260702P00027000
PL,31.149999618530273,2026-07-02,PUT,28.0,1.37,1.25,1.75,2.0,16,101.66,False,PL260702P00028000
PL,31.149999618530273,2026-07-02,PUT,29.0,2.04,1.65,2.25,1.0,46,103.52,False,PL260702P00029000
PL,31.149999618530273,2026-07-02,PUT,30.0,2.3,2.0,2.6,1041.0,1339,99.61,False,PL260702P00030000
PL,31.149999618530273,2026-07-02,PUT,31.0,2.97,2.55,3.3,11.0,9,103.61,False,PL260702P00031000
PL,31.149999618530273,2026-07-02,PUT,32.0,3.66,3.1,3.9,8.0,1013,103.91,True,PL260702P00032000
PL,31.149999618530273,2026-07-02,PUT,33.0,4.75,3.5,4.5,6.0,197,99.9,True,PL260702P00033000
PL,31.149999618530273,2026-07-02,PUT,34.0,4.94,4.3,5.3,8.0,80,104.69,True,PL260702P00034000
PL,31.149999618530273,2026-07-02,PUT,35.0,5.4,4.8,6.3,1.0,407,106.3,True,PL260702P00035000
PL,31.149999618530273,2026-07-02,PUT,36.0,7.15,5.7,6.9,35.0,90,106.64,True,PL260702P00036000
PL,31.149999618530273,2026-07-02,PUT,37.0,8.23,6.4,7.7,6.0,22,105.57,True,PL260702P00037000
PL,31.149999618530273,2026-07-02,PUT,38.0,7.0,7.2,8.6,2.0,79,107.32,True,PL260702P00038000
PL,31.149999618530273,2026-07-02,PUT,39.0,9.0,7.9,9.4,4.0,109,103.42,True,PL260702P00039000
PL,31.149999618530273,2026-07-02,PUT,40.0,9.6,9.1,10.4,1.0,127,115.04,True,PL260702P00040000
PL,31.149999618530273,2026-07-02,PUT,41.0,10.65,9.9,11.2,2.0,17,111.62,True,PL260702P00041000
PL,31.149999618530273,2026-07-02,PUT,42.0,10.75,10.9,12.5,5.0,18,125.49,True,PL260702P00042000
PL,31.149999618530273,2026-07-02,PUT,43.0,12.47,11.8,13.2,11.0,15,120.7,True,PL260702P00043000
PL,31.149999618530273,2026-07-02,PUT,44.0,13.4,12.6,13.9,4.0,48,110.35,True,PL260702P00044000
PL,31.149999618530273,2026-07-02,PUT,45.0,13.4,13.6,15.2,2.0,24,125.59,True,PL260702P00045000
PL,31.149999618530273,2026-07-02,PUT,46.0,13.1,14.5,16.1,3.0,7,123.83,True,PL260702P00046000
PL,31.149999618530273,2026-07-02,PUT,47.0,11.9,15.3,17.3,1.0,3,128.52,True,PL260702P00047000
PL,31.149999618530273,2026-07-02,PUT,48.0,16.22,16.2,18.4,2.0,2,133.11,True,PL260702P00048000
PL,31.149999618530273,2026-07-02,PUT,49.0,9.75,17.1,19.4,5.0,6,133.79,True,PL260702P00049000
PL,31.149999618530273,2026-07-02,PUT,50.0,11.01,18.1,20.5,1.0,18,141.8,True,PL260702P00050000
PL,31.149999618530273,2026-07-02,PUT,75.0,26.97,41.9,45.9,,1,157.81,True,PL260702P00075000
PL,31.149999618530273,2026-07-10,CALL,25.0,10.0,6.4,8.0,2.0,17,105.18,True,PL260710C00025000
PL,31.149999618530273,2026-07-10,CALL,27.0,7.62,5.1,6.5,1.0,3,103.91,True,PL260710C00027000
PL,31.149999618530273,2026-07-10,CALL,28.0,5.21,4.5,5.8,1.0,1,102.69,True,PL260710C00028000
PL,31.149999618530273,2026-07-10,CALL,30.0,4.45,3.5,4.4,1.0,12,99.32,True,PL260710C00030000
PL,31.149999618530273,2026-07-10,CALL,31.0,3.26,3.1,4.0,11.0,32,101.51,True,PL260710C00031000
PL,31.149999618530273,2026-07-10,CALL,32.0,2.8,2.75,3.4,150.0,30,100.2,False,PL260710C00032000
PL,31.149999618530273,2026-07-10,CALL,33.0,2.65,2.55,2.75,218.0,300,99.02,False,PL260710C00033000
PL,31.149999618530273,2026-07-10,CALL,34.0,2.55,2.0,2.5,6.0,94,97.36,False,PL260710C00034000
PL,31.149999618530273,2026-07-10,CALL,35.0,1.96,1.75,2.35,8.0,51,100.49,False,PL260710C00035000
PL,31.149999618530273,2026-07-10,CALL,36.0,2.39,1.3,2.1,23.0,23,98.05,False,PL260710C00036000
PL,31.149999618530273,2026-07-10,CALL,37.0,1.85,1.25,1.85,329.0,113,100.88,False,PL260710C00037000
PL,31.149999618530273,2026-07-10,CALL,38.0,1.81,1.1,1.75,7.0,12,103.81,False,PL260710C00038000
PL,31.149999618530273,2026-07-10,CALL,39.0,1.2,0.75,1.45,9.0,11,98.88,False,PL260710C00039000
PL,31.149999618530273,2026-07-10,CALL,40.0,0.99,0.8,1.4,15.0,230,104.93,False,PL260710C00040000
PL,31.149999618530273,2026-07-10,CALL,42.0,1.65,0.6,1.15,2.0,74,107.13,False,PL260710C00042000
PL,31.149999618530273,2026-07-10,CALL,43.0,1.06,0.5,1.1,25.0,40,108.89,False,PL260710C00043000
PL,31.149999618530273,2026-07-10,CALL,44.0,0.8,0.3,1.0,5.0,58,106.74,False,PL260710C00044000
PL,31.149999618530273,2026-07-10,CALL,45.0,0.9,0.3,0.85,2.0,81,107.42,False,PL260710C00045000
PL,31.149999618530273,2026-07-10,CALL,46.0,1.4,0.2,0.9,2.0,31,110.35,False,PL260710C00046000
PL,31.149999618530273,2026-07-10,CALL,47.0,0.4,0.25,0.75,17.0,90,111.62,False,PL260710C00047000
PL,31.149999618530273,2026-07-10,CALL,48.0,0.8,0.15,0.7,1.0,59,110.94,False,PL260710C00048000
PL,31.149999618530273,2026-07-10,CALL,49.0,0.75,0.1,0.65,4.0,8,111.33,False,PL260710C00049000
PL,31.149999618530273,2026-07-10,CALL,50.0,0.3,0.15,0.6,35.0,240,114.84,False,PL260710C00050000
PL,31.149999618530273,2026-07-10,CALL,52.0,0.6,0.0,0.75,20.0,10,121.68,False,PL260710C00052000
PL,31.149999618530273,2026-07-10,CALL,55.0,0.35,0.0,0.75,38.0,42,131.15,False,PL260710C00055000
PL,31.149999618530273,2026-07-10,CALL,56.0,0.39,0.05,1.05,1.0,27,146.29,False,PL260710C00056000
PL,31.149999618530273,2026-07-10,CALL,59.0,0.62,0.0,0.95,1.0,1,150.2,False,PL260710C00059000
PL,31.149999618530273,2026-07-10,CALL,60.0,0.3,0.0,0.9,1.0,14,151.27,False,PL260710C00060000
PL,31.149999618530273,2026-07-10,CALL,65.0,0.65,0.0,1.15,1.0,1,173.24,False,PL260710C00065000
PL,31.149999618530273,2026-07-10,CALL,70.0,1.65,0.0,1.0,,1,180.08,False,PL260710C00070000
PL,31.149999618530273,2026-07-10,CALL,75.0,0.28,0.0,0.65,7.0,9,175.78,False,PL260710C00075000
PL,31.149999618530273,2026-07-10,PUT,20.0,0.38,0.0,0.85,6.0,7,126.56,False,PL260710P00020000
PL,31.149999618530273,2026-07-10,PUT,23.0,0.49,0.4,0.65,11.0,18,100.88,False,PL260710P00023000
PL,31.149999618530273,2026-07-10,PUT,24.0,0.8,0.5,1.0,7.0,8,102.54,False,PL260710P00024000
PL,31.149999618530273,2026-07-10,PUT,25.0,0.95,0.55,1.15,24.0,111,96.19,False,PL260710P00025000
PL,31.149999618530273,2026-07-10,PUT,26.0,1.6,1.0,1.3,11.0,73,97.46,False,PL260710P00026000
PL,31.149999618530273,2026-07-10,PUT,27.0,1.51,1.3,1.9,5.0,14,102.1,False,PL260710P00027000
PL,31.149999618530273,2026-07-10,PUT,28.0,1.88,1.45,2.55,6.0,27,102.69,False,PL260710P00028000
PL,31.149999618530273,2026-07-10,PUT,29.0,2.4,2.05,2.7,14.0,49,100.88,False,PL260710P00029000
PL,31.149999618530273,2026-07-10,PUT,30.0,3.0,2.5,3.2,11.0,96,100.78,False,PL260710P00030000
PL,31.149999618530273,2026-07-10,PUT,31.0,3.55,3.0,3.8,31.0,37,101.51,False,PL260710P00031000
PL,31.149999618530273,2026-07-10,PUT,32.0,4.7,3.6,4.3,17.0,249,100.88,True,PL260710P00032000
PL,31.149999618530273,2026-07-10,PUT,33.0,5.44,4.1,5.1,5.0,81,101.95,True,PL260710P00033000
PL,31.149999618530273,2026-07-10,PUT,34.0,4.12,4.8,5.8,1.0,7,103.27,True,PL260710P00034000
PL,31.149999618530273,2026-07-10,PUT,35.0,5.89,5.4,6.5,13.0,47,102.0,True,PL260710P00035000
PL,31.149999618530273,2026-07-10,PUT,36.0,6.96,6.1,7.3,1.0,3,102.73,True,PL260710P00036000
PL,31.149999618530273,2026-07-10,PUT,37.0,6.73,6.7,8.1,1.0,8,100.88,True,PL260710P00037000
PL,31.149999618530273,2026-07-10,PUT,38.0,8.5,7.4,9.1,1.0,28,102.93,True,PL260710P00038000
PL,31.149999618530273,2026-07-10,PUT,39.0,7.44,8.3,9.8,1.0,8,102.54,True,PL260710P00039000
PL,31.149999618530273,2026-07-10,PUT,40.0,10.25,9.2,10.7,2.0,47,104.93,True,PL260710P00040000
PL,31.149999618530273,2026-07-10,PUT,41.0,10.11,10.1,11.6,1.0,4,106.84,True,PL260710P00041000
PL,31.149999618530273,2026-07-10,PUT,42.0,11.12,10.8,12.5,1.0,12,103.91,True,PL260710P00042000
PL,31.149999618530273,2026-07-10,PUT,43.0,10.48,11.8,13.4,8.0,13,106.74,True,PL260710P00043000
PL,31.149999618530273,2026-07-10,PUT,44.0,13.9,12.7,14.4,1.0,9,109.18,True,PL260710P00044000
PL,31.149999618530273,2026-07-10,PUT,45.0,14.0,13.6,15.3,20.0,12,108.69,True,PL260710P00045000
PL,31.149999618530273,2026-07-10,PUT,46.0,14.0,14.5,16.3,3.0,6,110.35,True,PL260710P00046000
PL,31.149999618530273,2026-07-10,PUT,47.0,15.35,15.5,17.2,1.0,2,111.62,True,PL260710P00047000
PL,31.149999618530273,2026-07-10,PUT,48.0,16.98,16.4,18.2,2.0,0,112.5,True,PL260710P00048000
PL,31.149999618530273,2026-07-10,PUT,50.0,9.6,18.4,20.3,,3,123.05,True,PL260710P00050000
PL,31.149999618530273,2026-07-10,PUT,51.0,21.55,19.2,21.4,16.0,8,123.44,True,PL260710P00051000
PL,31.149999618530273,2026-07-10,PUT,75.0,27.43,42.2,45.9,,0,161.72,True,PL260710P00075000
PL,31.149999618530273,2026-07-17,CALL,3.0,28.72,26.5,30.1,1.0,1,418.75,True,PL260717C00003000
PL,31.149999618530273,2026-07-17,CALL,4.0,29.1,25.5,29.2,1.0,1,384.38,True,PL260717C00004000
PL,31.149999618530273,2026-07-17,CALL,5.0,28.2,24.3,28.2,1.0,3,300.78,True,PL260717C00005000
PL,31.149999618530273,2026-07-17,CALL,6.0,36.65,23.3,27.2,,0,271.09,True,PL260717C00006000
PL,31.149999618530273,2026-07-17,CALL,7.0,32.3,22.5,25.5,40.0,67,458.98,True,PL260717C00007000
PL,31.149999618530273,2026-07-17,CALL,8.0,25.9,21.5,25.2,1.0,4,253.91,True,PL260717C00008000
PL,31.149999618530273,2026-07-17,CALL,9.0,33.75,20.3,24.2,6.0,4,205.47,True,PL260717C00009000
PL,31.149999618530273,2026-07-17,CALL,10.0,20.9,19.5,23.2,1.0,16,214.45,True,PL260717C00010000
PL,31.149999618530273,2026-07-17,CALL,11.0,19.57,18.3,22.1,17.0,65,156.25,True,PL260717C00011000
PL,31.149999618530273,2026-07-17,CALL,12.0,34.6,17.6,20.5,10.0,57,301.76,True,PL260717C00012000
PL,31.149999618530273,2026-07-17,CALL,13.0,18.5,16.5,19.6,10.0,44,287.3,True,PL260717C00013000
PL,31.149999618530273,2026-07-17,CALL,14.0,18.51,15.2,19.3,10.0,29,137.11,True,PL260717C00014000
PL,31.149999618530273,2026-07-17,CALL,15.0,15.67,14.2,17.6,1.0,69,248.14,True,PL260717C00015000
PL,31.149999618530273,2026-07-17,CALL,16.0,21.1,15.3,17.2,2.0,70,208.98,True,PL260717C00016000
PL,31.149999618530273,2026-07-17,CALL,17.0,27.37,13.1,15.5,8.0,92,115.23,True,PL260717C00017000
PL,31.149999618530273,2026-07-17,CALL,18.0,22.93,12.1,14.4,5.0,188,98.05,True,PL260717C00018000
PL,31.149999618530273,2026-07-17,CALL,19.0,12.34,12.1,13.1,8.0,50,125.39,True,PL260717C00019000
PL,31.149999618530273,2026-07-17,CALL,20.0,10.0,10.3,12.5,21.0,228,98.83,True,PL260717C00020000
PL,31.149999618530273,2026-07-17,CALL,21.0,12.3,9.6,11.4,3.0,118,97.85,True,PL260717C00021000
PL,31.149999618530273,2026-07-17,CALL,22.0,29.08,8.9,10.5,5.0,159,101.37,True,PL260717C00022000
PL,31.149999618530273,2026-07-17,CALL,23.0,8.9,8.1,9.8,3.0,211,104.2,True,PL260717C00023000
PL,31.149999618530273,2026-07-17,CALL,24.0,8.0,7.8,8.8,14.0,182,108.79,True,PL260717C00024000
PL,31.149999618530273,2026-07-17,CALL,25.0,6.83,6.7,8.0,32.0,366,99.8,True,PL260717C00025000
PL,31.149999618530273,2026-07-17,CALL,26.0,6.96,6.0,7.3,1.0,75,99.41,True,PL260717C00026000
PL,31.149999618530273,2026-07-17,CALL,27.0,6.34,5.6,6.6,1.0,403,102.39,True,PL260717C00027000
PL,31.149999618530273,2026-07-17,CALL,28.0,5.5,4.9,6.2,30.0,363,103.66,True,PL260717C00028000
PL,31.149999618530273,2026-07-17,CALL,29.0,7.1,4.5,5.4,1.0,82,102.15,True,PL260717C00029000
PL,31.149999618530273,2026-07-17,CALL,30.0,4.45,4.1,4.7,324.0,1276,100.98,True,PL260717C00030000
PL,31.149999618530273,2026-07-17,CALL,31.0,4.2,3.6,4.0,44.0,112,97.36,True,PL260717C00031000
PL,31.149999618530273,2026-07-17,CALL,32.0,3.47,3.2,3.6,59.0,252,98.05,False,PL260717C00032000
PL,31.149999618530273,2026-07-17,CALL,33.0,3.0,2.8,3.2,31.0,392,97.66,False,PL260717C00033000
PL,31.149999618530273,2026-07-17,CALL,34.0,2.68,2.25,2.8,90.0,195,94.34,False,PL260717C00034000
PL,31.149999618530273,2026-07-17,CALL,35.0,2.4,2.15,2.5,241.0,1732,97.27,False,PL260717C00035000
PL,31.149999618530273,2026-07-17,CALL,36.0,2.15,1.9,2.3,54.0,216,98.78,False,PL260717C00036000
PL,31.149999618530273,2026-07-17,CALL,37.0,1.86,1.8,1.9,113.0,4431,98.83,False,PL260717C00037000
PL,31.149999618530273,2026-07-17,CALL,38.0,1.65,1.45,1.75,18.0,116,98.05,False,PL260717C00038000
PL,31.149999618530273,2026-07-17,CALL,39.0,1.7,1.25,1.9,12.0,194,103.32,False,PL260717C00039000
PL,31.149999618530273,2026-07-17,CALL,40.0,1.35,1.2,1.5,614.0,2402,102.0,False,PL260717C00040000
PL,31.149999618530273,2026-07-17,CALL,41.0,1.3,0.95,1.25,164.0,94,99.02,False,PL260717C00041000
PL,31.149999618530273,2026-07-17,CALL,42.0,1.05,0.7,1.15,24.0,598,97.66,False,PL260717C00042000
PL,31.149999618530273,2026-07-17,CALL,43.0,1.02,0.6,1.6,10.0,86,108.64,False,PL260717C00043000
PL,31.149999618530273,2026-07-17,CALL,44.0,0.9,0.65,0.95,389.0,4272,101.76,False,PL260717C00044000
PL,31.149999618530273,2026-07-17,CALL,45.0,0.8,0.45,0.85,71.0,988,99.51,False,PL260717C00045000
PL,31.149999618530273,2026-07-17,CALL,46.0,0.7,0.45,0.8,55.0,116,102.25,False,PL260717C00046000
PL,31.149999618530273,2026-07-17,CALL,47.0,0.62,0.35,1.05,18.0,159,109.42,False,PL260717C00047000
PL,31.149999618530273,2026-07-17,CALL,48.0,0.64,0.35,0.9,3.0,231,109.57,False,PL260717C00048000
PL,31.149999618530273,2026-07-17,CALL,49.0,0.7,0.25,0.75,3.0,137,106.74,False,PL260717C00049000
PL,31.149999618530273,2026-07-17,CALL,50.0,0.49,0.35,0.7,95.0,2242,111.33,False,PL260717C00050000
PL,31.149999618530273,2026-07-17,CALL,55.0,0.38,0.2,0.5,6.0,1221,115.63,False,PL260717C00055000
PL,31.149999618530273,2026-07-17,CALL,60.0,0.21,0.15,0.25,117.0,2529,115.43,False,PL260717C00060000
PL,31.149999618530273,2026-07-17,CALL,65.0,0.25,0.05,0.8,1.0,105,145.31,False,PL260717C00065000
PL,31.149999618530273,2026-07-17,CALL,70.0,0.2,0.0,0.3,6.0,104,129.69,False,PL260717C00070000
PL,31.149999618530273,2026-07-17,CALL,75.0,0.15,0.1,0.2,71.0,995,138.28,False,PL260717C00075000
PL,31.149999618530273,2026-07-17,PUT,5.0,0.25,0.0,1.0,1.0,31,418.75,False,PL260717P00005000
PL,31.149999618530273,2026-07-17,PUT,6.0,0.05,0.0,0.3,2.0,802,290.63,False,PL260717P00006000
PL,31.149999618530273,2026-07-17,PUT,7.0,0.05,0.0,0.9,1.0,62,331.64,False,PL260717P00007000
PL,31.149999618530273,2026-07-17,PUT,8.0,0.27,0.05,0.7,1.0,1,290.23,False,PL260717P00008000
PL,31.149999618530273,2026-07-17,PUT,9.0,0.22,0.0,0.4,4.0,49,232.81,False,PL260717P00009000
PL,31.149999618530273,2026-07-17,PUT,10.0,0.11,0.0,0.05,1.0,167,154.69,False,PL260717P00010000
PL,31.149999618530273,2026-07-17,PUT,11.0,0.1,0.0,0.35,1.0,213,192.58,False,PL260717P00011000
PL,31.149999618530273,2026-07-17,PUT,12.0,0.18,0.0,0.95,2.0,25,221.48,False,PL260717P00012000
PL,31.149999618530273,2026-07-17,PUT,13.0,0.15,0.0,0.2,1.0,111,148.44,False,PL260717P00013000
PL,31.149999618530273,2026-07-17,PUT,14.0,0.25,0.0,0.45,1.0,37,159.77,False,PL260717P00014000
PL,31.149999618530273,2026-07-17,PUT,15.0,0.08,0.0,0.25,5.0,175,131.25,False,PL260717P00015000
PL,31.149999618530273,2026-07-17,PUT,16.0,0.19,0.0,0.85,4.0,103,157.81,False,PL260717P00016000
PL,31.149999618530273,2026-07-17,PUT,17.0,0.2,0.0,0.8,10.0,192,143.55,False,PL260717P00017000
PL,31.149999618530273,2026-07-17,PUT,18.0,0.2,0.05,0.75,10.0,876,132.23,False,PL260717P00018000
PL,31.149999618530273,2026-07-17,PUT,19.0,0.2,0.05,0.6,10.0,265,115.23,False,PL260717P00019000
PL,31.149999618530273,2026-07-17,PUT,20.0,0.27,0.15,0.4,154.0,779,101.17,False,PL260717P00020000
PL,31.149999618530273,2026-07-17,PUT,21.0,0.4,0.1,0.95,3.0,945,109.77,False,PL260717P00021000
PL,31.149999618530273,2026-07-17,PUT,22.0,0.54,0.4,0.6,144.0,761,98.44,False,PL260717P00022000
PL,31.149999618530273,2026-07-17,PUT,23.0,0.94,0.45,0.9,26.0,163,98.14,False,PL260717P00023000
PL,31.149999618530273,2026-07-17,PUT,24.0,1.25,0.75,1.2,34.0,360,101.56,False,PL260717P00024000
PL,31.149999618530273,2026-07-17,PUT,25.0,1.28,1.0,1.5,172.0,841,101.66,False,PL260717P00025000
PL,31.149999618530273,2026-07-17,PUT,26.0,1.65,1.05,1.85,63.0,230,97.71,False,PL260717P00026000
PL,31.149999618530273,2026-07-17,PUT,27.0,2.05,1.6,2.1,55.0,1376,99.27,False,PL260717P00027000
PL,31.149999618530273,2026-07-17,PUT,28.0,2.2,2.0,2.4,123.0,1144,97.75,False,PL260717P00028000
PL,31.149999618530273,2026-07-17,PUT,29.0,2.9,2.4,3.2,24.0,467,102.15,False,PL260717P00029000
PL,31.149999618530273,2026-07-17,PUT,30.0,3.18,2.9,3.4,109.0,835,98.24,False,PL260717P00030000
PL,31.149999618530273,2026-07-17,PUT,31.0,4.1,3.4,3.8,3.0,1144,96.09,False,PL260717P00031000
PL,31.149999618530273,2026-07-17,PUT,32.0,4.22,4.0,4.3,45.0,324,95.46,True,PL260717P00032000
PL,31.149999618530273,2026-07-17,PUT,33.0,5.25,4.6,5.0,47.0,192,96.39,True,PL260717P00033000
PL,31.149999618530273,2026-07-17,PUT,34.0,6.16,5.2,5.6,25.0,350,95.02,True,PL260717P00034000
PL,31.149999618530273,2026-07-17,PUT,35.0,6.2,4.8,6.5,56.0,1188,83.11,True,PL260717P00035000
PL,31.149999618530273,2026-07-17,PUT,36.0,6.38,6.7,7.6,1.0,178,104.2,True,PL260717P00036000
PL,31.149999618530273,2026-07-17,PUT,37.0,7.67,7.4,8.4,1.0,438,104.44,True,PL260717P00037000
PL,31.149999618530273,2026-07-17,PUT,38.0,8.05,8.0,9.2,2.0,109,102.44,True,PL260717P00038000
PL,31.149999618530273,2026-07-17,PUT,39.0,8.53,9.0,10.1,12.0,192,107.03,True,PL260717P00039000
PL,31.149999618530273,2026-07-17,PUT,40.0,10.29,9.7,10.8,122.0,311,103.61,True,PL260717P00040000
PL,31.149999618530273,2026-07-17,PUT,41.0,11.41,10.4,12.0,10.0,42,107.32,True,PL260717P00041000
PL,31.149999618530273,2026-07-17,PUT,42.0,11.46,11.4,12.7,1.0,68,107.37,True,PL260717P00042000
PL,31.149999618530273,2026-07-17,PUT,43.0,12.68,12.3,13.6,1.0,89,108.64,True,PL260717P00043000
PL,31.149999618530273,2026-07-17,PUT,44.0,12.1,13.1,14.5,3.0,18,107.62,True,PL260717P00044000
PL,31.149999618530273,2026-07-17,PUT,45.0,14.3,14.0,15.5,1.0,85,109.96,True,PL260717P00045000
PL,31.149999618530273,2026-07-17,PUT,46.0,7.0,14.9,16.4,,3,109.96,True,PL260717P00046000
PL,31.149999618530273,2026-07-17,PUT,47.0,14.9,15.8,17.4,1.0,80,111.62,True,PL260717P00047000
PL,31.149999618530273,2026-07-17,PUT,48.0,17.55,16.8,18.3,1.0,309,113.09,True,PL260717P00048000
PL,31.149999618530273,2026-07-17,PUT,49.0,16.54,17.7,19.3,3.0,245,114.36,True,PL260717P00049000
PL,31.149999618530273,2026-07-17,PUT,50.0,20.0,18.6,20.2,3.0,589,112.7,True,PL260717P00050000
PL,31.149999618530273,2026-07-17,PUT,55.0,12.8,23.1,25.4,172.0,194,119.04,True,PL260717P00055000
PL,31.149999618530273,2026-07-17,PUT,60.0,28.7,28.4,30.3,1.0,35,138.48,True,PL260717P00060000
PL,31.149999618530273,2026-07-24,CALL,25.0,8.72,6.9,8.3,2.0,2,99.56,True,PL260724C00025000
PL,31.149999618530273,2026-07-24,CALL,30.0,4.7,4.2,5.0,30.0,37,97.07,True,PL260724C00030000
PL,31.149999618530273,2026-07-24,CALL,31.0,5.0,3.8,4.9,4.0,24,102.15,True,PL260724C00031000
PL,31.149999618530273,2026-07-24,CALL,32.0,3.75,3.4,4.5,10.0,19,102.59,False,PL260724C00032000
PL,31.149999618530273,2026-07-24,CALL,33.0,3.5,3.1,4.2,12.0,54,104.59,False,PL260724C00033000
PL,31.149999618530273,2026-07-24,CALL,34.0,3.61,2.75,3.6,1.0,7,101.66,False,PL260724C00034000
PL,31.149999618530273,2026-07-24,CALL,35.0,3.0,1.9,3.4,89.0,44,96.68,False,PL260724C00035000
PL,31.149999618530273,2026-07-24,CALL,36.0,3.4,2.1,3.1,2.0,9,102.49,False,PL260724C00036000
PL,31.149999618530273,2026-07-24,CALL,37.0,2.7,1.85,2.75,25.0,34,101.61,False,PL260724C00037000
PL,31.149999618530273,2026-07-24,CALL,38.0,2.1,1.6,2.55,1.0,6,101.95,False,PL260724C00038000
PL,31.149999618530273,2026-07-24,CALL,39.0,1.86,1.45,2.3,4.0,7,102.39,False,PL260724C00039000
PL,31.149999618530273,2026-07-24,CALL,40.0,1.67,1.3,2.0,25.0,52,101.61,False,PL260724C00040000
PL,31.149999618530273,2026-07-24,CALL,41.0,2.8,1.0,1.9,3.0,5,100.88,False,PL260724C00041000
PL,31.149999618530273,2026-07-24,CALL,42.0,1.45,1.0,1.8,10.0,23,104.1,False,PL260724C00042000
PL,31.149999618530273,2026-07-24,CALL,43.0,1.9,0.85,1.65,1.0,6,103.91,False,PL260724C00043000
PL,31.149999618530273,2026-07-24,CALL,44.0,1.55,0.8,1.55,1.0,7,105.76,False,PL260724C00044000
PL,31.149999618530273,2026-07-24,CALL,45.0,2.01,0.7,1.45,1.0,45,106.45,False,PL260724C00045000
PL,31.149999618530273,2026-07-24,CALL,46.0,1.65,0.5,1.55,2.0,23,108.5,False,PL260724C00046000
PL,31.149999618530273,2026-07-24,CALL,47.0,1.1,0.45,1.25,6.0,2,105.76,False,PL260724C00047000
PL,31.149999618530273,2026-07-24,CALL,48.0,1.15,0.45,1.1,7.0,1,106.3,False,PL260724C00048000
PL,31.149999618530273,2026-07-24,CALL,50.0,0.75,0.2,0.95,54.0,42,104.0,False,PL260724C00050000
PL,31.149999618530273,2026-07-24,CALL,53.0,0.57,0.2,1.05,3.0,4,115.14,False,PL260724C00053000
PL,31.149999618530273,2026-07-24,CALL,55.0,0.95,0.2,0.95,1.0,6,118.16,False,PL260724C00055000
PL,31.149999618530273,2026-07-24,CALL,60.0,1.0,0.0,0.75,1.0,1,118.85,False,PL260724C00060000
PL,31.149999618530273,2026-07-24,PUT,16.0,0.33,0.0,1.0,1.0,3,150.39,False,PL260724P00016000
PL,31.149999618530273,2026-07-24,PUT,20.0,0.47,0.05,0.9,3.0,1,106.64,False,PL260724P00020000
PL,31.149999618530273,2026-07-24,PUT,25.0,1.8,0.95,2.0,10.0,45,100.39,False,PL260724P00025000
PL,31.149999618530273,2026-07-24,PUT,28.0,2.86,2.1,3.2,1.0,4,101.32,False,PL260724P00028000
PL,31.149999618530273,2026-07-24,PUT,30.0,3.7,2.55,3.7,28.0,75,89.06,False,PL260724P00030000
PL,31.149999618530273,2026-07-24,PUT,33.0,4.43,4.8,5.8,3.0,78,99.85,True,PL260724P00033000
PL,31.149999618530273,2026-07-24,PUT,34.0,5.99,5.4,6.5,1.0,2,99.85,True,PL260724P00034000
PL,31.149999618530273,2026-07-24,PUT,35.0,7.7,6.1,7.2,6.0,9,100.32,True,PL260724P00035000
PL,31.149999618530273,2026-07-24,PUT,36.0,6.8,6.8,7.9,2.0,2,100.05,True,PL260724P00036000
PL,31.149999618530273,2026-07-24,PUT,37.0,6.8,7.6,8.7,2.0,7,101.61,True,PL260724P00037000
PL,31.149999618530273,2026-07-24,PUT,38.0,9.88,8.4,9.5,6.0,30,102.64,True,PL260724P00038000
PL,31.149999618530273,2026-07-24,PUT,40.0,9.29,9.7,11.4,1.0,26,102.98,True,PL260724P00040000
PL,31.149999618530273,2026-07-24,PUT,42.0,11.95,11.5,13.1,1.0,3,105.57,True,PL260724P00042000
PL,31.149999618530273,2026-07-24,PUT,45.0,14.06,13.8,15.9,53.0,2,103.91,True,PL260724P00045000
PL,31.149999618530273,2026-07-24,PUT,46.0,15.95,14.7,16.8,1.0,3,104.1,True,PL260724P00046000
PL,31.149999618530273,2026-07-24,PUT,47.0,9.36,15.6,17.7,,7,103.91,True,PL260724P00047000
PL,31.149999618530273,2026-08-21,CALL,20.0,15.26,11.3,12.9,5.0,70,102.83,True,PL260821C00020000
PL,31.149999618530273,2026-08-21,CALL,21.0,14.3,10.6,12.2,2.0,24,104.79,True,PL260821C00021000
PL,31.149999618530273,2026-08-21,CALL,22.0,12.2,9.9,11.4,5.0,5,103.86,True,PL260821C00022000
PL,31.149999618530273,2026-08-21,CALL,23.0,26.53,9.2,10.7,,90,103.52,True,PL260821C00023000
PL,31.149999618530273,2026-08-21,CALL,24.0,11.27,8.6,10.0,2.0,2,103.61,True,PL260821C00024000
PL,31.149999618530273,2026-08-21,CALL,25.0,8.75,8.5,9.1,11.0,16,106.4,True,PL260821C00025000
PL,31.149999618530273,2026-08-21,CALL,26.0,8.52,7.5,8.7,2.0,13,103.66,True,PL260821C00026000
PL,31.149999618530273,2026-08-21,CALL,27.0,8.0,6.8,8.4,3.0,7,104.79,True,PL260821C00027000
PL,31.149999618530273,2026-08-21,CALL,28.0,6.35,6.5,7.6,2.0,10,104.1,True,PL260821C00028000
PL,31.149999618530273,2026-08-21,CALL,29.0,7.6,5.9,7.1,1.0,23,102.83,True,PL260821C00029000
PL,31.149999618530273,2026-08-21,CALL,30.0,6.0,5.4,6.2,243.0,150,98.19,True,PL260821C00030000
PL,31.149999618530273,2026-08-21,CALL,31.0,5.8,4.9,5.9,164.0,15,98.83,True,PL260821C00031000
PL,31.149999618530273,2026-08-21,CALL,32.0,5.2,4.8,5.9,45.0,682,105.42,False,PL260821C00032000
PL,31.149999618530273,2026-08-21,CALL,33.0,4.96,4.3,5.1,18.0,167,100.34,False,PL260821C00033000
PL,31.149999618530273,2026-08-21,CALL,34.0,4.2,3.9,4.9,353.0,188,101.27,False,PL260821C00034000
PL,31.149999618530273,2026-08-21,CALL,35.0,4.3,3.9,4.5,73.0,687,103.56,False,PL260821C00035000
PL,31.149999618530273,2026-08-21,CALL,36.0,4.2,3.3,4.6,4.0,111,104.54,False,PL260821C00036000
PL,31.149999618530273,2026-08-21,CALL,37.0,4.5,3.0,3.9,1.0,32,100.49,False,PL260821C00037000
PL,31.149999618530273,2026-08-21,CALL,38.0,3.47,2.75,4.1,26.0,82,104.93,False,PL260821C00038000
PL,31.149999618530273,2026-08-21,CALL,39.0,3.2,2.5,3.4,6.0,17,100.54,False,PL260821C00039000
PL,31.149999618530273,2026-08-21,CALL,40.0,2.85,2.55,3.2,190.0,623,103.44,False,PL260821C00040000
PL,31.149999618530273,2026-08-21,CALL,41.0,4.2,2.05,3.6,7.0,87,106.59,False,PL260821C00041000
PL,31.149999618530273,2026-08-21,CALL,42.0,3.55,1.9,2.75,40.0,81,100.49,False,PL260821C00042000
PL,31.149999618530273,2026-08-21,CALL,43.0,2.37,1.9,3.1,2.0,968,107.76,False,PL260821C00043000
PL,31.149999618530273,2026-08-21,CALL,44.0,2.3,1.55,2.85,6.0,151,105.1,False,PL260821C00044000
PL,31.149999618530273,2026-08-21,CALL,45.0,2.0,1.85,2.3,50.0,1344,105.81,False,PL260821C00045000
PL,31.149999618530273,2026-08-21,CALL,46.0,2.5,1.5,2.3,1.0,85,105.18,False,PL260821C00046000
PL,31.149999618530273,2026-08-21,CALL,47.0,1.9,1.35,2.3,71.0,2626,106.57,False,PL260821C00047000
PL,31.149999618530273,2026-08-21,CALL,48.0,1.6,1.15,2.1,1.0,163,104.88,False,PL260821C00048000
PL,31.149999618530273,2026-08-21,CALL,49.0,2.4,1.1,2.3,4.0,41,109.47,False,PL260821C00049000
PL,31.149999618530273,2026-08-21,CALL,50.0,1.5,1.2,1.65,54.0,1066,105.47,False,PL260821C00050000
PL,31.149999618530273,2026-08-21,CALL,55.0,1.3,0.5,1.2,26.0,2034,101.17,False,PL260821C00055000
PL,31.149999618530273,2026-08-21,CALL,60.0,0.95,0.75,1.3,16.0,771,116.85,False,PL260821C00060000
PL,31.149999618530273,2026-08-21,CALL,65.0,0.9,0.35,1.0,1.0,50,113.67,False,PL260821C00065000
PL,31.149999618530273,2026-08-21,CALL,70.0,0.72,0.3,0.95,1.0,55,119.43,False,PL260821C00070000
PL,31.149999618530273,2026-08-21,CALL,75.0,0.4,0.25,0.55,29.0,192,115.63,False,PL260821C00075000
PL,31.149999618530273,2026-08-21,PUT,20.0,0.9,0.7,1.1,27.0,208,100.88,False,PL260821P00020000
PL,31.149999618530273,2026-08-21,PUT,21.0,1.2,0.85,1.55,60.0,1983,103.13,False,PL260821P00021000
PL,31.149999618530273,2026-08-21,PUT,22.0,1.4,1.2,1.9,1.0,161,105.37,False,PL260821P00022000
PL,31.149999618530273,2026-08-21,PUT,23.0,1.7,1.5,2.2,22.0,37,104.88,False,PL260821P00023000
PL,31.149999618530273,2026-08-21,PUT,24.0,2.19,1.65,2.65,3.0,513,103.61,False,PL260821P00024000
PL,31.149999618530273,2026-08-21,PUT,25.0,2.42,1.8,3.0,62.0,1146,100.49,False,PL260821P00025000
PL,31.149999618530273,2026-08-21,PUT,26.0,2.95,2.15,3.5,43.0,91,100.88,False,PL260821P00026000
PL,31.149999618530273,2026-08-21,PUT,27.0,3.0,2.8,3.5,1.0,168,98.39,False,PL260821P00027000
PL,31.149999618530273,2026-08-21,PUT,28.0,3.8,3.2,4.4,16.0,328,102.05,False,PL260821P00028000
PL,31.149999618530273,2026-08-21,PUT,29.0,4.3,3.7,4.9,2.0,123,101.86,False,PL260821P00029000
PL,31.149999618530273,2026-08-21,PUT,30.0,4.76,4.2,5.4,11.0,362,101.07,False,PL260821P00030000
PL,31.149999618530273,2026-08-21,PUT,31.0,5.3,4.8,6.1,1.0,51,102.64,False,PL260821P00031000
PL,31.149999618530273,2026-08-21,PUT,32.0,6.2,5.3,6.4,3.0,339,98.93,True,PL260821P00032000
PL,31.149999618530273,2026-08-21,PUT,33.0,6.65,5.9,7.3,38.0,50,101.27,True,PL260821P00033000
PL,31.149999618530273,2026-08-21,PUT,34.0,6.6,6.6,7.9,101.0,140,101.27,True,PL260821P00034000
PL,31.149999618530273,2026-08-21,PUT,35.0,7.7,7.2,8.7,24.0,284,101.73,True,PL260821P00035000
PL,31.149999618530273,2026-08-21,PUT,36.0,8.5,7.8,9.2,2.0,921,99.02,True,PL260821P00036000
PL,31.149999618530273,2026-08-21,PUT,37.0,9.0,8.8,10.3,1.0,69,105.18,True,PL260821P00037000
PL,31.149999618530273,2026-08-21,PUT,38.0,10.52,9.4,10.7,11.0,53,100.73,True,PL260821P00038000
PL,31.149999618530273,2026-08-21,PUT,39.0,9.87,10.2,11.5,110.0,116,101.51,True,PL260821P00039000
PL,31.149999618530273,2026-08-21,PUT,40.0,11.99,10.8,12.3,10.0,110,100.05,True,PL260821P00040000
PL,31.149999618530273,2026-08-21,PUT,41.0,11.35,11.8,13.1,1.0,902,102.17,True,PL260821P00041000
PL,31.149999618530273,2026-08-21,PUT,42.0,13.35,12.6,13.9,1.0,54,102.05,True,PL260821P00042000
PL,31.149999618530273,2026-08-21,PUT,43.0,12.7,13.4,14.8,1.0,4,102.64,True,PL260821P00043000
PL,31.149999618530273,2026-08-21,PUT,44.0,15.1,14.3,15.8,3.0,102,105.13,True,PL260821P00044000
PL,31.149999618530273,2026-08-21,PUT,45.0,15.75,15.0,16.9,1.0,662,106.35,True,PL260821P00045000
PL,31.149999618530273,2026-08-21,PUT,46.0,15.75,16.0,17.4,5.0,41,104.1,True,PL260821P00046000
PL,31.149999618530273,2026-08-21,PUT,47.0,17.53,16.9,18.3,10.0,3,104.88,True,PL260821P00047000
PL,31.149999618530273,2026-08-21,PUT,48.0,16.3,17.7,19.2,6.0,159,104.3,True,PL260821P00048000
PL,31.149999618530273,2026-08-21,PUT,49.0,14.9,18.6,20.1,10.0,13,104.69,True,PL260821P00049000
PL,31.149999618530273,2026-08-21,PUT,50.0,21.65,19.5,21.0,17.0,114,104.88,True,PL260821P00050000
PL,31.149999618530273,2026-08-21,PUT,55.0,23.57,24.0,25.7,1.0,1,105.86,True,PL260821P00055000
PL,31.149999618530273,2026-08-21,PUT,60.0,18.75,28.7,30.5,,9,107.76,True,PL260821P00060000
PL,31.149999618530273,2026-08-21,PUT,70.0,26.62,38.1,40.5,,4,111.52,True,PL260821P00070000
PL,31.149999618530273,2026-08-21,PUT,75.0,30.2,43.3,45.4,,20,120.8,True,PL260821P00075000
PL,31.149999618530273,2026-10-16,CALL,14.0,20.14,16.9,19.4,1.0,6,123.83,True,PL261016C00014000
PL,31.149999618530273,2026-10-16,CALL,15.0,32.43,15.9,18.1,1.0,6,109.13,True,PL261016C00015000
PL,31.149999618530273,2026-10-16,CALL,16.0,17.7,0.0,0.0,2.0,0,0.0,True,PL261016C00016000
PL,31.149999618530273,2026-10-16,CALL,17.0,15.0,14.6,16.4,150.0,165,109.96,True,PL261016C00017000
PL,31.149999618530273,2026-10-16,CALL,18.0,28.2,13.9,15.6,2.0,9,109.03,True,PL261016C00018000
PL,31.149999618530273,2026-10-16,CALL,19.0,27.8,13.3,14.9,2.0,13,110.01,True,PL261016C00019000
PL,31.149999618530273,2026-10-16,CALL,20.0,13.4,12.6,14.2,10.0,146,108.98,True,PL261016C00020000
PL,31.149999618530273,2026-10-16,CALL,21.0,18.75,13.0,14.7,4.0,16,131.45,True,PL261016C00021000
PL,31.149999618530273,2026-10-16,CALL,22.0,13.13,11.4,12.9,20.0,68,108.64,True,PL261016C00022000
PL,31.149999618530273,2026-10-16,CALL,23.0,12.0,10.9,12.3,1.0,6,109.13,True,PL261016C00023000
PL,31.149999618530273,2026-10-16,CALL,24.0,12.6,0.0,0.0,1.0,0,0.0,True,PL261016C00024000
PL,31.149999618530273,2026-10-16,CALL,25.0,10.41,9.8,11.2,10.0,138,108.59,True,PL261016C00025000
PL,31.149999618530273,2026-10-16,CALL,26.0,10.0,9.3,10.7,2.0,40,108.57,True,PL261016C00026000
PL,31.149999618530273,2026-10-16,CALL,27.0,9.39,8.7,10.2,1.0,26,107.35,True,PL261016C00027000
PL,31.149999618530273,2026-10-16,CALL,28.0,10.02,8.5,10.0,6.0,25,111.26,True,PL261016C00028000
PL,31.149999618530273,2026-10-16,CALL,29.0,8.35,7.9,9.2,3.0,21,107.13,True,PL261016C00029000
PL,31.149999618530273,2026-10-16,CALL,30.0,8.1,7.4,8.9,17.0,410,107.25,True,PL261016C00030000
PL,31.149999618530273,2026-10-16,CALL,31.0,7.9,7.1,8.3,12.0,76,106.37,True,PL261016C00031000
PL,31.149999618530273,2026-10-16,CALL,32.0,7.53,6.6,8.3,37.0,160,108.11,False,PL261016C00032000
PL,31.149999618530273,2026-10-16,CALL,33.0,6.95,6.1,7.4,23.0,361,103.2,False,PL261016C00033000
PL,31.149999618530273,2026-10-16,CALL,34.0,6.7,6.0,7.5,17.0,170,107.86,False,PL261016C00034000
PL,31.149999618530273,2026-10-16,CALL,35.0,6.4,5.6,7.1,59.0,578,106.71,False,PL261016C00035000
PL,31.149999618530273,2026-10-16,CALL,36.0,6.1,5.7,6.5,29.0,65,107.4,False,PL261016C00036000
PL,31.149999618530273,2026-10-16,CALL,37.0,5.72,5.2,6.7,293.0,364,109.28,False,PL261016C00037000
PL,31.149999618530273,2026-10-16,CALL,38.0,5.55,4.8,6.4,10.0,680,108.18,False,PL261016C00038000
PL,31.149999618530273,2026-10-16,CALL,39.0,5.86,4.8,5.7,10.0,61,106.91,False,PL261016C00039000
PL,31.149999618530273,2026-10-16,CALL,40.0,5.18,4.8,5.6,40.0,516,109.6,False,PL261016C00040000
PL,31.149999618530273,2026-10-16,CALL,41.0,4.6,4.6,5.0,10.0,405,107.28,False,PL261016C00041000
PL,31.149999618530273,2026-10-16,CALL,42.0,5.0,3.8,5.4,9.0,208,107.57,False,PL261016C00042000
PL,31.149999618530273,2026-10-16,CALL,43.0,4.5,3.9,4.8,15.0,109,107.01,False,PL261016C00043000
PL,31.149999618530273,2026-10-16,CALL,44.0,4.0,3.5,4.9,6.0,68,107.69,False,PL261016C00044000
PL,31.149999618530273,2026-10-16,CALL,45.0,4.1,3.5,4.3,47.0,508,106.13,False,PL261016C00045000
PL,31.149999618530273,2026-10-16,CALL,46.0,4.5,3.1,4.2,2.0,138,105.1,False,PL261016C00046000
PL,31.149999618530273,2026-10-16,CALL,47.0,4.92,3.0,4.0,1.0,71,105.37,False,PL261016C00047000
PL,31.149999618530273,2026-10-16,CALL,48.0,4.98,3.2,4.7,2.0,564,114.26,False,PL261016C00048000
PL,31.149999618530273,2026-10-16,CALL,49.0,3.54,2.75,4.0,214.0,77,108.18,False,PL261016C00049000
PL,31.149999618530273,2026-10-16,CALL,50.0,3.28,2.8,3.5,169.0,897,107.03,False,PL261016C00050000
PL,31.149999618530273,2026-10-16,CALL,55.0,2.75,2.0,2.9,5.0,111,105.93,False,PL261016C00055000
PL,31.149999618530273,2026-10-16,CALL,60.0,2.19,2.0,2.5,17.0,2640,111.01,False,PL261016C00060000
PL,31.149999618530273,2026-10-16,CALL,65.0,2.5,1.3,2.05,30.0,24,107.84,False,PL261016C00065000
PL,31.149999618530273,2026-10-16,CALL,70.0,2.05,1.0,2.0,3.0,37,110.74,False,PL261016C00070000
PL,31.149999618530273,2026-10-16,CALL,75.0,1.75,0.95,2.05,2.0,766,116.55,False,PL261016C00075000
PL,31.149999618530273,2026-10-16,PUT,14.0,0.6,0.2,1.35,4.0,85,114.45,False,PL261016P00014000
PL,31.149999618530273,2026-10-16,PUT,15.0,0.9,0.45,1.25,4.0,208,109.18,False,PL261016P00015000
PL,31.149999618530273,2026-10-16,PUT,16.0,1.02,0.75,1.3,3.0,98,107.52,False,PL261016P00016000
PL,31.149999618530273,2026-10-16,PUT,17.0,1.3,1.0,1.8,5.0,69,111.52,False,PL261016P00017000
PL,31.149999618530273,2026-10-16,PUT,18.0,1.55,1.15,2.1,1.0,340,109.72,False,PL261016P00018000
PL,31.149999618530273,2026-10-16,PUT,19.0,1.92,1.35,2.35,1.0,22,107.52,False,PL261016P00019000
PL,31.149999618530273,2026-10-16,PUT,20.0,2.1,1.7,2.2,3.0,1133,102.05,False,PL261016P00020000
PL,31.149999618530273,2026-10-16,PUT,21.0,2.55,1.95,3.3,2.0,333,109.13,False,PL261016P00021000
PL,31.149999618530273,2026-10-16,PUT,22.0,2.8,2.3,3.7,4.0,544,108.67,False,PL261016P00022000
PL,31.149999618530273,2026-10-16,PUT,23.0,3.65,2.5,4.3,202.0,278,108.2,False,PL261016P00023000
PL,31.149999618530273,2026-10-16,PUT,24.0,3.68,3.0,4.5,5.0,405,106.42,False,PL261016P00024000
PL,31.149999618530273,2026-10-16,PUT,25.0,4.0,3.5,4.9,12.0,655,106.06,False,PL261016P00025000
PL,31.149999618530273,2026-10-16,PUT,26.0,4.49,3.9,5.3,7.0,168,104.47,False,PL261016P00026000
PL,31.149999618530273,2026-10-16,PUT,27.0,4.65,4.3,6.0,19.0,91,104.98,False,PL261016P00027000
PL,31.149999618530273,2026-10-16,PUT,28.0,5.8,5.0,6.6,4.0,928,106.64,False,PL261016P00028000
PL,31.149999618530273,2026-10-16,PUT,29.0,5.9,5.5,6.9,1.0,56,104.13,False,PL261016P00029000
PL,31.149999618530273,2026-10-16,PUT,30.0,6.7,6.3,7.0,23.0,1667,102.15,False,PL261016P00030000
PL,31.149999618530273,2026-10-16,PUT,31.0,7.37,6.7,7.6,2.0,1611,100.64,False,PL261016P00031000
PL,31.149999618530273,2026-10-16,PUT,32.0,8.1,7.3,8.8,1.0,63,104.57,True,PL261016P00032000
PL,31.149999618530273,2026-10-16,PUT,33.0,8.0,7.9,9.4,4.0,86,103.91,True,PL261016P00033000
PL,31.149999618530273,2026-10-16,PUT,34.0,8.3,8.5,9.9,17.0,73,102.32,True,PL261016P00034000
PL,31.149999618530273,2026-10-16,PUT,35.0,10.09,9.2,11.0,2.0,179,105.35,True,PL261016P00035000
PL,31.149999618530273,2026-10-16,PUT,36.0,6.7,9.9,11.5,5.0,59,103.98,True,PL261016P00036000
PL,31.149999618530273,2026-10-16,PUT,37.0,11.93,10.5,12.2,11.0,106,103.13,True,PL261016P00037000
PL,31.149999618530273,2026-10-16,PUT,38.0,12.3,11.2,12.9,1.0,2041,102.73,True,PL261016P00038000
PL,31.149999618530273,2026-10-16,PUT,39.0,12.65,12.0,13.9,1.0,73,104.88,True,PL261016P00039000
PL,31.149999618530273,2026-10-16,PUT,40.0,13.4,12.9,14.4,11.0,75,104.1,True,PL261016P00040000
PL,31.149999618530273,2026-10-16,PUT,41.0,14.53,13.5,15.2,1.0,25,103.15,True,PL261016P00041000
PL,31.149999618530273,2026-10-16,PUT,42.0,14.94,14.3,16.0,1.0,41,103.42,True,PL261016P00042000
PL,31.149999618530273,2026-10-16,PUT,43.0,16.2,15.1,16.8,2.0,45,103.52,True,PL261016P00043000
PL,31.149999618530273,2026-10-16,PUT,44.0,15.97,15.9,17.6,2.0,109,103.47,True,PL261016P00044000
PL,31.149999618530273,2026-10-16,PUT,45.0,17.3,16.7,18.4,22.0,485,103.3,True,PL261016P00045000
PL,31.149999618530273,2026-10-16,PUT,46.0,12.33,17.5,19.3,1.0,55,103.66,True,PL261016P00046000
PL,31.149999618530273,2026-10-16,PUT,47.0,19.1,18.4,19.9,1.0,48,102.47,True,PL261016P00047000
PL,31.149999618530273,2026-10-16,PUT,48.0,13.05,19.2,20.7,30.0,45,101.86,True,PL261016P00048000
PL,31.149999618530273,2026-10-16,PUT,49.0,18.3,20.0,21.8,10.0,25,103.37,True,PL261016P00049000
PL,31.149999618530273,2026-10-16,PUT,50.0,21.2,20.9,22.5,15.0,174,102.49,True,PL261016P00050000
PL,31.149999618530273,2026-10-16,PUT,55.0,17.33,25.3,26.9,2.0,2,102.64,True,PL261016P00055000
PL,31.149999618530273,2026-10-16,PUT,60.0,28.0,29.8,31.5,4.0,10,103.03,True,PL261016P00060000
PL,31.149999618530273,2026-10-16,PUT,75.0,32.95,43.8,45.7,,4,102.39,True,PL261016P00075000
PL,31.149999618530273,2027-01-15,CALL,3.0,29.5,26.2,30.3,6.0,77,156.25,True,PL270115C00003000
PL,31.149999618530273,2027-01-15,CALL,5.0,29.11,25.1,28.4,1.0,253,176.56,True,PL270115C00005000
PL,31.149999618530273,2027-01-15,CALL,7.0,24.45,23.2,26.4,1.0,305,146.48,True,PL270115C00007000
PL,31.149999618530273,2027-01-15,CALL,10.0,21.6,20.7,23.4,26.0,4090,124.02,True,PL270115C00010000
PL,31.149999618530273,2027-01-15,CALL,12.0,19.83,19.0,21.5,1.0,1240,113.09,True,PL270115C00012000
PL,31.149999618530273,2027-01-15,CALL,15.0,17.0,17.2,18.6,31.0,1094,107.08,True,PL270115C00015000
PL,31.149999618530273,2027-01-15,CALL,17.0,16.66,16.3,17.2,1.0,675,110.23,True,PL270115C00017000
PL,31.149999618530273,2027-01-15,CALL,20.0,15.0,14.0,15.5,24.0,1263,105.71,True,PL270115C00020000
PL,31.149999618530273,2027-01-15,CALL,22.0,13.7,13.2,14.2,3.0,374,105.88,True,PL270115C00022000
PL,31.149999618530273,2027-01-15,CALL,25.0,12.35,11.8,12.9,42.0,1761,106.89,True,PL270115C00025000
PL,31.149999618530273,2027-01-15,CALL,27.0,11.3,11.0,12.3,7.0,711,108.72,True,PL270115C00027000
PL,31.149999618530273,2027-01-15,CALL,30.0,10.32,10.0,10.8,121.0,2783,107.35,True,PL270115C00030000
PL,31.149999618530273,2027-01-15,CALL,32.0,9.5,9.1,10.4,36.0,381,107.72,False,PL270115C00032000
PL,31.149999618530273,2027-01-15,CALL,33.0,9.0,8.9,10.1,9.0,67,108.5,False,PL270115C00033000
PL,31.149999618530273,2027-01-15,CALL,34.0,8.9,8.5,9.6,3.0,186,106.93,False,PL270115C00034000
PL,31.149999618530273,2027-01-15,CALL,35.0,9.0,8.5,9.2,61.0,6045,107.97,False,PL270115C00035000
PL,31.149999618530273,2027-01-15,CALL,36.0,8.6,8.1,9.0,9.0,22,107.79,False,PL270115C00036000
PL,31.149999618530273,2027-01-15,CALL,37.0,8.38,7.5,8.7,1.0,997,105.91,False,PL270115C00037000
PL,31.149999618530273,2027-01-15,CALL,38.0,9.45,7.3,8.6,11.0,23,107.08,False,PL270115C00038000
PL,31.149999618530273,2027-01-15,CALL,39.0,7.9,7.3,8.4,1.0,48,108.69,False,PL270115C00039000
PL,31.149999618530273,2027-01-15,CALL,40.0,7.31,7.1,7.9,226.0,3143,107.54,False,PL270115C00040000
PL,31.149999618530273,2027-01-15,CALL,41.0,7.57,6.5,7.6,10.0,31,105.27,False,PL270115C00041000
PL,31.149999618530273,2027-01-15,CALL,42.0,7.62,6.4,7.6,20.0,544,107.08,False,PL270115C00042000
PL,31.149999618530273,2027-01-15,CALL,43.0,6.64,6.4,7.6,14.0,32,109.33,False,PL270115C00043000
PL,31.149999618530273,2027-01-15,CALL,44.0,7.87,6.0,7.5,1.0,23,108.89,False,PL270115C00044000
PL,31.149999618530273,2027-01-15,CALL,45.0,6.43,6.0,7.1,33.0,1786,108.86,False,PL270115C00045000
PL,31.149999618530273,2027-01-15,CALL,46.0,6.6,5.8,7.1,1.0,38,109.84,False,PL270115C00046000
PL,31.149999618530273,2027-01-15,CALL,47.0,6.12,5.4,6.8,52.0,215,108.11,False,PL270115C00047000
PL,31.149999618530273,2027-01-15,CALL,48.0,5.87,5.4,6.4,11.0,57,107.87,False,PL270115C00048000
PL,31.149999618530273,2027-01-15,CALL,50.0,5.6,5.3,5.7,300.0,1787,107.2,False,PL270115C00050000
PL,31.149999618530273,2027-01-15,CALL,55.0,4.88,3.9,5.3,96.0,174,105.49,False,PL270115C00055000
PL,31.149999618530273,2027-01-15,CALL,60.0,4.32,3.8,4.8,70.0,3397,109.03,False,PL270115C00060000
PL,31.149999618530273,2027-01-15,CALL,65.0,3.7,3.0,4.5,18.0,205,108.79,False,PL270115C00065000
PL,31.149999618530273,2027-01-15,CALL,70.0,3.3,2.8,3.7,59.0,261,108.2,False,PL270115C00070000
PL,31.149999618530273,2027-01-15,CALL,75.0,2.9,2.6,3.5,167.0,554,110.5,False,PL270115C00075000
PL,31.149999618530273,2027-01-15,PUT,3.0,0.07,0.0,0.3,10.0,262,167.97,False,PL270115P00003000
PL,31.149999618530273,2027-01-15,PUT,5.0,0.15,0.0,0.35,1.0,3765,133.4,False,PL270115P00005000
PL,31.149999618530273,2027-01-15,PUT,7.0,0.35,0.05,1.05,36.0,148,140.14,False,PL270115P00007000
PL,31.149999618530273,2027-01-15,PUT,10.0,0.55,0.3,1.3,1.0,2879,119.82,False,PL270115P00010000
PL,31.149999618530273,2027-01-15,PUT,12.0,0.97,0.7,1.3,3.0,968,109.67,False,PL270115P00012000
PL,31.149999618530273,2027-01-15,PUT,15.0,1.65,1.5,1.8,11.0,6157,104.69,False,PL270115P00015000
PL,31.149999618530273,2027-01-15,PUT,17.0,2.51,1.9,2.85,1.0,468,105.71,False,PL270115P00017000
PL,31.149999618530273,2027-01-15,PUT,20.0,3.36,3.1,3.5,29.0,2208,100.81,False,PL270115P00020000
PL,31.149999618530273,2027-01-15,PUT,22.0,4.25,3.9,5.0,4.0,499,104.44,False,PL270115P00022000
PL,31.149999618530273,2027-01-15,PUT,25.0,5.7,5.3,6.2,9.0,4940,101.0,False,PL270115P00025000
PL,31.149999618530273,2027-01-15,PUT,27.0,6.85,6.3,7.4,9.0,1493,100.71,False,PL270115P00027000
PL,31.149999618530273,2027-01-15,PUT,30.0,9.1,8.1,9.4,16.0,355,101.59,False,PL270115P00030000
PL,31.149999618530273,2027-01-15,PUT,32.0,10.08,9.3,10.7,3.0,305,101.04,True,PL270115P00032000
PL,31.149999618530273,2027-01-15,PUT,33.0,11.2,10.0,11.4,2.0,76,101.34,True,PL270115P00033000
PL,31.149999618530273,2027-01-15,PUT,34.0,11.51,10.6,12.1,1.0,6,100.96,True,PL270115P00034000
PL,31.149999618530273,2027-01-15,PUT,35.0,11.3,11.3,13.0,7.0,1884,102.05,True,PL270115P00035000
PL,31.149999618530273,2027-01-15,PUT,36.0,12.9,11.9,13.7,1.0,11,101.39,True,PL270115P00036000
PL,31.149999618530273,2027-01-15,PUT,37.0,13.95,12.7,14.4,1.0,2538,101.69,True,PL270115P00037000
PL,31.149999618530273,2027-01-15,PUT,38.0,12.84,13.3,15.1,2.0,30,100.78,True,PL270115P00038000
PL,31.149999618530273,2027-01-15,PUT,40.0,15.48,15.0,16.6,16.0,1831,101.81,True,PL270115P00040000
PL,31.149999618530273,2027-01-15,PUT,41.0,15.7,15.5,17.4,10.0,42,100.59,True,PL270115P00041000
PL,31.149999618530273,2027-01-15,PUT,42.0,13.2,16.3,18.2,2.0,123,100.85,True,PL270115P00042000
PL,31.149999618530273,2027-01-15,PUT,43.0,13.6,17.0,18.9,1.0,47,99.96,True,PL270115P00043000
PL,31.149999618530273,2027-01-15,PUT,44.0,14.27,17.8,19.7,1.0,8,100.02,True,PL270115P00044000
PL,31.149999618530273,2027-01-15,PUT,45.0,19.65,18.8,20.7,1.0,69,102.1,True,PL270115P00045000
PL,31.149999618530273,2027-01-15,PUT,46.0,15.85,19.4,21.3,3.0,14,99.9,True,PL270115P00046000
PL,31.149999618530273,2027-01-15,PUT,47.0,19.5,20.2,22.1,15.0,33,99.73,True,PL270115P00047000
PL,31.149999618530273,2027-01-15,PUT,48.0,16.8,21.0,23.0,13.0,25,99.99,True,PL270115P00048000
PL,31.149999618530273,2027-01-15,PUT,50.0,24.2,22.6,24.6,6.0,96,99.27,True,PL270115P00050000
PL,31.149999618530273,2027-01-15,PUT,55.0,21.5,26.9,28.9,11.0,44,99.46,True,PL270115P00055000
PL,31.149999618530273,2027-01-15,PUT,60.0,31.6,31.3,33.1,1.0,29,98.22,True,PL270115P00060000
PL,31.149999618530273,2027-01-15,PUT,65.0,29.2,35.8,37.6,,4,98.07,True,PL270115P00065000
PL,31.149999618530273,2027-01-15,PUT,70.0,33.2,40.1,42.1,,2,95.43,True,PL270115P00070000
PL,31.149999618530273,2028-01-21,CALL,3.0,28.1,26.5,31.5,8.0,252,158.89,True,PL280121C00003000
PL,31.149999618530273,2028-01-21,CALL,5.0,26.95,25.0,30.0,10.0,383,139.55,True,PL280121C00005000
PL,31.149999618530273,2028-01-21,CALL,7.0,26.0,23.5,28.1,1.0,219,120.7,True,PL280121C00007000
PL,31.149999618530273,2028-01-21,CALL,10.0,23.8,22.0,25.4,49.0,1487,110.86,True,PL280121C00010000
PL,31.149999618530273,2028-01-21,CALL,12.0,23.45,21.0,25.0,2.0,6370,116.31,True,PL280121C00012000
PL,31.149999618530273,2028-01-21,CALL,15.0,21.43,19.0,23.5,10.0,4196,110.21,True,PL280121C00015000
PL,31.149999618530273,2028-01-21,CALL,17.0,20.0,19.0,22.0,1.0,1621,111.08,True,PL280121C00017000
PL,31.149999618530273,2028-01-21,CALL,20.0,19.5,18.1,20.7,5.0,1883,111.16,True,PL280121C00020000
PL,31.149999618530273,2028-01-21,CALL,22.0,18.9,17.7,18.9,20.0,196,106.91,True,PL280121C00022000
PL,31.149999618530273,2028-01-21,CALL,25.0,17.3,16.9,18.8,11.0,725,111.54,True,PL280121C00025000
PL,31.149999618530273,2028-01-21,CALL,27.0,16.65,16.0,17.7,5.0,113,107.72,True,PL280121C00027000
PL,31.149999618530273,2028-01-21,CALL,30.0,15.6,15.4,16.9,143.0,11243,108.57,True,PL280121C00030000
PL,31.149999618530273,2028-01-21,CALL,32.0,14.67,15.0,16.5,39.0,237,109.31,False,PL280121C00032000
PL,31.149999618530273,2028-01-21,CALL,35.0,15.0,14.7,15.5,19.0,745,109.57,False,PL280121C00035000
PL,31.149999618530273,2028-01-21,CALL,37.0,14.2,12.5,15.3,57.0,386,103.85,False,PL280121C00037000
PL,31.149999618530273,2028-01-21,CALL,40.0,14.2,13.5,14.4,77.0,847,108.63,False,PL280121C00040000
PL,31.149999618530273,2028-01-21,CALL,42.0,13.16,12.5,14.4,42.0,125,107.74,False,PL280121C00042000
PL,31.149999618530273,2028-01-21,CALL,45.0,13.0,11.5,13.4,48.0,6194,104.52,False,PL280121C00045000
PL,31.149999618530273,2028-01-21,CALL,47.0,12.39,11.2,13.0,3.0,133,104.43,False,PL280121C00047000
PL,31.149999618530273,2028-01-21,CALL,50.0,12.0,11.2,12.8,8.0,580,106.96,False,PL280121C00050000
PL,31.149999618530273,2028-01-21,CALL,55.0,11.5,10.2,12.3,1.0,77,106.76,False,PL280121C00055000
PL,31.149999618530273,2028-01-21,CALL,60.0,10.8,10.0,11.0,29.0,1254,106.09,False,PL280121C00060000
PL,31.149999618530273,2028-01-21,CALL,65.0,10.6,9.0,10.5,1.0,118,105.04,False,PL280121C00065000
PL,31.149999618530273,2028-01-21,CALL,70.0,9.9,7.9,10.3,1.0,300,104.29,False,PL280121C00070000
PL,31.149999618530273,2028-01-21,CALL,75.0,9.0,7.9,9.7,136.0,677,105.46,False,PL280121C00075000
PL,31.149999618530273,2028-01-21,PUT,3.0,0.2,0.0,0.5,1.0,2,113.28,False,PL280121P00003000
PL,31.149999618530273,2028-01-21,PUT,5.0,0.77,0.0,1.7,4.0,6023,118.85,False,PL280121P00005000
PL,31.149999618530273,2028-01-21,PUT,7.0,0.85,0.0,1.7,1.0,48,96.19,False,PL280121P00007000
PL,31.149999618530273,2028-01-21,PUT,10.0,2.1,1.4,3.0,2.0,193,103.91,False,PL280121P00010000
PL,31.149999618530273,2028-01-21,PUT,12.0,3.01,1.45,3.4,1.0,107,92.72,False,PL280121P00012000
PL,31.149999618530273,2028-01-21,PUT,15.0,4.18,3.0,5.6,5.0,111,99.61,False,PL280121P00015000
PL,31.149999618530273,2028-01-21,PUT,17.0,5.38,3.4,6.7,2.0,92,95.73,False,PL280121P00017000
PL,31.149999618530273,2028-01-21,PUT,20.0,6.98,5.5,7.6,2.0,113,93.58,False,PL280121P00020000
PL,31.149999618530273,2028-01-21,PUT,22.0,7.68,6.6,9.1,16.0,26,94.46,False,PL280121P00022000
PL,31.149999618530273,2028-01-21,PUT,25.0,10.12,8.9,11.0,7.0,168,95.97,False,PL280121P00025000
PL,31.149999618530273,2028-01-21,PUT,27.0,10.9,9.0,12.5,1.0,40,91.43,False,PL280121P00027000
PL,31.149999618530273,2028-01-21,PUT,30.0,13.38,12.0,14.3,5.0,373,93.91,False,PL280121P00030000
PL,31.149999618530273,2028-01-21,PUT,32.0,14.75,14.5,15.3,2.0,45,96.19,True,PL280121P00032000
PL,31.149999618530273,2028-01-21,PUT,35.0,16.54,14.5,18.0,2.0,186,89.8,True,PL280121P00035000
PL,31.149999618530273,2028-01-21,PUT,37.0,17.95,15.5,19.4,3.0,11,87.63,True,PL280121P00037000
PL,31.149999618530273,2028-01-21,PUT,40.0,20.45,18.0,21.7,1.0,120,88.2,True,PL280121P00040000
PL,31.149999618530273,2028-01-21,PUT,42.0,22.3,19.5,24.5,1.0,9,91.99,True,PL280121P00042000
PL,31.149999618530273,2028-01-21,PUT,45.0,25.0,22.0,25.6,1.0,15,87.92,True,PL280121P00045000
PL,31.149999618530273,2028-01-21,PUT,47.0,20.86,23.5,27.1,8.0,3,87.05,True,PL280121P00047000
PL,31.149999618530273,2028-01-21,PUT,50.0,24.5,26.0,30.8,1.0,12,90.97,True,PL280121P00050000
PL,31.149999618530273,2028-01-21,PUT,55.0,31.62,30.0,34.9,2.0,6,89.76,True,PL280121P00055000
PL,31.149999618530273,2028-01-21,PUT,60.0,32.0,34.5,39.0,3.0,6,89.58,True,PL280121P00060000
PL,31.149999618530273,2028-01-21,PUT,70.0,44.95,43.0,46.7,2.0,2,84.58,True,PL280121P00070000
PL,31.149999618530273,2028-01-21,PUT,75.0,48.0,47.5,52.0,1.0,6,86.99,True,PL280121P00075000
ASTS,82.41000366210938,2026-06-18,CALL,18.0,74.61,63.85,65.65,1.0,186,631.25,True,ASTS260618C00018000
ASTS,82.41000366210938,2026-06-18,CALL,20.0,66.0,61.65,63.65,1.0,190,555.08,True,ASTS260618C00020000
ASTS,82.41000366210938,2026-06-18,CALL,23.0,71.7,58.55,60.65,1.0,11,484.38,True,ASTS260618C00023000
ASTS,82.41000366210938,2026-06-18,CALL,25.0,98.9,56.9,58.65,30.0,115,505.86,True,ASTS260618C00025000
ASTS,82.41000366210938,2026-06-18,CALL,28.0,73.2,55.65,58.75,2.0,109,748.44,True,ASTS260618C00028000
ASTS,82.41000366210938,2026-06-18,CALL,30.0,62.0,51.85,53.65,1.0,647,427.73,True,ASTS260618C00030000
ASTS,82.41000366210938,2026-06-18,CALL,33.0,61.05,48.7,50.65,1.0,67,374.22,True,ASTS260618C00033000
ASTS,82.41000366210938,2026-06-18,CALL,35.0,59.2,46.7,48.65,40.0,1573,352.34,True,ASTS260618C00035000
ASTS,82.41000366210938,2026-06-18,CALL,37.0,49.25,44.9,46.65,1.0,137,350.78,True,ASTS260618C00037000
ASTS,82.41000366210938,2026-06-18,CALL,40.0,49.29,41.9,44.25,2.0,1479,361.33,True,ASTS260618C00040000
ASTS,82.41000366210938,2026-06-18,CALL,42.0,47.26,39.85,42.25,2.0,116,337.3,True,ASTS260618C00042000
ASTS,82.41000366210938,2026-06-18,CALL,45.0,39.21,36.8,38.65,10.0,1926,266.41,True,ASTS260618C00045000
ASTS,82.41000366210938,2026-06-18,CALL,47.0,36.76,35.0,36.7,2.0,449,266.41,True,ASTS260618C00047000
ASTS,82.41000366210938,2026-06-18,CALL,50.0,33.36,31.95,34.2,22.0,1767,264.06,True,ASTS260618C00050000
ASTS,82.41000366210938,2026-06-18,CALL,55.0,28.75,26.7,28.75,10.0,1938,188.28,True,ASTS260618C00055000
ASTS,82.41000366210938,2026-06-18,CALL,60.0,22.5,22.25,23.9,71.0,2467,182.81,True,ASTS260618C00060000
ASTS,82.41000366210938,2026-06-18,CALL,65.0,21.51,17.35,19.2,12.0,1378,157.23,True,ASTS260618C00065000
ASTS,82.41000366210938,2026-06-18,CALL,68.0,15.9,14.85,16.55,107.0,173,153.96,True,ASTS260618C00068000
ASTS,82.41000366210938,2026-06-18,CALL,69.0,15.9,13.85,15.6,104.0,158,146.97,True,ASTS260618C00069000
ASTS,82.41000366210938,2026-06-18,CALL,70.0,13.5,13.05,14.85,86.0,2364,147.56,True,ASTS260618C00070000
ASTS,82.41000366210938,2026-06-18,CALL,71.0,14.7,12.4,13.95,85.0,75,147.27,True,ASTS260618C00071000
ASTS,82.41000366210938,2026-06-18,CALL,72.0,12.86,11.4,13.15,51.0,68,142.09,True,ASTS260618C00072000
ASTS,82.41000366210938,2026-06-18,CALL,73.0,14.45,10.9,12.4,2.0,8,145.41,True,ASTS260618C00073000
ASTS,82.41000366210938,2026-06-18,CALL,74.0,12.13,10.15,11.7,1.0,63,144.63,True,ASTS260618C00074000
ASTS,82.41000366210938,2026-06-18,CALL,75.0,9.77,9.7,10.15,218.0,5236,135.25,True,ASTS260618C00075000
ASTS,82.41000366210938,2026-06-18,CALL,76.0,9.9,8.85,10.35,49.0,30,144.53,True,ASTS260618C00076000
ASTS,82.41000366210938,2026-06-18,CALL,77.0,8.7,8.25,8.8,12.0,5,132.52,True,ASTS260618C00077000
ASTS,82.41000366210938,2026-06-18,CALL,78.0,7.97,7.65,8.2,22.0,18,132.76,True,ASTS260618C00078000
ASTS,82.41000366210938,2026-06-18,CALL,79.0,7.35,7.2,7.55,13.0,35,133.5,True,ASTS260618C00079000
ASTS,82.41000366210938,2026-06-18,CALL,80.0,6.9,6.7,7.05,310.0,8359,134.72,True,ASTS260618C00080000
ASTS,82.41000366210938,2026-06-18,CALL,81.0,6.36,6.1,6.5,26.0,85,133.35,True,ASTS260618C00081000
ASTS,82.41000366210938,2026-06-18,CALL,82.0,5.95,5.75,6.2,378.0,48,137.35,True,ASTS260618C00082000
ASTS,82.41000366210938,2026-06-18,CALL,83.0,5.5,5.35,5.6,487.0,38,136.47,False,ASTS260618C00083000
ASTS,82.41000366210938,2026-06-18,CALL,84.0,5.0,4.9,5.15,1156.0,54,136.13,False,ASTS260618C00084000
ASTS,82.41000366210938,2026-06-18,CALL,85.0,4.7,4.55,4.75,2509.0,3409,136.91,False,ASTS260618C00085000
ASTS,82.41000366210938,2026-06-18,CALL,86.0,4.33,4.25,4.4,2011.0,66,138.33,False,ASTS260618C00086000
ASTS,82.41000366210938,2026-06-18,CALL,87.0,3.9,3.95,4.1,1074.0,72,139.75,False,ASTS260618C00087000
ASTS,82.41000366210938,2026-06-18,CALL,88.0,3.65,3.65,3.8,1490.0,175,140.63,False,ASTS260618C00088000
ASTS,82.41000366210938,2026-06-18,CALL,89.0,3.4,3.35,3.5,1161.0,147,140.97,False,ASTS260618C00089000
ASTS,82.41000366210938,2026-06-18,CALL,90.0,3.15,3.05,3.25,16758.0,8506,141.41,False,ASTS260618C00090000
ASTS,82.41000366210938,2026-06-18,CALL,91.0,2.88,2.82,2.97,615.0,477,141.85,False,ASTS260618C00091000
ASTS,82.41000366210938,2026-06-18,CALL,92.0,2.6,2.58,2.79,1027.0,405,143.02,False,ASTS260618C00092000
ASTS,82.41000366210938,2026-06-18,CALL,93.0,2.45,2.37,2.51,395.0,285,142.72,False,ASTS260618C00093000
ASTS,82.41000366210938,2026-06-18,CALL,94.0,2.26,2.25,2.39,253.0,648,145.51,False,ASTS260618C00094000
ASTS,82.41000366210938,2026-06-18,CALL,95.0,2.14,2.05,2.15,3263.0,9068,145.07,False,ASTS260618C00095000
ASTS,82.41000366210938,2026-06-18,CALL,96.0,1.93,1.9,2.08,758.0,254,147.46,False,ASTS260618C00096000
ASTS,82.41000366210938,2026-06-18,CALL,97.0,1.8,1.7,1.96,300.0,341,147.95,False,ASTS260618C00097000
ASTS,82.41000366210938,2026-06-18,CALL,98.0,1.7,1.68,1.82,362.0,433,150.73,False,ASTS260618C00098000
ASTS,82.41000366210938,2026-06-18,CALL,99.0,1.58,1.47,1.6,323.0,293,148.63,False,ASTS260618C00099000
ASTS,82.41000366210938,2026-06-18,CALL,100.0,1.5,1.46,1.5,24998.0,21561,151.66,False,ASTS260618C00100000
ASTS,82.41000366210938,2026-06-18,CALL,101.0,1.33,1.27,1.4,214.0,244,151.17,False,ASTS260618C00101000
ASTS,82.41000366210938,2026-06-18,CALL,102.0,1.25,1.16,1.38,304.0,229,153.32,False,ASTS260618C00102000
ASTS,82.41000366210938,2026-06-18,CALL,103.0,1.15,1.1,1.25,139.0,114,154.1,False,ASTS260618C00103000
ASTS,82.41000366210938,2026-06-18,CALL,104.0,1.1,0.97,1.3,154.0,355,156.84,False,ASTS260618C00104000
ASTS,82.41000366210938,2026-06-18,CALL,105.0,1.0,0.95,1.09,3235.0,5765,156.15,False,ASTS260618C00105000
ASTS,82.41000366210938,2026-06-18,CALL,106.0,0.85,0.85,1.05,909.0,337,157.13,False,ASTS260618C00106000
ASTS,82.41000366210938,2026-06-18,CALL,107.0,0.85,0.84,0.94,399.0,198,158.3,False,ASTS260618C00107000
ASTS,82.41000366210938,2026-06-18,CALL,108.0,0.76,0.8,0.93,512.0,239,161.04,False,ASTS260618C00108000
ASTS,82.41000366210938,2026-06-18,CALL,109.0,0.77,0.64,0.84,95.0,307,158.4,False,ASTS260618C00109000
ASTS,82.41000366210938,2026-06-18,CALL,110.0,0.7,0.65,0.76,3244.0,7326,160.16,False,ASTS260618C00110000
ASTS,82.41000366210938,2026-06-18,CALL,111.0,0.65,0.58,0.76,198.0,845,161.82,False,ASTS260618C00111000
ASTS,82.41000366210938,2026-06-18,CALL,112.0,0.62,0.53,0.69,156.0,249,161.72,False,ASTS260618C00112000
ASTS,82.41000366210938,2026-06-18,CALL,113.0,0.69,0.5,0.65,234.0,201,162.99,False,ASTS260618C00113000
ASTS,82.41000366210938,2026-06-18,CALL,114.0,0.56,0.44,0.59,65.0,256,162.4,False,ASTS260618C00114000
ASTS,82.41000366210938,2026-06-18,CALL,115.0,0.51,0.47,0.54,1342.0,3638,165.04,False,ASTS260618C00115000
ASTS,82.41000366210938,2026-06-18,CALL,116.0,0.48,0.41,0.55,185.0,2067,166.41,False,ASTS260618C00116000
ASTS,82.41000366210938,2026-06-18,CALL,117.0,0.54,0.37,0.53,97.0,157,167.38,False,ASTS260618C00117000
ASTS,82.41000366210938,2026-06-18,CALL,118.0,0.43,0.36,0.49,168.0,282,168.46,False,ASTS260618C00118000
ASTS,82.41000366210938,2026-06-18,CALL,119.0,0.47,0.33,0.47,61.0,270,169.43,False,ASTS260618C00119000
ASTS,82.41000366210938,2026-06-18,CALL,120.0,0.42,0.38,0.41,11520.0,15348,171.97,False,ASTS260618C00120000
ASTS,82.41000366210938,2026-06-18,CALL,121.0,0.35,0.24,0.47,79.0,225,171.29,False,ASTS260618C00121000
ASTS,82.41000366210938,2026-06-18,CALL,122.0,0.34,0.1,0.53,81.0,346,170.51,False,ASTS260618C00122000
ASTS,82.41000366210938,2026-06-18,CALL,123.0,0.45,0.06,0.48,8.0,114,168.55,False,ASTS260618C00123000
ASTS,82.41000366210938,2026-06-18,CALL,124.0,0.31,0.0,0.54,29.0,405,171.29,False,ASTS260618C00124000
ASTS,82.41000366210938,2026-06-18,CALL,125.0,0.39,0.2,0.37,1055.0,7369,175.59,False,ASTS260618C00125000
ASTS,82.41000366210938,2026-06-18,CALL,126.0,0.33,0.16,0.31,59.0,206,172.46,False,ASTS260618C00126000
ASTS,82.41000366210938,2026-06-18,CALL,127.0,0.26,0.0,0.36,28.0,465,167.58,False,ASTS260618C00127000
ASTS,82.41000366210938,2026-06-18,CALL,128.0,0.3,0.04,0.46,228.0,126,179.3,False,ASTS260618C00128000
ASTS,82.41000366210938,2026-06-18,CALL,129.0,0.55,0.04,0.58,6.0,288,188.67,False,ASTS260618C00129000
ASTS,82.41000366210938,2026-06-18,CALL,130.0,0.22,0.18,0.24,3342.0,21717,179.3,False,ASTS260618C00130000
ASTS,82.41000366210938,2026-06-18,CALL,131.0,0.23,0.1,0.43,18.0,110,188.67,False,ASTS260618C00131000
ASTS,82.41000366210938,2026-06-18,CALL,132.0,0.29,0.0,0.44,9.0,196,185.55,False,ASTS260618C00132000
ASTS,82.41000366210938,2026-06-18,CALL,133.0,0.3,0.1,0.44,36.0,259,194.14,False,ASTS260618C00133000
ASTS,82.41000366210938,2026-06-18,CALL,134.0,0.54,0.0,0.46,7.0,70,191.41,False,ASTS260618C00134000
ASTS,82.41000366210938,2026-06-18,CALL,135.0,0.18,0.15,0.35,283.0,2581,196.48,False,ASTS260618C00135000
ASTS,82.41000366210938,2026-06-18,CALL,140.0,0.11,0.1,0.15,1697.0,10497,187.89,False,ASTS260618C00140000
ASTS,82.41000366210938,2026-06-18,CALL,145.0,0.09,0.0,0.3,106.0,1386,203.13,False,ASTS260618C00145000
ASTS,82.41000366210938,2026-06-18,CALL,150.0,0.09,0.09,0.12,2876.0,15765,203.13,False,ASTS260618C00150000
ASTS,82.41000366210938,2026-06-18,CALL,155.0,0.12,0.0,0.32,67.0,930,224.61,False,ASTS260618C00155000
ASTS,82.41000366210938,2026-06-18,CALL,160.0,0.1,0.05,0.2,142.0,2866,226.17,False,ASTS260618C00160000
ASTS,82.41000366210938,2026-06-18,CALL,165.0,0.07,0.05,0.34,236.0,1380,249.22,False,ASTS260618C00165000
ASTS,82.41000366210938,2026-06-18,CALL,170.0,0.04,0.04,0.14,546.0,14451,233.59,False,ASTS260618C00170000
ASTS,82.41000366210938,2026-06-18,CALL,175.0,0.04,0.0,0.04,12.0,2496,206.25,False,ASTS260618C00175000
ASTS,82.41000366210938,2026-06-18,CALL,180.0,0.04,0.01,0.08,2257.0,21301,230.47,False,ASTS260618C00180000
ASTS,82.41000366210938,2026-06-18,CALL,185.0,0.03,0.0,0.04,141.0,258,218.75,False,ASTS260618C00185000
ASTS,82.41000366210938,2026-06-18,CALL,190.0,0.03,0.02,0.03,791.0,3207,229.69,False,ASTS260618C00190000
ASTS,82.41000366210938,2026-06-18,PUT,18.0,0.01,0.0,0.01,3.0,958,387.5,False,ASTS260618P00018000
ASTS,82.41000366210938,2026-06-18,PUT,20.0,0.01,0.0,0.02,154.0,846,381.25,False,ASTS260618P00020000
ASTS,82.41000366210938,2026-06-18,PUT,23.0,0.01,0.0,0.03,6.0,485,356.25,False,ASTS260618P00023000
ASTS,82.41000366210938,2026-06-18,PUT,25.0,0.04,0.0,0.03,1.0,817,334.38,False,ASTS260618P00025000
ASTS,82.41000366210938,2026-06-18,PUT,28.0,0.03,0.0,0.05,2.0,778,318.75,False,ASTS260618P00028000
ASTS,82.41000366210938,2026-06-18,PUT,30.0,0.02,0.0,0.02,61.0,1498,275.0,False,ASTS260618P00030000
ASTS,82.41000366210938,2026-06-18,PUT,33.0,0.03,0.0,0.05,52.0,1877,271.88,False,ASTS260618P00033000
ASTS,82.41000366210938,2026-06-18,PUT,35.0,0.02,0.0,0.02,2.0,1082,234.38,False,ASTS260618P00035000
ASTS,82.41000366210938,2026-06-18,PUT,37.0,0.02,0.0,0.02,908.0,1827,218.75,False,ASTS260618P00037000
ASTS,82.41000366210938,2026-06-18,PUT,40.0,0.03,0.01,0.05,211.0,3389,223.44,False,ASTS260618P00040000
ASTS,82.41000366210938,2026-06-18,PUT,42.0,0.03,0.01,0.08,42.0,427,218.75,False,ASTS260618P00042000
ASTS,82.41000366210938,2026-06-18,PUT,45.0,0.04,0.03,0.08,30.0,2768,203.91,False,ASTS260618P00045000
ASTS,82.41000366210938,2026-06-18,PUT,47.0,0.06,0.02,0.1,34.0,700,192.19,False,ASTS260618P00047000
ASTS,82.41000366210938,2026-06-18,PUT,50.0,0.05,0.01,0.1,2201.0,3752,171.09,False,ASTS260618P00050000
ASTS,82.41000366210938,2026-06-18,PUT,55.0,0.11,0.1,0.15,3440.0,3843,159.77,False,ASTS260618P00055000
ASTS,82.41000366210938,2026-06-18,PUT,60.0,0.22,0.21,0.25,1271.0,6247,144.53,False,ASTS260618P00060000
ASTS,82.41000366210938,2026-06-18,PUT,65.0,0.55,0.51,0.55,1208.0,4729,137.5,False,ASTS260618P00065000
ASTS,82.41000366210938,2026-06-18,PUT,68.0,0.85,0.8,0.9,1846.0,277,134.08,False,ASTS260618P00068000
ASTS,82.41000366210938,2026-06-18,PUT,69.0,1.0,0.98,1.02,192.0,396,133.59,False,ASTS260618P00069000
ASTS,82.41000366210938,2026-06-18,PUT,70.0,1.16,1.12,1.19,2616.0,6249,132.52,False,ASTS260618P00070000
ASTS,82.41000366210938,2026-06-18,PUT,71.0,1.38,1.34,1.4,182.0,122,133.01,False,ASTS260618P00071000
ASTS,82.41000366210938,2026-06-18,PUT,72.0,1.57,1.55,1.67,358.0,310,133.4,False,ASTS260618P00072000
ASTS,82.41000366210938,2026-06-18,PUT,73.0,1.81,1.78,1.95,206.0,142,133.45,False,ASTS260618P00073000
ASTS,82.41000366210938,2026-06-18,PUT,74.0,2.18,2.06,2.2,1159.0,256,133.01,False,ASTS260618P00074000
ASTS,82.41000366210938,2026-06-18,PUT,75.0,2.41,2.38,2.45,4736.0,6209,132.37,False,ASTS260618P00075000
ASTS,82.41000366210938,2026-06-18,PUT,76.0,2.75,2.7,2.8,302.0,194,132.42,False,ASTS260618P00076000
ASTS,82.41000366210938,2026-06-18,PUT,77.0,3.1,3.05,3.2,355.0,529,132.76,False,ASTS260618P00077000
ASTS,82.41000366210938,2026-06-18,PUT,78.0,3.55,3.5,3.7,445.0,212,134.96,False,ASTS260618P00078000
ASTS,82.41000366210938,2026-06-18,PUT,79.0,4.0,3.85,4.0,249.0,259,132.47,False,ASTS260618P00079000
ASTS,82.41000366210938,2026-06-18,PUT,80.0,4.41,4.35,4.5,4297.0,4751,133.74,False,ASTS260618P00080000
ASTS,82.41000366210938,2026-06-18,PUT,81.0,4.8,4.8,5.1,430.0,348,134.81,False,ASTS260618P00081000
ASTS,82.41000366210938,2026-06-18,PUT,82.0,5.44,5.35,5.5,593.0,373,133.98,False,ASTS260618P00082000
ASTS,82.41000366210938,2026-06-18,PUT,83.0,6.05,5.9,6.2,1182.0,453,136.08,True,ASTS260618P00083000
ASTS,82.41000366210938,2026-06-18,PUT,84.0,6.61,6.45,6.8,1171.0,421,136.33,True,ASTS260618P00084000
ASTS,82.41000366210938,2026-06-18,PUT,85.0,7.1,7.1,7.45,2439.0,2871,137.74,True,ASTS260618P00085000
ASTS,82.41000366210938,2026-06-18,PUT,86.0,7.87,7.7,8.1,364.0,242,137.94,True,ASTS260618P00086000
ASTS,82.41000366210938,2026-06-18,PUT,87.0,8.58,8.4,8.8,275.0,554,139.36,True,ASTS260618P00087000
ASTS,82.41000366210938,2026-06-18,PUT,88.0,9.28,9.1,9.5,376.0,938,140.23,True,ASTS260618P00088000
ASTS,82.41000366210938,2026-06-18,PUT,89.0,10.02,9.8,10.25,813.0,609,141.21,True,ASTS260618P00089000
ASTS,82.41000366210938,2026-06-18,PUT,90.0,10.7,10.5,10.9,1384.0,9935,140.38,True,ASTS260618P00090000
ASTS,82.41000366210938,2026-06-18,PUT,91.0,11.2,11.3,11.75,269.0,293,142.92,True,ASTS260618P00091000
ASTS,82.41000366210938,2026-06-18,PUT,92.0,12.25,12.0,12.55,219.0,328,143.02,True,ASTS260618P00092000
ASTS,82.41000366210938,2026-06-18,PUT,93.0,12.98,12.65,13.4,340.0,942,142.58,True,ASTS260618P00093000
ASTS,82.41000366210938,2026-06-18,PUT,94.0,13.69,13.05,14.25,155.0,227,137.99,True,ASTS260618P00094000
ASTS,82.41000366210938,2026-06-18,PUT,95.0,14.63,14.2,15.0,246.0,1625,142.38,True,ASTS260618P00095000
ASTS,82.41000366210938,2026-06-18,PUT,96.0,14.51,14.6,15.85,44.0,407,136.33,True,ASTS260618P00096000
ASTS,82.41000366210938,2026-06-18,PUT,97.0,15.8,16.0,17.05,135.0,281,151.27,True,ASTS260618P00097000
ASTS,82.41000366210938,2026-06-18,PUT,98.0,16.48,16.95,17.65,2205.0,2051,149.41,True,ASTS260618P00098000
ASTS,82.41000366210938,2026-06-18,PUT,99.0,17.32,16.95,18.6,60.0,198,136.04,True,ASTS260618P00099000
ASTS,82.41000366210938,2026-06-18,PUT,100.0,18.58,18.45,19.5,1365.0,2984,148.24,True,ASTS260618P00100000
ASTS,82.41000366210938,2026-06-18,PUT,101.0,19.26,19.1,20.4,452.0,414,144.43,True,ASTS260618P00101000
ASTS,82.41000366210938,2026-06-18,PUT,102.0,19.15,19.55,21.35,101.0,387,136.33,True,ASTS260618P00102000
ASTS,82.41000366210938,2026-06-18,PUT,103.0,20.95,20.45,22.25,80.0,103,135.84,True,ASTS260618P00103000
ASTS,82.41000366210938,2026-06-18,PUT,104.0,21.74,21.65,23.2,42.0,291,143.55,True,ASTS260618P00104000
ASTS,82.41000366210938,2026-06-18,PUT,105.0,22.5,22.95,24.0,523.0,1127,150.05,True,ASTS260618P00105000
ASTS,82.41000366210938,2026-06-18,PUT,106.0,23.45,23.6,25.15,149.0,198,149.22,True,ASTS260618P00106000
ASTS,82.41000366210938,2026-06-18,PUT,107.0,24.5,24.3,26.0,9.0,189,140.82,True,ASTS260618P00107000
ASTS,82.41000366210938,2026-06-18,PUT,108.0,26.27,25.7,26.85,81.0,96,151.76,True,ASTS260618P00108000
ASTS,82.41000366210938,2026-06-18,PUT,109.0,26.26,26.15,27.9,22.0,161,140.04,True,ASTS260618P00109000
ASTS,82.41000366210938,2026-06-18,PUT,110.0,27.14,27.05,28.7,105.0,884,131.64,True,ASTS260618P00110000
ASTS,82.41000366210938,2026-06-18,PUT,111.0,29.01,28.0,29.7,15.0,160,132.42,True,ASTS260618P00111000
ASTS,82.41000366210938,2026-06-18,PUT,112.0,29.35,28.7,31.0,15.0,308,135.55,True,ASTS260618P00112000
ASTS,82.41000366210938,2026-06-18,PUT,113.0,30.02,29.8,31.9,18.0,99,138.67,True,ASTS260618P00113000
ASTS,82.41000366210938,2026-06-18,PUT,114.0,29.98,30.9,32.85,34.0,60,144.14,True,ASTS260618P00114000
ASTS,82.41000366210938,2026-06-18,PUT,115.0,32.1,32.3,33.7,126.0,637,158.01,True,ASTS260618P00115000
ASTS,82.41000366210938,2026-06-18,PUT,116.0,33.95,33.2,34.6,50.0,59,152.54,True,ASTS260618P00116000
ASTS,82.41000366210938,2026-06-18,PUT,117.0,32.95,33.75,35.65,21.0,67,130.86,True,ASTS260618P00117000
ASTS,82.41000366210938,2026-06-18,PUT,118.0,35.9,34.5,36.45,11.0,60,196.68,True,ASTS260618P00118000
ASTS,82.41000366210938,2026-06-18,PUT,119.0,34.33,35.7,37.55,2.0,60,117.19,True,ASTS260618P00119000
ASTS,82.41000366210938,2026-06-18,PUT,120.0,37.85,36.7,38.6,123.0,821,127.73,True,ASTS260618P00120000
ASTS,82.41000366210938,2026-06-18,PUT,121.0,35.1,37.7,39.45,8.0,29,206.45,True,ASTS260618P00121000
ASTS,82.41000366210938,2026-06-18,PUT,122.0,38.5,38.65,40.4,2.0,137,206.74,True,ASTS260618P00122000
ASTS,82.41000366210938,2026-06-18,PUT,123.0,38.15,39.05,41.35,10.0,26,206.84,True,ASTS260618P00123000
ASTS,82.41000366210938,2026-06-18,PUT,124.0,41.42,40.6,42.4,1.0,32,212.99,True,ASTS260618P00124000
ASTS,82.41000366210938,2026-06-18,PUT,125.0,41.8,41.05,43.6,43.0,412,227.44,True,ASTS260618P00125000
ASTS,82.41000366210938,2026-06-18,PUT,126.0,42.55,42.6,44.85,2.0,27,158.2,True,ASTS260618P00126000
ASTS,82.41000366210938,2026-06-18,PUT,127.0,34.92,43.6,45.3,5.0,8,215.63,True,ASTS260618P00127000
ASTS,82.41000366210938,2026-06-18,PUT,128.0,23.9,44.0,46.4,20.0,18,224.9,True,ASTS260618P00128000
ASTS,82.41000366210938,2026-06-18,PUT,129.0,45.7,45.55,47.35,25.0,48,224.71,True,ASTS260618P00129000
ASTS,82.41000366210938,2026-06-18,PUT,130.0,48.54,46.55,48.75,11.0,251,150.39,True,ASTS260618P00130000
ASTS,82.41000366210938,2026-06-18,PUT,131.0,47.65,47.55,49.3,44.0,48,227.05,True,ASTS260618P00131000
ASTS,82.41000366210938,2026-06-18,PUT,132.0,25.55,48.5,50.35,1.0,3,233.11,True,ASTS260618P00132000
ASTS,82.41000366210938,2026-06-18,PUT,133.0,27.51,49.5,51.4,2.0,4,239.16,True,ASTS260618P00133000
ASTS,82.41000366210938,2026-06-18,PUT,135.0,27.0,51.35,53.75,4.0,42,265.23,True,ASTS260618P00135000
ASTS,82.41000366210938,2026-06-18,PUT,140.0,53.85,56.45,58.25,45.0,209,247.27,True,ASTS260618P00140000
ASTS,82.41000366210938,2026-06-18,PUT,145.0,57.59,61.45,63.35,1.0,43,266.8,True,ASTS260618P00145000
ASTS,82.41000366210938,2026-06-18,PUT,150.0,58.55,66.4,68.15,18.0,195,262.89,True,ASTS260618P00150000
ASTS,82.41000366210938,2026-06-18,PUT,155.0,63.5,71.3,73.55,18.0,55,303.91,True,ASTS260618P00155000
ASTS,82.41000366210938,2026-06-18,PUT,160.0,71.26,76.4,78.15,1.0,35,284.18,True,ASTS260618P00160000
ASTS,82.41000366210938,2026-06-18,PUT,165.0,73.35,81.4,83.3,30.0,22,307.23,True,ASTS260618P00165000
ASTS,82.41000366210938,2026-06-18,PUT,170.0,81.18,86.4,88.4,1.0,0,325.1,True,ASTS260618P00170000
ASTS,82.41000366210938,2026-06-18,PUT,175.0,94.07,0.0,0.0,1.0,0,0.0,True,ASTS260618P00175000
ASTS,82.41000366210938,2026-06-18,PUT,180.0,91.0,96.4,98.15,1.0,48,322.27,True,ASTS260618P00180000
ASTS,82.41000366210938,2026-06-26,CALL,45.0,43.55,36.65,38.75,1.0,21,171.68,True,ASTS260626C00045000
ASTS,82.41000366210938,2026-06-26,CALL,50.0,42.8,31.75,34.45,4.0,2,174.32,True,ASTS260626C00050000
ASTS,82.41000366210938,2026-06-26,CALL,55.0,68.6,27.1,29.25,1.0,26,150.39,True,ASTS260626C00055000
ASTS,82.41000366210938,2026-06-26,CALL,58.0,30.15,24.25,26.4,184.0,20,140.92,True,ASTS260626C00058000
ASTS,82.41000366210938,2026-06-26,CALL,59.0,25.25,23.45,25.4,333.0,6,139.55,True,ASTS260626C00059000
ASTS,82.41000366210938,2026-06-26,CALL,60.0,25.0,22.55,24.5,150.0,17,137.89,True,ASTS260626C00060000
ASTS,82.41000366210938,2026-06-26,CALL,61.0,31.88,21.75,23.9,2.0,4,142.68,True,ASTS260626C00061000
ASTS,82.41000366210938,2026-06-26,CALL,62.0,30.95,20.65,22.8,2.0,19,133.84,True,ASTS260626C00062000
ASTS,82.41000366210938,2026-06-26,CALL,63.0,31.48,19.95,21.25,4.0,15,124.32,True,ASTS260626C00063000
ASTS,82.41000366210938,2026-06-26,CALL,64.0,34.39,19.0,21.2,6.0,1,133.94,True,ASTS260626C00064000
ASTS,82.41000366210938,2026-06-26,CALL,65.0,33.47,18.35,20.7,2.0,47,139.5,True,ASTS260626C00065000
ASTS,82.41000366210938,2026-06-26,CALL,66.0,27.68,17.55,19.25,20.0,5,130.42,True,ASTS260626C00066000
ASTS,82.41000366210938,2026-06-26,CALL,67.0,21.15,16.7,19.15,1.0,16,137.21,True,ASTS260626C00067000
ASTS,82.41000366210938,2026-06-26,CALL,68.0,25.4,16.0,18.0,40.0,140,132.81,True,ASTS260626C00068000
ASTS,82.41000366210938,2026-06-26,CALL,69.0,24.71,15.15,16.85,40.0,40,126.66,True,ASTS260626C00069000
ASTS,82.41000366210938,2026-06-26,CALL,70.0,16.25,14.55,16.15,2.0,150,127.98,True,ASTS260626C00070000
ASTS,82.41000366210938,2026-06-26,CALL,71.0,17.5,13.9,15.45,2.0,30,128.32,True,ASTS260626C00071000
ASTS,82.41000366210938,2026-06-26,CALL,72.0,21.25,13.0,14.3,40.0,29,121.39,True,ASTS260626C00072000
ASTS,82.41000366210938,2026-06-26,CALL,73.0,14.0,12.35,14.1,1.0,18,125.85,True,ASTS260626C00073000
ASTS,82.41000366210938,2026-06-26,CALL,74.0,13.05,11.75,13.45,3.0,118,126.03,True,ASTS260626C00074000
ASTS,82.41000366210938,2026-06-26,CALL,75.0,13.77,11.3,12.05,11.0,94,120.48,True,ASTS260626C00075000
ASTS,82.41000366210938,2026-06-26,CALL,76.0,11.51,10.7,11.55,9.0,16,121.34,True,ASTS260626C00076000
ASTS,82.41000366210938,2026-06-26,CALL,77.0,21.2,10.15,10.9,2.0,36,120.95,True,ASTS260626C00077000
ASTS,82.41000366210938,2026-06-26,CALL,78.0,12.98,9.6,10.35,1.0,14,121.05,True,ASTS260626C00078000
ASTS,82.41000366210938,2026-06-26,CALL,79.0,9.5,9.1,9.8,1.0,16,121.19,True,ASTS260626C00079000
ASTS,82.41000366210938,2026-06-26,CALL,80.0,8.8,8.4,9.25,56.0,511,119.41,True,ASTS260626C00080000
ASTS,82.41000366210938,2026-06-26,CALL,81.0,9.0,8.05,8.95,30.0,34,122.07,True,ASTS260626C00081000
ASTS,82.41000366210938,2026-06-26,CALL,82.0,7.95,7.95,8.25,76.0,122,123.19,True,ASTS260626C00082000
ASTS,82.41000366210938,2026-06-26,CALL,83.0,7.55,7.45,7.9,73.0,78,123.58,False,ASTS260626C00083000
ASTS,82.41000366210938,2026-06-26,CALL,84.0,7.17,6.85,7.6,163.0,123,123.29,False,ASTS260626C00084000
ASTS,82.41000366210938,2026-06-26,CALL,85.0,6.7,6.6,6.9,246.0,438,122.29,False,ASTS260626C00085000
ASTS,82.41000366210938,2026-06-26,CALL,86.0,6.81,6.1,6.9,134.0,61,124.51,False,ASTS260626C00086000
ASTS,82.41000366210938,2026-06-26,CALL,87.0,6.0,6.0,6.25,318.0,85,124.49,False,ASTS260626C00087000
ASTS,82.41000366210938,2026-06-26,CALL,88.0,5.7,5.6,5.95,190.0,43,124.61,False,ASTS260626C00088000
ASTS,82.41000366210938,2026-06-26,CALL,89.0,5.4,5.25,5.65,420.0,70,124.83,False,ASTS260626C00089000
ASTS,82.41000366210938,2026-06-26,CALL,90.0,5.11,5.0,5.25,1051.0,499,124.78,False,ASTS260626C00090000
ASTS,82.41000366210938,2026-06-26,CALL,91.0,5.15,4.5,5.05,190.0,63,124.07,False,ASTS260626C00091000
ASTS,82.41000366210938,2026-06-26,CALL,92.0,4.55,4.5,4.75,85.0,86,126.39,False,ASTS260626C00092000
ASTS,82.41000366210938,2026-06-26,CALL,93.0,4.4,4.2,4.5,132.0,99,126.42,False,ASTS260626C00093000
ASTS,82.41000366210938,2026-06-26,CALL,94.0,4.1,3.8,4.35,361.0,123,126.22,False,ASTS260626C00094000
ASTS,82.41000366210938,2026-06-26,CALL,95.0,4.02,3.65,4.35,678.0,259,129.2,False,ASTS260626C00095000
ASTS,82.41000366210938,2026-06-26,CALL,96.0,3.9,3.3,4.15,28.0,52,128.59,False,ASTS260626C00096000
ASTS,82.41000366210938,2026-06-26,CALL,97.0,3.77,3.25,3.95,37.0,126,130.37,False,ASTS260626C00097000
ASTS,82.41000366210938,2026-06-26,CALL,98.0,3.74,3.1,3.75,40.0,65,131.1,False,ASTS260626C00098000
ASTS,82.41000366210938,2026-06-26,CALL,99.0,3.24,2.95,3.6,162.0,210,132.13,False,ASTS260626C00099000
ASTS,82.41000366210938,2026-06-26,CALL,100.0,3.03,2.95,3.15,4373.0,3507,131.59,False,ASTS260626C00100000
ASTS,82.41000366210938,2026-06-26,CALL,101.0,3.0,2.72,3.15,45.0,220,132.91,False,ASTS260626C00101000
ASTS,82.41000366210938,2026-06-26,CALL,102.0,2.82,2.55,3.1,27.0,50,134.23,False,ASTS260626C00102000
ASTS,82.41000366210938,2026-06-26,CALL,103.0,2.88,2.37,2.74,30.0,92,132.18,False,ASTS260626C00103000
ASTS,82.41000366210938,2026-06-26,CALL,104.0,2.4,2.29,2.61,21.0,107,133.23,False,ASTS260626C00104000
ASTS,82.41000366210938,2026-06-26,CALL,105.0,2.28,2.18,2.45,311.0,637,133.55,False,ASTS260626C00105000
ASTS,82.41000366210938,2026-06-26,CALL,106.0,2.3,2.05,2.39,25.0,54,134.52,False,ASTS260626C00106000
ASTS,82.41000366210938,2026-06-26,CALL,107.0,2.2,1.95,2.29,90.0,115,135.3,False,ASTS260626C00107000
ASTS,82.41000366210938,2026-06-26,CALL,108.0,2.06,1.93,2.17,183.0,201,136.62,False,ASTS260626C00108000
ASTS,82.41000366210938,2026-06-26,CALL,109.0,2.09,1.73,2.11,5.0,143,136.47,False,ASTS260626C00109000
ASTS,82.41000366210938,2026-06-26,CALL,110.0,1.81,1.62,2.02,1579.0,1650,136.87,False,ASTS260626C00110000
ASTS,82.41000366210938,2026-06-26,CALL,111.0,2.04,1.58,1.93,16.0,136,137.99,False,ASTS260626C00111000
ASTS,82.41000366210938,2026-06-26,CALL,112.0,1.65,1.55,1.79,26.0,110,138.48,False,ASTS260626C00112000
ASTS,82.41000366210938,2026-06-26,CALL,113.0,2.6,1.38,1.78,14.0,91,138.72,False,ASTS260626C00113000
ASTS,82.41000366210938,2026-06-26,CALL,114.0,1.55,1.32,1.71,15.0,222,139.55,False,ASTS260626C00114000
ASTS,82.41000366210938,2026-06-26,CALL,115.0,1.48,1.28,1.5,361.0,1574,138.57,False,ASTS260626C00115000
ASTS,82.41000366210938,2026-06-26,CALL,116.0,1.55,1.21,1.58,9.0,91,141.11,False,ASTS260626C00116000
ASTS,82.41000366210938,2026-06-26,CALL,117.0,1.43,1.11,1.51,38.0,108,141.02,False,ASTS260626C00117000
ASTS,82.41000366210938,2026-06-26,CALL,118.0,1.46,1.12,1.37,11.0,170,141.41,False,ASTS260626C00118000
ASTS,82.41000366210938,2026-06-26,CALL,119.0,1.7,1.01,1.4,6.0,121,142.48,False,ASTS260626C00119000
ASTS,82.41000366210938,2026-06-26,CALL,120.0,1.12,1.14,1.34,541.0,1801,145.8,False,ASTS260626C00120000
ASTS,82.41000366210938,2026-06-26,CALL,121.0,1.26,0.93,1.3,12.0,760,144.04,False,ASTS260626C00121000
ASTS,82.41000366210938,2026-06-26,CALL,122.0,1.16,0.88,1.25,16.0,143,144.53,False,ASTS260626C00122000
ASTS,82.41000366210938,2026-06-26,CALL,123.0,1.47,0.86,1.21,14.0,129,145.61,False,ASTS260626C00123000
ASTS,82.41000366210938,2026-06-26,CALL,124.0,1.08,0.78,1.17,25.0,86,145.61,False,ASTS260626C00124000
ASTS,82.41000366210938,2026-06-26,CALL,125.0,1.0,0.68,1.02,680.0,764,142.97,False,ASTS260626C00125000
ASTS,82.41000366210938,2026-06-26,CALL,126.0,0.98,0.72,1.08,20.0,117,146.88,False,ASTS260626C00126000
ASTS,82.41000366210938,2026-06-26,CALL,127.0,0.97,0.69,1.01,7.0,56,146.88,False,ASTS260626C00127000
ASTS,82.41000366210938,2026-06-26,CALL,128.0,0.89,0.77,1.0,11.0,76,150.2,False,ASTS260626C00128000
ASTS,82.41000366210938,2026-06-26,CALL,129.0,1.45,0.59,0.97,3.0,291,147.95,False,ASTS260626C00129000
ASTS,82.41000366210938,2026-06-26,CALL,130.0,0.78,0.66,0.78,400.0,1662,147.27,False,ASTS260626C00130000
ASTS,82.41000366210938,2026-06-26,CALL,131.0,0.8,0.54,0.91,2.0,44,149.32,False,ASTS260626C00131000
ASTS,82.41000366210938,2026-06-26,CALL,132.0,0.8,0.51,1.09,15.0,65,154.3,False,ASTS260626C00132000
ASTS,82.41000366210938,2026-06-26,CALL,133.0,1.05,0.48,1.07,51.0,362,155.08,False,ASTS260626C00133000
ASTS,82.41000366210938,2026-06-26,CALL,134.0,0.73,0.48,0.82,8.0,40,151.17,False,ASTS260626C00134000
ASTS,82.41000366210938,2026-06-26,CALL,135.0,0.7,0.43,1.01,50.0,799,156.15,False,ASTS260626C00135000
ASTS,82.41000366210938,2026-06-26,CALL,136.0,1.41,0.42,0.7,60.0,19,150.2,False,ASTS260626C00136000
ASTS,82.41000366210938,2026-06-26,CALL,137.0,0.71,0.41,0.89,13.0,18,156.35,False,ASTS260626C00137000
ASTS,82.41000366210938,2026-06-26,CALL,138.0,0.98,0.36,0.7,2.0,25,151.86,False,ASTS260626C00138000
ASTS,82.41000366210938,2026-06-26,CALL,139.0,0.8,0.35,0.83,150.0,153,156.64,False,ASTS260626C00139000
ASTS,82.41000366210938,2026-06-26,CALL,140.0,0.63,0.23,0.81,144.0,443,154.49,False,ASTS260626C00140000
ASTS,82.41000366210938,2026-06-26,CALL,141.0,0.8,0.01,2.6,10.0,20,189.5,False,ASTS260626C00141000
ASTS,82.41000366210938,2026-06-26,CALL,142.0,0.7,0.0,1.62,10.0,63,172.07,False,ASTS260626C00142000
ASTS,82.41000366210938,2026-06-26,CALL,143.0,0.49,0.04,0.8,34.0,71,153.22,False,ASTS260626C00143000
ASTS,82.41000366210938,2026-06-26,CALL,145.0,0.46,0.13,0.69,189.0,804,155.57,False,ASTS260626C00145000
ASTS,82.41000366210938,2026-06-26,CALL,150.0,0.39,0.3,0.6,812.0,2705,165.43,False,ASTS260626C00150000
ASTS,82.41000366210938,2026-06-26,CALL,155.0,0.33,0.1,0.79,28.0,1304,172.07,False,ASTS260626C00155000
ASTS,82.41000366210938,2026-06-26,CALL,160.0,0.35,0.0,0.53,88.0,1479,164.45,False,ASTS260626C00160000
ASTS,82.41000366210938,2026-06-26,CALL,165.0,0.27,0.2,0.68,12.0,218,184.86,False,ASTS260626C00165000
ASTS,82.41000366210938,2026-06-26,CALL,170.0,0.22,0.0,0.72,28.0,62,184.96,False,ASTS260626C00170000
ASTS,82.41000366210938,2026-06-26,CALL,175.0,0.34,0.01,0.6,4.0,314,185.94,False,ASTS260626C00175000
ASTS,82.41000366210938,2026-06-26,CALL,180.0,0.41,0.1,1.13,11.0,488,214.36,False,ASTS260626C00180000
ASTS,82.41000366210938,2026-06-26,CALL,185.0,0.23,0.0,0.4,2.0,83,185.35,False,ASTS260626C00185000
ASTS,82.41000366210938,2026-06-26,CALL,190.0,0.13,0.01,0.34,207.0,493,187.11,False,ASTS260626C00190000
ASTS,82.41000366210938,2026-06-26,PUT,45.0,0.08,0.05,0.08,835.0,228,136.33,False,ASTS260626P00045000
ASTS,82.41000366210938,2026-06-26,PUT,50.0,0.23,0.15,0.24,427.0,254,135.55,False,ASTS260626P00050000
ASTS,82.41000366210938,2026-06-26,PUT,55.0,0.39,0.2,0.45,113.0,736,124.12,False,ASTS260626P00055000
ASTS,82.41000366210938,2026-06-26,PUT,58.0,0.62,0.16,0.65,64.0,301,115.63,False,ASTS260626P00058000
ASTS,82.41000366210938,2026-06-26,PUT,59.0,0.67,0.51,0.73,130.0,153,122.46,False,ASTS260626P00059000
ASTS,82.41000366210938,2026-06-26,PUT,60.0,0.69,0.59,0.91,229.0,827,123.44,False,ASTS260626P00060000
ASTS,82.41000366210938,2026-06-26,PUT,61.0,0.85,0.69,1.05,43.0,114,123.34,False,ASTS260626P00061000
ASTS,82.41000366210938,2026-06-26,PUT,62.0,1.0,0.87,1.14,20.0,71,123.24,False,ASTS260626P00062000
ASTS,82.41000366210938,2026-06-26,PUT,63.0,1.08,0.96,1.2,44.0,92,120.61,False,ASTS260626P00063000
ASTS,82.41000366210938,2026-06-26,PUT,64.0,1.29,1.1,1.38,18.0,115,120.56,False,ASTS260626P00064000
ASTS,82.41000366210938,2026-06-26,PUT,65.0,1.45,1.3,1.5,215.0,539,119.97,False,ASTS260626P00065000
ASTS,82.41000366210938,2026-06-26,PUT,66.0,1.59,1.49,1.74,35.0,114,120.56,False,ASTS260626P00066000
ASTS,82.41000366210938,2026-06-26,PUT,67.0,1.75,1.66,1.85,33.0,63,118.6,False,ASTS260626P00067000
ASTS,82.41000366210938,2026-06-26,PUT,68.0,2.03,1.88,2.19,83.0,123,119.87,False,ASTS260626P00068000
ASTS,82.41000366210938,2026-06-26,PUT,69.0,2.28,2.13,2.44,37.0,82,119.82,False,ASTS260626P00069000
ASTS,82.41000366210938,2026-06-26,PUT,70.0,2.56,2.29,2.61,440.0,741,117.53,False,ASTS260626P00070000
ASTS,82.41000366210938,2026-06-26,PUT,71.0,2.69,2.55,2.92,12.0,93,117.48,False,ASTS260626P00071000
ASTS,82.41000366210938,2026-06-26,PUT,72.0,3.05,3.0,3.4,597.0,106,120.61,False,ASTS260626P00072000
ASTS,82.41000366210938,2026-06-26,PUT,73.0,3.5,3.1,3.7,71.0,59,118.02,False,ASTS260626P00073000
ASTS,82.41000366210938,2026-06-26,PUT,74.0,3.76,3.45,4.15,96.0,56,118.9,False,ASTS260626P00074000
ASTS,82.41000366210938,2026-06-26,PUT,75.0,4.23,4.05,4.35,748.0,317,119.34,False,ASTS260626P00075000
ASTS,82.41000366210938,2026-06-26,PUT,76.0,4.45,4.2,4.95,543.0,171,118.92,False,ASTS260626P00076000
ASTS,82.41000366210938,2026-06-26,PUT,77.0,4.95,4.7,5.3,283.0,63,119.02,False,ASTS260626P00077000
ASTS,82.41000366210938,2026-06-26,PUT,78.0,5.47,5.05,5.7,269.0,137,117.92,False,ASTS260626P00078000
ASTS,82.41000366210938,2026-06-26,PUT,79.0,5.6,5.6,6.25,530.0,60,119.34,False,ASTS260626P00079000
ASTS,82.41000366210938,2026-06-26,PUT,80.0,6.4,6.1,6.7,1266.0,980,119.19,False,ASTS260626P00080000
ASTS,82.41000366210938,2026-06-26,PUT,81.0,7.0,6.8,7.2,231.0,118,120.65,False,ASTS260626P00081000
ASTS,82.41000366210938,2026-06-26,PUT,82.0,7.47,7.35,7.7,288.0,188,120.61,False,ASTS260626P00082000
ASTS,82.41000366210938,2026-06-26,PUT,83.0,8.2,7.8,8.2,50.0,292,119.46,True,ASTS260626P00083000
ASTS,82.41000366210938,2026-06-26,PUT,84.0,8.76,8.2,8.95,41.0,222,119.56,True,ASTS260626P00084000
ASTS,82.41000366210938,2026-06-26,PUT,85.0,9.2,8.85,9.55,216.0,579,120.12,True,ASTS260626P00085000
ASTS,82.41000366210938,2026-06-26,PUT,86.0,9.66,9.45,10.2,86.0,159,120.39,True,ASTS260626P00086000
ASTS,82.41000366210938,2026-06-26,PUT,87.0,10.0,10.1,10.85,77.0,60,120.75,True,ASTS260626P00087000
ASTS,82.41000366210938,2026-06-26,PUT,88.0,11.15,10.85,11.6,37.0,199,122.41,True,ASTS260626P00088000
ASTS,82.41000366210938,2026-06-26,PUT,89.0,11.32,11.45,12.3,21.0,168,122.22,True,ASTS260626P00089000
ASTS,82.41000366210938,2026-06-26,PUT,90.0,12.33,12.25,13.0,116.0,827,123.34,True,ASTS260626P00090000
ASTS,82.41000366210938,2026-06-26,PUT,91.0,13.12,13.0,13.65,29.0,64,123.44,True,ASTS260626P00091000
ASTS,82.41000366210938,2026-06-26,PUT,92.0,13.38,13.7,14.5,12.0,188,124.51,True,ASTS260626P00092000
ASTS,82.41000366210938,2026-06-26,PUT,93.0,14.65,14.65,15.25,50.0,180,126.61,True,ASTS260626P00093000
ASTS,82.41000366210938,2026-06-26,PUT,94.0,14.99,15.25,16.0,18.0,184,125.56,True,ASTS260626P00094000
ASTS,82.41000366210938,2026-06-26,PUT,95.0,15.62,16.0,16.8,66.0,541,125.98,True,ASTS260626P00095000
ASTS,82.41000366210938,2026-06-26,PUT,96.0,16.35,16.9,17.55,36.0,103,127.03,True,ASTS260626P00096000
ASTS,82.41000366210938,2026-06-26,PUT,97.0,17.34,17.75,18.35,19.0,142,127.88,True,ASTS260626P00097000
ASTS,82.41000366210938,2026-06-26,PUT,98.0,18.27,18.25,19.4,9.0,146,127.69,True,ASTS260626P00098000
ASTS,82.41000366210938,2026-06-26,PUT,99.0,18.77,19.4,20.35,4.0,47,132.32,True,ASTS260626P00099000
ASTS,82.41000366210938,2026-06-26,PUT,100.0,20.4,19.95,21.15,111.0,716,129.88,True,ASTS260626P00100000
ASTS,82.41000366210938,2026-06-26,PUT,101.0,20.74,20.1,21.8,1.0,114,121.58,True,ASTS260626P00101000
ASTS,82.41000366210938,2026-06-26,PUT,102.0,21.25,21.5,22.85,3.0,66,129.47,True,ASTS260626P00102000
ASTS,82.41000366210938,2026-06-26,PUT,103.0,22.14,21.8,23.65,15.0,28,123.44,True,ASTS260626P00103000
ASTS,82.41000366210938,2026-06-26,PUT,104.0,21.25,22.55,24.5,8.0,54,122.17,True,ASTS260626P00104000
ASTS,82.41000366210938,2026-06-26,PUT,105.0,24.03,24.15,25.5,22.0,256,131.84,True,ASTS260626P00105000
ASTS,82.41000366210938,2026-06-26,PUT,106.0,16.82,24.45,26.25,5.0,70,124.12,True,ASTS260626P00106000
ASTS,82.41000366210938,2026-06-26,PUT,107.0,19.15,25.1,27.1,1.0,53,120.9,True,ASTS260626P00107000
ASTS,82.41000366210938,2026-06-26,PUT,108.0,26.47,26.35,28.1,1.0,64,126.81,True,ASTS260626P00108000
ASTS,82.41000366210938,2026-06-26,PUT,109.0,28.17,26.95,28.95,1.0,55,122.46,True,ASTS260626P00109000
ASTS,82.41000366210938,2026-06-26,PUT,110.0,28.28,28.1,29.9,15.0,296,126.47,True,ASTS260626P00110000
ASTS,82.41000366210938,2026-06-26,PUT,111.0,29.86,28.95,30.75,1.0,40,124.9,True,ASTS260626P00111000
ASTS,82.41000366210938,2026-06-26,PUT,112.0,30.02,29.9,31.65,8.0,77,125.29,True,ASTS260626P00112000
ASTS,82.41000366210938,2026-06-26,PUT,113.0,26.25,31.25,32.6,2.0,17,132.08,True,ASTS260626P00113000
ASTS,82.41000366210938,2026-06-26,PUT,114.0,27.77,32.25,33.5,2.0,73,133.11,True,ASTS260626P00114000
ASTS,82.41000366210938,2026-06-26,PUT,115.0,32.85,32.7,34.6,24.0,75,128.71,True,ASTS260626P00115000
ASTS,82.41000366210938,2026-06-26,PUT,116.0,31.25,33.05,35.45,2.0,75,116.8,True,ASTS260626P00116000
ASTS,82.41000366210938,2026-06-26,PUT,117.0,34.69,34.9,36.6,1.0,46,136.52,True,ASTS260626P00117000
ASTS,82.41000366210938,2026-06-26,PUT,118.0,36.3,35.55,37.35,1.0,13,128.76,True,ASTS260626P00118000
ASTS,82.41000366210938,2026-06-26,PUT,119.0,34.55,36.4,38.25,3.0,17,126.17,True,ASTS260626P00119000
ASTS,82.41000366210938,2026-06-26,PUT,120.0,37.36,37.15,39.2,2.0,123,121.97,True,ASTS260626P00120000
ASTS,82.41000366210938,2026-06-26,PUT,121.0,32.34,38.9,40.2,4.0,41,138.77,True,ASTS260626P00121000
ASTS,82.41000366210938,2026-06-26,PUT,122.0,40.01,39.35,41.35,13.0,35,133.4,True,ASTS260626P00122000
ASTS,82.41000366210938,2026-06-26,PUT,123.0,29.08,40.25,42.45,1.0,66,135.45,True,ASTS260626P00123000
ASTS,82.41000366210938,2026-06-26,PUT,124.0,42.8,40.65,43.05,3.0,25,111.33,True,ASTS260626P00124000
ASTS,82.41000366210938,2026-06-26,PUT,125.0,30.6,42.25,44.1,1.0,105,131.84,True,ASTS260626P00125000
ASTS,82.41000366210938,2026-06-26,PUT,126.0,40.03,42.9,45.15,1.0,10,126.07,True,ASTS260626P00126000
ASTS,82.41000366210938,2026-06-26,PUT,127.0,44.36,44.0,46.15,10.0,25,130.57,True,ASTS260626P00127000
ASTS,82.41000366210938,2026-06-26,PUT,128.0,45.35,44.5,47.0,30.0,156,109.38,True,ASTS260626P00128000
ASTS,82.41000366210938,2026-06-26,PUT,129.0,35.51,45.45,47.9,4.0,18,101.56,True,ASTS260626P00129000
ASTS,82.41000366210938,2026-06-26,PUT,130.0,47.34,46.8,49.15,1.0,69,130.18,True,ASTS260626P00130000
ASTS,82.41000366210938,2026-06-26,PUT,131.0,35.99,47.9,49.85,2.0,8,125.1,True,ASTS260626P00131000
ASTS,82.41000366210938,2026-06-26,PUT,132.0,35.0,48.85,51.1,2.0,8,133.5,True,ASTS260626P00132000
ASTS,82.41000366210938,2026-06-26,PUT,133.0,17.55,49.35,51.75,,2,169.87,True,ASTS260626P00133000
ASTS,82.41000366210938,2026-06-26,PUT,134.0,18.2,50.75,53.05,,2,131.74,True,ASTS260626P00134000
ASTS,82.41000366210938,2026-06-26,PUT,135.0,47.02,51.3,53.8,3.0,2,175.39,True,ASTS260626P00135000
ASTS,82.41000366210938,2026-06-26,PUT,145.0,30.61,61.6,63.65,,1,111.33,True,ASTS260626P00145000
ASTS,82.41000366210938,2026-06-26,PUT,160.0,67.1,76.5,78.9,30.0,30,145.7,True,ASTS260626P00160000
ASTS,82.41000366210938,2026-06-26,PUT,180.0,97.16,96.3,98.7,1.0,3,239.45,True,ASTS260626P00180000
ASTS,82.41000366210938,2026-06-26,PUT,190.0,84.15,105.85,108.5,25.0,25,241.99,True,ASTS260626P00190000
ASTS,82.41000366210938,2026-07-02,CALL,50.0,34.0,32.05,34.1,7.0,4,144.53,True,ASTS260702C00050000
ASTS,82.41000366210938,2026-07-02,CALL,55.0,31.25,27.45,29.45,7.0,50,136.33,True,ASTS260702C00055000
ASTS,82.41000366210938,2026-07-02,CALL,60.0,24.53,23.05,24.4,1.0,103,121.34,True,ASTS260702C00060000
ASTS,82.41000366210938,2026-07-02,CALL,70.0,17.85,15.4,16.65,1.0,21,118.7,True,ASTS260702C00070000
ASTS,82.41000366210938,2026-07-02,CALL,75.0,14.15,12.35,14.0,38.0,8,122.8,True,ASTS260702C00075000
ASTS,82.41000366210938,2026-07-02,CALL,80.0,10.8,10.0,11.4,7.0,81,125.02,True,ASTS260702C00080000
ASTS,82.41000366210938,2026-07-02,CALL,81.0,10.5,9.0,10.3,20.0,98,117.36,True,ASTS260702C00081000
ASTS,82.41000366210938,2026-07-02,CALL,82.0,9.35,8.9,9.85,21.0,7,119.82,True,ASTS260702C00082000
ASTS,82.41000366210938,2026-07-02,CALL,83.0,8.9,8.45,9.4,12.0,27,119.73,False,ASTS260702C00083000
ASTS,82.41000366210938,2026-07-02,CALL,84.0,9.1,8.15,8.75,211.0,28,119.09,False,ASTS260702C00084000
ASTS,82.41000366210938,2026-07-02,CALL,85.0,8.13,7.45,8.45,196.0,10,117.92,False,ASTS260702C00085000
ASTS,82.41000366210938,2026-07-02,CALL,86.0,8.87,7.25,8.55,96.0,11,122.36,False,ASTS260702C00086000
ASTS,82.41000366210938,2026-07-02,CALL,87.0,7.49,7.0,7.9,81.0,5,121.41,False,ASTS260702C00087000
ASTS,82.41000366210938,2026-07-02,CALL,88.0,7.01,6.6,7.75,30.0,22,122.56,False,ASTS260702C00088000
ASTS,82.41000366210938,2026-07-02,CALL,89.0,7.02,6.4,7.1,24.0,16,121.53,False,ASTS260702C00089000
ASTS,82.41000366210938,2026-07-02,CALL,90.0,6.4,6.2,6.6,273.0,236,121.31,False,ASTS260702C00090000
ASTS,82.41000366210938,2026-07-02,CALL,91.0,6.7,5.65,6.65,7.0,23,122.22,False,ASTS260702C00091000
ASTS,82.41000366210938,2026-07-02,CALL,92.0,6.25,5.3,7.1,3.0,37,126.98,False,ASTS260702C00092000
ASTS,82.41000366210938,2026-07-02,CALL,93.0,6.15,5.15,6.85,32.0,114,128.25,False,ASTS260702C00093000
ASTS,82.41000366210938,2026-07-02,CALL,94.0,5.5,4.95,5.8,24.0,78,123.63,False,ASTS260702C00094000
ASTS,82.41000366210938,2026-07-02,CALL,95.0,5.75,5.0,5.3,78.0,96,124.22,False,ASTS260702C00095000
ASTS,82.41000366210938,2026-07-02,CALL,96.0,5.14,4.4,5.8,61.0,20,127.1,False,ASTS260702C00096000
ASTS,82.41000366210938,2026-07-02,CALL,97.0,5.2,4.15,5.3,61.0,87,125.32,False,ASTS260702C00097000
ASTS,82.41000366210938,2026-07-02,CALL,98.0,5.15,3.85,5.3,147.0,102,126.56,False,ASTS260702C00098000
ASTS,82.41000366210938,2026-07-02,CALL,99.0,4.45,3.7,5.15,64.0,42,127.66,False,ASTS260702C00099000
ASTS,82.41000366210938,2026-07-02,CALL,100.0,4.15,4.0,4.25,570.0,474,126.44,False,ASTS260702C00100000
ASTS,82.41000366210938,2026-07-02,CALL,101.0,5.3,3.25,5.05,19.0,98,129.91,False,ASTS260702C00101000
ASTS,82.41000366210938,2026-07-02,CALL,102.0,4.02,3.5,4.4,20.0,51,129.93,False,ASTS260702C00102000
ASTS,82.41000366210938,2026-07-02,CALL,103.0,3.85,3.2,3.95,16.0,20,127.1,False,ASTS260702C00103000
ASTS,82.41000366210938,2026-07-02,CALL,104.0,3.74,2.95,3.6,48.0,22,125.2,False,ASTS260702C00104000
ASTS,82.41000366210938,2026-07-02,CALL,105.0,3.35,2.85,3.85,115.0,140,129.15,False,ASTS260702C00105000
ASTS,82.41000366210938,2026-07-02,CALL,106.0,3.31,2.66,3.85,66.0,150,130.32,False,ASTS260702C00106000
ASTS,82.41000366210938,2026-07-02,CALL,107.0,3.11,2.63,3.7,6.0,58,131.49,False,ASTS260702C00107000
ASTS,82.41000366210938,2026-07-02,CALL,108.0,2.93,2.47,3.2,10.0,118,128.49,False,ASTS260702C00108000
ASTS,82.41000366210938,2026-07-02,CALL,109.0,2.93,2.55,3.15,67.0,126,131.25,False,ASTS260702C00109000
ASTS,82.41000366210938,2026-07-02,CALL,110.0,2.73,2.5,3.15,190.0,880,133.3,False,ASTS260702C00110000
ASTS,82.41000366210938,2026-07-02,CALL,111.0,2.81,1.95,3.5,33.0,82,133.94,False,ASTS260702C00111000
ASTS,82.41000366210938,2026-07-02,CALL,112.0,2.64,2.08,2.9,43.0,84,132.03,False,ASTS260702C00112000
ASTS,82.41000366210938,2026-07-02,CALL,113.0,2.45,1.84,2.47,7.0,76,127.95,False,ASTS260702C00113000
ASTS,82.41000366210938,2026-07-02,CALL,114.0,2.42,1.83,2.7,51.0,43,132.32,False,ASTS260702C00114000
ASTS,82.41000366210938,2026-07-02,CALL,115.0,2.25,2.01,2.5,142.0,435,134.33,False,ASTS260702C00115000
ASTS,82.41000366210938,2026-07-02,CALL,116.0,2.28,1.74,2.29,29.0,449,131.69,False,ASTS260702C00116000
ASTS,82.41000366210938,2026-07-02,CALL,117.0,2.13,1.66,2.82,13.0,20,138.33,False,ASTS260702C00117000
ASTS,82.41000366210938,2026-07-02,CALL,118.0,2.07,1.59,2.36,25.0,12,135.01,False,ASTS260702C00118000
ASTS,82.41000366210938,2026-07-02,CALL,119.0,1.93,1.5,2.32,64.0,37,135.67,False,ASTS260702C00119000
ASTS,82.41000366210938,2026-07-02,CALL,120.0,1.85,1.51,1.92,616.0,1057,133.4,False,ASTS260702C00120000
ASTS,82.41000366210938,2026-07-02,CALL,121.0,2.24,1.3,2.51,59.0,11,139.55,False,ASTS260702C00121000
ASTS,82.41000366210938,2026-07-02,CALL,122.0,2.43,1.16,2.25,27.0,38,137.01,False,ASTS260702C00122000
ASTS,82.41000366210938,2026-07-02,CALL,123.0,2.43,0.78,2.09,28.0,50,132.47,False,ASTS260702C00123000
ASTS,82.41000366210938,2026-07-02,CALL,124.0,2.28,1.41,2.6,48.0,64,147.46,False,ASTS260702C00124000
ASTS,82.41000366210938,2026-07-02,CALL,125.0,1.51,1.18,1.6,99.0,746,134.96,False,ASTS260702C00125000
ASTS,82.41000366210938,2026-07-02,CALL,126.0,1.59,1.02,1.6,18.0,81,134.62,False,ASTS260702C00126000
ASTS,82.41000366210938,2026-07-02,CALL,127.0,1.91,1.05,1.93,3.0,49,141.02,False,ASTS260702C00127000
ASTS,82.41000366210938,2026-07-02,CALL,128.0,1.42,0.87,1.64,26.0,55,136.62,False,ASTS260702C00128000
ASTS,82.41000366210938,2026-07-02,CALL,129.0,1.95,0.97,1.82,15.0,28,142.04,False,ASTS260702C00129000
ASTS,82.41000366210938,2026-07-02,CALL,130.0,1.21,0.91,1.5,75.0,431,138.57,False,ASTS260702C00130000
ASTS,82.41000366210938,2026-07-02,CALL,131.0,1.84,1.09,1.69,1.0,13,145.26,False,ASTS260702C00131000
ASTS,82.41000366210938,2026-07-02,CALL,132.0,2.84,1.02,1.47,11.0,23,142.92,False,ASTS260702C00132000
ASTS,82.41000366210938,2026-07-02,CALL,133.0,1.29,0.72,1.65,3.0,19,142.82,False,ASTS260702C00133000
ASTS,82.41000366210938,2026-07-02,CALL,134.0,2.7,0.0,1.97,4.0,2908,138.33,False,ASTS260702C00134000
ASTS,82.41000366210938,2026-07-02,CALL,135.0,1.54,0.95,1.19,6.0,80,142.53,False,ASTS260702C00135000
ASTS,82.41000366210938,2026-07-02,CALL,136.0,3.08,0.86,2.18,14.0,20,156.79,False,ASTS260702C00136000
ASTS,82.41000366210938,2026-07-02,CALL,137.0,1.85,0.5,1.47,1.0,28,142.87,False,ASTS260702C00137000
ASTS,82.41000366210938,2026-07-02,CALL,138.0,2.29,0.8,1.3,8.0,2917,146.44,False,ASTS260702C00138000
ASTS,82.41000366210938,2026-07-02,CALL,139.0,2.73,0.78,2.99,9.0,12,170.65,False,ASTS260702C00139000
ASTS,82.41000366210938,2026-07-02,CALL,140.0,0.92,0.77,1.0,85.0,323,143.85,False,ASTS260702C00140000
ASTS,82.41000366210938,2026-07-02,CALL,141.0,2.49,0.7,1.55,14.0,69,153.17,False,ASTS260702C00141000
ASTS,82.41000366210938,2026-07-02,CALL,142.0,2.01,0.0,2.9,2.0,23,164.11,False,ASTS260702C00142000
ASTS,82.41000366210938,2026-07-02,CALL,143.0,1.65,0.0,2.65,6.0,23,162.06,False,ASTS260702C00143000
ASTS,82.41000366210938,2026-07-02,CALL,145.0,0.95,0.0,1.56,11.0,62,146.88,False,ASTS260702C00145000
ASTS,82.41000366210938,2026-07-02,CALL,150.0,0.82,0.6,0.98,29.0,451,153.81,False,ASTS260702C00150000
ASTS,82.41000366210938,2026-07-02,CALL,155.0,1.7,0.0,1.26,2.0,59,153.22,False,ASTS260702C00155000
ASTS,82.41000366210938,2026-07-02,CALL,160.0,1.25,0.02,1.26,5.0,137,159.47,False,ASTS260702C00160000
ASTS,82.41000366210938,2026-07-02,CALL,165.0,0.6,0.0,0.5,3.0,151,141.5,False,ASTS260702C00165000
ASTS,82.41000366210938,2026-07-02,CALL,170.0,0.79,0.05,1.47,6.0,35,175.93,False,ASTS260702C00170000
ASTS,82.41000366210938,2026-07-02,CALL,175.0,0.55,0.0,1.42,5.0,385,178.91,False,ASTS260702C00175000
ASTS,82.41000366210938,2026-07-02,CALL,180.0,0.6,0.1,0.74,1.0,200,168.36,False,ASTS260702C00180000
ASTS,82.41000366210938,2026-07-02,CALL,185.0,0.79,0.0,0.84,3.0,81,172.85,False,ASTS260702C00185000
ASTS,82.41000366210938,2026-07-02,CALL,190.0,0.25,0.19,0.4,236.0,553,168.16,False,ASTS260702C00190000
ASTS,82.41000366210938,2026-07-02,PUT,45.0,0.24,0.15,0.3,6.0,35,137.31,False,ASTS260702P00045000
ASTS,82.41000366210938,2026-07-02,PUT,50.0,0.38,0.34,0.55,56.0,91,132.42,False,ASTS260702P00050000
ASTS,82.41000366210938,2026-07-02,PUT,55.0,0.59,0.57,0.75,90.0,321,121.29,False,ASTS260702P00055000
ASTS,82.41000366210938,2026-07-02,PUT,60.0,1.21,1.0,1.35,98.0,91,117.24,False,ASTS260702P00060000
ASTS,82.41000366210938,2026-07-02,PUT,65.0,2.11,1.87,2.15,131.0,347,114.45,False,ASTS260702P00065000
ASTS,82.41000366210938,2026-07-02,PUT,70.0,3.45,3.2,3.5,217.0,348,114.21,False,ASTS260702P00070000
ASTS,82.41000366210938,2026-07-02,PUT,75.0,5.35,4.8,5.55,154.0,559,114.21,False,ASTS260702P00075000
ASTS,82.41000366210938,2026-07-02,PUT,80.0,7.6,7.35,7.9,750.0,805,116.11,False,ASTS260702P00080000
ASTS,82.41000366210938,2026-07-02,PUT,81.0,7.79,7.6,8.65,102.0,65,115.85,False,ASTS260702P00081000
ASTS,82.41000366210938,2026-07-02,PUT,82.0,8.25,8.45,9.3,44.0,80,118.65,False,ASTS260702P00082000
ASTS,82.41000366210938,2026-07-02,PUT,83.0,8.85,8.85,9.6,51.0,50,115.94,True,ASTS260702P00083000
ASTS,82.41000366210938,2026-07-02,PUT,84.0,9.47,9.45,10.3,90.0,38,116.94,True,ASTS260702P00084000
ASTS,82.41000366210938,2026-07-02,PUT,85.0,9.95,10.1,10.85,189.0,493,117.07,True,ASTS260702P00085000
ASTS,82.41000366210938,2026-07-02,PUT,86.0,10.85,10.75,11.5,267.0,31,117.63,True,ASTS260702P00086000
ASTS,82.41000366210938,2026-07-02,PUT,87.0,11.66,10.6,12.4,95.0,113,114.4,True,ASTS260702P00087000
ASTS,82.41000366210938,2026-07-02,PUT,88.0,12.15,12.05,12.8,103.0,143,118.12,True,ASTS260702P00088000
ASTS,82.41000366210938,2026-07-02,PUT,89.0,12.63,11.85,13.45,91.0,46,112.5,True,ASTS260702P00089000
ASTS,82.41000366210938,2026-07-02,PUT,90.0,13.8,13.45,14.25,75.0,397,119.48,True,ASTS260702P00090000
ASTS,82.41000366210938,2026-07-02,PUT,91.0,14.19,13.25,15.05,2.0,52,114.38,True,ASTS260702P00091000
ASTS,82.41000366210938,2026-07-02,PUT,92.0,15.27,14.9,15.9,19.0,49,121.78,True,ASTS260702P00092000
ASTS,82.41000366210938,2026-07-02,PUT,93.0,15.17,14.9,16.65,27.0,73,117.26,True,ASTS260702P00093000
ASTS,82.41000366210938,2026-07-02,PUT,94.0,16.23,15.5,17.15,98.0,65,114.84,True,ASTS260702P00094000
ASTS,82.41000366210938,2026-07-02,PUT,95.0,16.52,16.4,18.15,40.0,194,117.77,True,ASTS260702P00095000
ASTS,82.41000366210938,2026-07-02,PUT,96.0,16.25,17.15,19.05,2.0,34,118.85,True,ASTS260702P00096000
ASTS,82.41000366210938,2026-07-02,PUT,97.0,18.48,18.8,19.55,26.0,61,123.34,True,ASTS260702P00097000
ASTS,82.41000366210938,2026-07-02,PUT,98.0,20.11,19.6,20.35,19.0,49,123.83,True,ASTS260702P00098000
ASTS,82.41000366210938,2026-07-02,PUT,99.0,19.32,19.1,21.15,1.0,103,114.53,True,ASTS260702P00099000
ASTS,82.41000366210938,2026-07-02,PUT,100.0,20.79,20.2,21.9,42.0,549,116.46,True,ASTS260702P00100000
ASTS,82.41000366210938,2026-07-02,PUT,101.0,18.2,20.55,22.8,30.0,36,113.62,True,ASTS260702P00101000
ASTS,82.41000366210938,2026-07-02,PUT,102.0,14.75,21.4,23.65,3.0,45,114.09,True,ASTS260702P00102000
ASTS,82.41000366210938,2026-07-02,PUT,103.0,23.0,23.25,24.55,2.0,56,122.95,True,ASTS260702P00103000
ASTS,82.41000366210938,2026-07-02,PUT,104.0,20.05,23.55,25.35,6.0,42,118.43,True,ASTS260702P00104000
ASTS,82.41000366210938,2026-07-02,PUT,105.0,24.6,24.5,26.2,45.0,128,119.43,True,ASTS260702P00105000
ASTS,82.41000366210938,2026-07-02,PUT,106.0,24.85,25.15,27.35,12.0,47,120.36,True,ASTS260702P00106000
ASTS,82.41000366210938,2026-07-02,PUT,107.0,20.81,26.2,27.95,3.0,62,119.87,True,ASTS260702P00107000
ASTS,82.41000366210938,2026-07-02,PUT,108.0,23.71,27.25,28.85,4.0,45,121.92,True,ASTS260702P00108000
ASTS,82.41000366210938,2026-07-02,PUT,109.0,21.42,27.6,29.75,2.0,25,117.38,True,ASTS260702P00109000
ASTS,82.41000366210938,2026-07-02,PUT,110.0,29.2,28.3,30.85,31.0,193,117.8,True,ASTS260702P00110000
ASTS,82.41000366210938,2026-07-02,PUT,111.0,30.09,29.6,31.45,3.0,43,119.09,True,ASTS260702P00111000
ASTS,82.41000366210938,2026-07-02,PUT,112.0,26.45,30.0,32.6,2.0,30,116.7,True,ASTS260702P00112000
ASTS,82.41000366210938,2026-07-02,PUT,113.0,25.82,32.0,33.45,22.0,18,127.59,True,ASTS260702P00113000
ASTS,82.41000366210938,2026-07-02,PUT,114.0,32.36,32.6,34.35,1.0,10,124.73,True,ASTS260702P00114000
ASTS,82.41000366210938,2026-07-02,PUT,115.0,25.01,32.8,35.05,1.0,37,114.6,True,ASTS260702P00115000
ASTS,82.41000366210938,2026-07-02,PUT,116.0,28.27,34.45,36.05,3.0,23,124.12,True,ASTS260702P00116000
ASTS,82.41000366210938,2026-07-02,PUT,117.0,25.15,35.0,37.0,1.0,5,120.41,True,ASTS260702P00117000
ASTS,82.41000366210938,2026-07-02,PUT,118.0,30.25,35.5,37.9,11.0,10,114.8,True,ASTS260702P00118000
ASTS,82.41000366210938,2026-07-02,PUT,119.0,32.41,37.1,38.8,2.0,38,123.1,True,ASTS260702P00119000
ASTS,82.41000366210938,2026-07-02,PUT,120.0,37.05,37.35,39.8,6.0,169,115.04,True,ASTS260702P00120000
ASTS,82.41000366210938,2026-07-02,PUT,121.0,34.02,39.0,40.85,5.0,53,126.27,True,ASTS260702P00121000
ASTS,82.41000366210938,2026-07-02,PUT,122.0,34.92,39.5,41.65,4.0,4,118.6,True,ASTS260702P00122000
ASTS,82.41000366210938,2026-07-02,PUT,123.0,41.87,41.6,42.6,1.0,16,134.33,True,ASTS260702P00123000
ASTS,82.41000366210938,2026-07-02,PUT,124.0,37.3,41.65,43.8,21.0,62,126.42,True,ASTS260702P00124000
ASTS,82.41000366210938,2026-07-02,PUT,125.0,25.65,43.35,44.6,2.0,95,134.81,True,ASTS260702P00125000
ASTS,82.41000366210938,2026-07-02,PUT,126.0,17.23,43.65,45.5,,3,125.49,True,ASTS260702P00126000
ASTS,82.41000366210938,2026-07-02,PUT,127.0,17.57,43.95,46.45,,2,114.4,True,ASTS260702P00127000
ASTS,82.41000366210938,2026-07-02,PUT,128.0,24.33,45.2,47.45,10.0,10,120.61,True,ASTS260702P00128000
ASTS,82.41000366210938,2026-07-02,PUT,129.0,43.98,46.15,48.3,10.0,32,118.46,True,ASTS260702P00129000
ASTS,82.41000366210938,2026-07-02,PUT,130.0,25.5,48.2,49.4,11.0,14,138.72,True,ASTS260702P00130000
ASTS,82.41000366210938,2026-07-02,PUT,132.0,25.17,49.05,51.7,,1,128.61,True,ASTS260702P00132000
ASTS,82.41000366210938,2026-07-02,PUT,133.0,24.35,49.7,52.2,,1,111.82,True,ASTS260702P00133000
ASTS,82.41000366210938,2026-07-02,PUT,139.0,34.52,55.95,58.5,4.0,2,133.01,True,ASTS260702P00139000
ASTS,82.41000366210938,2026-07-02,PUT,142.0,50.92,58.15,62.35,1.0,1,138.18,True,ASTS260702P00142000
ASTS,82.41000366210938,2026-07-02,PUT,150.0,50.73,66.65,68.85,,60,117.77,True,ASTS260702P00150000
ASTS,82.41000366210938,2026-07-02,PUT,155.0,64.55,71.6,73.65,30.0,30,102.34,True,ASTS260702P00155000
ASTS,82.41000366210938,2026-07-02,PUT,160.0,59.78,75.9,80.0,,24,144.53,True,ASTS260702P00160000
ASTS,82.41000366210938,2026-07-02,PUT,165.0,68.35,80.8,85.0,30.0,30,146.29,True,ASTS260702P00165000
ASTS,82.41000366210938,2026-07-02,PUT,170.0,68.0,85.95,88.5,1.0,3,182.13,True,ASTS260702P00170000
ASTS,82.41000366210938,2026-07-02,PUT,190.0,84.16,105.6,109.9,,31,154.69,True,ASTS260702P00190000
ASTS,82.41000366210938,2026-07-10,CALL,55.0,30.11,27.75,29.8,1.0,50,124.51,True,ASTS260710C00055000
ASTS,82.41000366210938,2026-07-10,CALL,65.0,23.0,19.9,21.45,1.0,2,118.34,True,ASTS260710C00065000
ASTS,82.41000366210938,2026-07-10,CALL,75.0,15.0,13.8,14.6,2.0,12,116.31,True,ASTS260710C00075000
ASTS,82.41000366210938,2026-07-10,CALL,80.0,12.8,11.1,11.95,12.0,37,115.0,True,ASTS260710C00080000
ASTS,82.41000366210938,2026-07-10,CALL,85.0,9.35,9.15,9.7,73.0,8,115.87,False,ASTS260710C00085000
ASTS,82.41000366210938,2026-07-10,CALL,90.0,7.71,7.5,8.25,275.0,102,118.87,False,ASTS260710C00090000
ASTS,82.41000366210938,2026-07-10,CALL,94.0,7.05,6.15,7.05,44.0,107,118.43,False,ASTS260710C00094000
ASTS,82.41000366210938,2026-07-10,CALL,95.0,6.8,5.9,6.9,129.0,63,119.36,False,ASTS260710C00095000
ASTS,82.41000366210938,2026-07-10,CALL,96.0,6.4,5.75,6.7,112.0,42,120.46,False,ASTS260710C00096000
ASTS,82.41000366210938,2026-07-10,CALL,97.0,8.2,5.45,6.1,3.0,15,118.26,False,ASTS260710C00097000
ASTS,82.41000366210938,2026-07-10,CALL,98.0,6.04,5.35,5.9,23.0,27,119.43,False,ASTS260710C00098000
ASTS,82.41000366210938,2026-07-10,CALL,99.0,8.1,5.2,5.95,12.0,21,121.68,False,ASTS260710C00099000
ASTS,82.41000366210938,2026-07-10,CALL,100.0,5.37,5.0,5.45,172.0,272,120.29,False,ASTS260710C00100000
ASTS,82.41000366210938,2026-07-10,CALL,101.0,5.8,4.65,5.6,58.0,11,121.78,False,ASTS260710C00101000
ASTS,82.41000366210938,2026-07-10,CALL,102.0,5.3,4.5,5.4,2.0,8,122.27,False,ASTS260710C00102000
ASTS,82.41000366210938,2026-07-10,CALL,103.0,5.4,4.4,5.15,6.0,21,122.68,False,ASTS260710C00103000
ASTS,82.41000366210938,2026-07-10,CALL,104.0,5.05,4.15,5.05,3.0,150,123.0,False,ASTS260710C00104000
ASTS,82.41000366210938,2026-07-10,CALL,105.0,5.2,4.05,4.8,39.0,108,123.22,False,ASTS260710C00105000
ASTS,82.41000366210938,2026-07-10,CALL,106.0,6.21,4.0,4.7,6.0,39,124.66,False,ASTS260710C00106000
ASTS,82.41000366210938,2026-07-10,CALL,107.0,5.41,3.65,4.55,3.0,62,123.73,False,ASTS260710C00107000
ASTS,82.41000366210938,2026-07-10,CALL,108.0,5.28,3.5,4.1,112.0,37,122.02,False,ASTS260710C00108000
ASTS,82.41000366210938,2026-07-10,CALL,109.0,4.17,3.45,4.25,2.0,47,124.9,False,ASTS260710C00109000
ASTS,82.41000366210938,2026-07-10,CALL,110.0,3.74,3.25,3.85,97.0,301,123.0,False,ASTS260710C00110000
ASTS,82.41000366210938,2026-07-10,CALL,111.0,4.25,3.05,4.0,3.0,21,124.76,False,ASTS260710C00111000
ASTS,82.41000366210938,2026-07-10,CALL,112.0,4.35,3.05,3.85,5.0,12,125.78,False,ASTS260710C00112000
ASTS,82.41000366210938,2026-07-10,CALL,113.0,3.54,3.1,3.75,36.0,15,127.47,False,ASTS260710C00113000
ASTS,82.41000366210938,2026-07-10,CALL,114.0,3.34,2.95,3.35,32.0,28,125.49,False,ASTS260710C00114000
ASTS,82.41000366210938,2026-07-10,CALL,115.0,3.05,2.83,3.25,27.0,110,125.81,False,ASTS260710C00115000
ASTS,82.41000366210938,2026-07-10,CALL,116.0,3.1,2.73,3.15,8.0,17,126.2,False,ASTS260710C00116000
ASTS,82.41000366210938,2026-07-10,CALL,117.0,3.1,2.6,3.3,9.0,14,128.22,False,ASTS260710C00117000
ASTS,82.41000366210938,2026-07-10,CALL,118.0,3.7,2.44,3.2,5.0,12,128.08,False,ASTS260710C00118000
ASTS,82.41000366210938,2026-07-10,CALL,119.0,3.02,2.39,3.1,15.0,16,128.71,False,ASTS260710C00119000
ASTS,82.41000366210938,2026-07-10,CALL,120.0,2.67,2.46,2.8,450.0,381,128.64,False,ASTS260710C00120000
ASTS,82.41000366210938,2026-07-10,CALL,121.0,2.76,2.23,2.84,46.0,20,128.83,False,ASTS260710C00121000
ASTS,82.41000366210938,2026-07-10,CALL,122.0,2.65,2.17,2.72,37.0,68,129.05,False,ASTS260710C00122000
ASTS,82.41000366210938,2026-07-10,CALL,123.0,2.66,2.22,2.64,4.0,49,130.47,False,ASTS260710C00123000
ASTS,82.41000366210938,2026-07-10,CALL,124.0,2.56,2.0,2.54,34.0,12,129.37,False,ASTS260710C00124000
ASTS,82.41000366210938,2026-07-10,CALL,125.0,2.42,2.0,2.5,41.0,61,130.64,False,ASTS260710C00125000
ASTS,82.41000366210938,2026-07-10,CALL,126.0,2.33,1.83,2.29,27.0,28,128.81,False,ASTS260710C00126000
ASTS,82.41000366210938,2026-07-10,CALL,127.0,2.4,1.76,2.37,24.0,42,130.47,False,ASTS260710C00127000
ASTS,82.41000366210938,2026-07-10,CALL,128.0,2.01,1.73,2.16,5.0,28,129.76,False,ASTS260710C00128000
ASTS,82.41000366210938,2026-07-10,CALL,129.0,2.11,1.65,2.24,7.0,41,131.27,False,ASTS260710C00129000
ASTS,82.41000366210938,2026-07-10,CALL,130.0,1.65,1.89,2.02,50.0,138,132.96,False,ASTS260710C00130000
ASTS,82.41000366210938,2026-07-10,CALL,131.0,2.64,1.71,2.08,18.0,5,133.25,False,ASTS260710C00131000
ASTS,82.41000366210938,2026-07-10,CALL,132.0,2.5,1.52,2.06,18.0,11,132.62,False,ASTS260710C00132000
ASTS,82.41000366210938,2026-07-10,CALL,133.0,1.75,1.6,2.0,11.0,10,134.28,False,ASTS260710C00133000
ASTS,82.41000366210938,2026-07-10,CALL,134.0,3.82,1.51,1.97,45.0,16,134.45,False,ASTS260710C00134000
ASTS,82.41000366210938,2026-07-10,CALL,135.0,1.64,1.37,1.9,12.0,52,133.64,False,ASTS260710C00135000
ASTS,82.41000366210938,2026-07-10,CALL,136.0,2.31,0.43,1.86,4.0,6,123.68,False,ASTS260710C00136000
ASTS,82.41000366210938,2026-07-10,CALL,137.0,2.23,0.64,2.78,4.0,8,137.94,False,ASTS260710C00137000
ASTS,82.41000366210938,2026-07-10,CALL,138.0,3.63,1.28,2.33,40.0,57,141.26,False,ASTS260710C00138000
ASTS,82.41000366210938,2026-07-10,CALL,139.0,3.45,1.26,1.6,38.0,20,134.42,False,ASTS260710C00139000
ASTS,82.41000366210938,2026-07-10,CALL,140.0,1.95,1.17,1.67,14.0,99,135.45,False,ASTS260710C00140000
ASTS,82.41000366210938,2026-07-10,CALL,141.0,3.45,0.18,2.58,35.0,3,135.79,False,ASTS260710C00141000
ASTS,82.41000366210938,2026-07-10,CALL,142.0,3.08,0.16,2.77,13.0,6,139.01,False,ASTS260710C00142000
ASTS,82.41000366210938,2026-07-10,CALL,143.0,2.53,0.12,3.45,4.0,14,147.36,False,ASTS260710C00143000
ASTS,82.41000366210938,2026-07-10,CALL,145.0,1.8,0.95,1.48,9.0,101,136.62,False,ASTS260710C00145000
ASTS,82.41000366210938,2026-07-10,CALL,150.0,1.15,1.0,1.77,174.0,1130,146.73,False,ASTS260710C00150000
ASTS,82.41000366210938,2026-07-10,CALL,155.0,1.67,0.0,2.37,5.0,11,147.17,False,ASTS260710C00155000
ASTS,82.41000366210938,2026-07-10,CALL,160.0,0.9,0.55,0.99,8.0,68,139.6,False,ASTS260710C00160000
ASTS,82.41000366210938,2026-07-10,CALL,165.0,1.07,0.0,2.89,1.0,14,164.45,False,ASTS260710C00165000
ASTS,82.41000366210938,2026-07-10,CALL,170.0,0.7,0.29,1.16,15.0,281,147.36,False,ASTS260710C00170000
ASTS,82.41000366210938,2026-07-10,CALL,175.0,0.95,0.0,2.7,2.0,14,171.68,False,ASTS260710C00175000
ASTS,82.41000366210938,2026-07-10,CALL,180.0,0.95,0.0,1.84,56.0,48,163.18,False,ASTS260710C00180000
ASTS,82.41000366210938,2026-07-10,CALL,185.0,0.98,0.0,1.84,128.0,26,167.38,False,ASTS260710C00185000
ASTS,82.41000366210938,2026-07-10,CALL,190.0,0.5,0.01,0.89,155.0,302,151.56,False,ASTS260710C00190000
ASTS,82.41000366210938,2026-07-10,PUT,55.0,0.96,0.92,1.19,71.0,87,115.72,False,ASTS260710P00055000
ASTS,82.41000366210938,2026-07-10,PUT,60.0,1.79,1.55,1.79,279.0,131,110.79,False,ASTS260710P00060000
ASTS,82.41000366210938,2026-07-10,PUT,65.0,2.85,2.67,3.05,209.0,226,111.65,False,ASTS260710P00065000
ASTS,82.41000366210938,2026-07-10,PUT,70.0,4.4,4.05,4.5,700.0,396,109.64,False,ASTS260710P00070000
ASTS,82.41000366210938,2026-07-10,PUT,75.0,6.5,6.25,6.6,117.0,329,111.87,False,ASTS260710P00075000
ASTS,82.41000366210938,2026-07-10,PUT,80.0,9.0,8.45,9.2,121.0,477,111.72,False,ASTS260710P00080000
ASTS,82.41000366210938,2026-07-10,PUT,85.0,11.6,11.3,12.3,73.0,337,113.5,True,ASTS260710P00085000
ASTS,82.41000366210938,2026-07-10,PUT,90.0,14.45,14.55,15.65,8.0,399,114.84,True,ASTS260710P00090000
ASTS,82.41000366210938,2026-07-10,PUT,94.0,17.25,17.4,18.35,1.0,80,114.89,True,ASTS260710P00094000
ASTS,82.41000366210938,2026-07-10,PUT,95.0,17.7,18.2,19.25,17.0,145,116.36,True,ASTS260710P00095000
ASTS,82.41000366210938,2026-07-10,PUT,96.0,19.42,18.95,19.9,12.0,15,115.99,True,ASTS260710P00096000
ASTS,82.41000366210938,2026-07-10,PUT,97.0,19.75,19.65,20.65,2.0,57,115.77,True,ASTS260710P00097000
ASTS,82.41000366210938,2026-07-10,PUT,98.0,20.2,20.45,21.55,11.0,35,116.92,True,ASTS260710P00098000
ASTS,82.41000366210938,2026-07-10,PUT,99.0,15.87,21.25,22.25,3.0,69,116.77,True,ASTS260710P00099000
ASTS,82.41000366210938,2026-07-10,PUT,100.0,22.0,22.0,23.15,34.0,196,117.41,True,ASTS260710P00100000
ASTS,82.41000366210938,2026-07-10,PUT,101.0,22.8,22.8,24.0,1.0,25,117.97,True,ASTS260710P00101000
ASTS,82.41000366210938,2026-07-10,PUT,102.0,17.57,23.7,24.6,2.0,15,117.48,True,ASTS260710P00102000
ASTS,82.41000366210938,2026-07-10,PUT,103.0,24.7,24.75,25.55,3.0,19,120.02,True,ASTS260710P00103000
ASTS,82.41000366210938,2026-07-10,PUT,104.0,25.15,24.7,26.4,1.0,15,114.87,True,ASTS260710P00104000
ASTS,82.41000366210938,2026-07-10,PUT,105.0,25.79,25.45,27.1,3.0,38,113.65,True,ASTS260710P00105000
ASTS,82.41000366210938,2026-07-10,PUT,106.0,20.57,26.25,28.2,1.0,12,115.31,True,ASTS260710P00106000
ASTS,82.41000366210938,2026-07-10,PUT,107.0,20.2,27.45,28.85,2.0,12,116.58,True,ASTS260710P00107000
ASTS,82.41000366210938,2026-07-10,PUT,108.0,26.0,27.55,29.75,1.0,11,111.84,True,ASTS260710P00108000
ASTS,82.41000366210938,2026-07-10,PUT,109.0,24.35,28.85,30.6,1.0,41,115.04,True,ASTS260710P00109000
ASTS,82.41000366210938,2026-07-10,PUT,110.0,30.04,29.25,31.6,27.0,44,112.79,True,ASTS260710P00110000
ASTS,82.41000366210938,2026-07-10,PUT,111.0,16.37,30.6,32.75,,4,118.51,True,ASTS260710P00111000
ASTS,82.41000366210938,2026-07-10,PUT,112.0,29.74,31.15,33.3,10.0,9,113.84,True,ASTS260710P00112000
ASTS,82.41000366210938,2026-07-10,PUT,113.0,30.29,31.85,34.25,1.0,24,113.09,True,ASTS260710P00113000
ASTS,82.41000366210938,2026-07-10,PUT,115.0,33.3,34.1,36.1,11.0,25,117.68,True,ASTS260710P00115000
ASTS,82.41000366210938,2026-07-10,PUT,116.0,32.42,35.0,36.95,1.0,123,117.51,True,ASTS260710P00116000
ASTS,82.41000366210938,2026-07-10,PUT,117.0,28.6,35.8,37.75,30.0,36,116.02,True,ASTS260710P00117000
ASTS,82.41000366210938,2026-07-10,PUT,118.0,34.12,36.85,38.7,1.0,4,117.77,True,ASTS260710P00118000
ASTS,82.41000366210938,2026-07-10,PUT,119.0,30.85,37.8,39.75,1.0,1,119.53,True,ASTS260710P00119000
ASTS,82.41000366210938,2026-07-10,PUT,120.0,38.05,38.5,40.5,1.0,12,116.36,True,ASTS260710P00120000
ASTS,82.41000366210938,2026-07-10,PUT,121.0,32.82,39.1,41.5,1.0,16,114.31,True,ASTS260710P00121000
ASTS,82.41000366210938,2026-07-10,PUT,122.0,40.91,40.4,42.45,2.0,56,118.29,True,ASTS260710P00122000
ASTS,82.41000366210938,2026-07-10,PUT,125.0,30.66,42.7,45.15,2.0,10,112.89,True,ASTS260710P00125000
ASTS,82.41000366210938,2026-07-10,PUT,128.0,30.15,45.95,48.0,1.0,1,118.41,True,ASTS260710P00128000
ASTS,82.41000366210938,2026-07-10,PUT,129.0,20.75,46.4,49.0,,1,113.43,True,ASTS260710P00129000
ASTS,82.41000366210938,2026-07-10,PUT,130.0,38.38,47.75,49.8,2.0,3,116.65,True,ASTS260710P00130000
ASTS,82.41000366210938,2026-07-10,PUT,131.0,41.47,48.35,50.85,2.0,2,113.62,True,ASTS260710P00131000
ASTS,82.41000366210938,2026-07-10,PUT,132.0,49.9,49.75,52.65,1.0,2,128.96,True,ASTS260710P00132000
ASTS,82.41000366210938,2026-07-10,PUT,133.0,30.0,50.65,53.65,1.0,1,129.3,True,ASTS260710P00133000
ASTS,82.41000366210938,2026-07-10,PUT,140.0,38.5,57.2,59.45,2.0,1,116.99,True,ASTS260710P00140000
ASTS,82.41000366210938,2026-07-10,PUT,150.0,54.59,66.9,69.2,1.0,2,117.48,True,ASTS260710P00150000
ASTS,82.41000366210938,2026-07-10,PUT,175.0,81.85,91.6,93.75,40.0,43,111.13,True,ASTS260710P00175000
ASTS,82.41000366210938,2026-07-17,CALL,35.0,50.15,46.8,48.95,1.0,102,161.43,True,ASTS260717C00035000
ASTS,82.41000366210938,2026-07-17,CALL,40.0,43.32,40.75,44.8,6.0,58,132.52,True,ASTS260717C00040000
ASTS,82.41000366210938,2026-07-17,CALL,45.0,73.3,37.35,38.65,1.0,23,125.0,True,ASTS260717C00045000
ASTS,82.41000366210938,2026-07-17,CALL,50.0,35.0,32.8,34.7,15.0,254,130.76,True,ASTS260717C00050000
ASTS,82.41000366210938,2026-07-17,CALL,55.0,40.55,28.5,30.3,2.0,132,125.44,True,ASTS260717C00055000
ASTS,82.41000366210938,2026-07-17,CALL,60.0,25.06,24.45,25.9,18.0,372,118.99,True,ASTS260717C00060000
ASTS,82.41000366210938,2026-07-17,CALL,65.0,22.25,20.9,23.25,21.0,285,125.46,True,ASTS260717C00065000
ASTS,82.41000366210938,2026-07-17,CALL,70.0,18.6,17.65,19.05,298.0,560,118.34,True,ASTS260717C00070000
ASTS,82.41000366210938,2026-07-17,CALL,75.0,15.15,14.85,15.7,106.0,3952,115.7,True,ASTS260717C00075000
ASTS,82.41000366210938,2026-07-17,CALL,80.0,12.7,12.65,13.15,450.0,1961,116.82,True,ASTS260717C00080000
ASTS,82.41000366210938,2026-07-17,CALL,85.0,10.75,10.4,12.1,838.0,1410,121.63,False,ASTS260717C00085000
ASTS,82.41000366210938,2026-07-17,CALL,90.0,9.0,8.85,9.05,1558.0,4173,116.92,False,ASTS260717C00090000
ASTS,82.41000366210938,2026-07-17,CALL,95.0,7.6,7.5,7.8,537.0,3066,119.37,False,ASTS260717C00095000
ASTS,82.41000366210938,2026-07-17,CALL,100.0,6.5,6.3,6.7,9664.0,12155,121.0,False,ASTS260717C00100000
ASTS,82.41000366210938,2026-07-17,CALL,105.0,5.3,5.4,5.95,563.0,2729,124.05,False,ASTS260717C00105000
ASTS,82.41000366210938,2026-07-17,CALL,110.0,4.6,4.6,4.75,2259.0,6884,123.39,False,ASTS260717C00110000
ASTS,82.41000366210938,2026-07-17,CALL,115.0,4.0,3.7,4.45,499.0,3671,125.71,False,ASTS260717C00115000
ASTS,82.41000366210938,2026-07-17,CALL,120.0,3.39,3.35,3.5,4930.0,15673,126.0,False,ASTS260717C00120000
ASTS,82.41000366210938,2026-07-17,CALL,125.0,2.97,2.89,3.0,3617.0,10268,127.22,False,ASTS260717C00125000
ASTS,82.41000366210938,2026-07-17,CALL,130.0,2.65,2.55,2.74,1771.0,6875,129.98,False,ASTS260717C00130000
ASTS,82.41000366210938,2026-07-17,CALL,135.0,2.29,2.2,2.37,196.0,1678,130.96,False,ASTS260717C00135000
ASTS,82.41000366210938,2026-07-17,CALL,140.0,2.02,1.89,2.14,352.0,2625,132.52,False,ASTS260717C00140000
ASTS,82.41000366210938,2026-07-17,CALL,145.0,1.89,1.58,1.92,141.0,473,133.4,False,ASTS260717C00145000
ASTS,82.41000366210938,2026-07-17,CALL,150.0,1.55,1.5,1.8,2270.0,7868,136.82,False,ASTS260717C00150000
ASTS,82.41000366210938,2026-07-17,CALL,155.0,1.36,1.2,1.53,45.0,703,135.84,False,ASTS260717C00155000
ASTS,82.41000366210938,2026-07-17,CALL,160.0,1.3,1.04,1.55,59.0,979,139.01,False,ASTS260717C00160000
ASTS,82.41000366210938,2026-07-17,CALL,165.0,1.09,0.9,1.42,41.0,742,140.23,False,ASTS260717C00165000
ASTS,82.41000366210938,2026-07-17,CALL,170.0,0.94,0.92,1.0,310.0,3607,139.11,False,ASTS260717C00170000
ASTS,82.41000366210938,2026-07-17,CALL,175.0,0.83,0.47,1.06,115.0,2102,137.11,False,ASTS260717C00175000
ASTS,82.41000366210938,2026-07-17,CALL,180.0,0.8,0.66,0.8,426.0,6493,139.75,False,ASTS260717C00180000
ASTS,82.41000366210938,2026-07-17,CALL,185.0,0.7,0.38,1.02,4.0,88,142.38,False,ASTS260717C00185000
ASTS,82.41000366210938,2026-07-17,CALL,190.0,0.65,0.42,0.75,228.0,1927,141.5,False,ASTS260717C00190000
ASTS,82.41000366210938,2026-07-17,PUT,35.0,0.19,0.09,0.3,18.0,1075,138.67,False,ASTS260717P00035000
ASTS,82.41000366210938,2026-07-17,PUT,40.0,0.41,0.11,0.4,50.0,1241,124.22,False,ASTS260717P00040000
ASTS,82.41000366210938,2026-07-17,PUT,45.0,0.47,0.11,0.55,93.0,1238,111.23,False,ASTS260717P00045000
ASTS,82.41000366210938,2026-07-17,PUT,50.0,0.82,0.77,0.92,179.0,1890,115.72,False,ASTS260717P00050000
ASTS,82.41000366210938,2026-07-17,PUT,55.0,1.44,1.35,1.48,196.0,1013,112.6,False,ASTS260717P00055000
ASTS,82.41000366210938,2026-07-17,PUT,60.0,2.4,2.32,2.5,354.0,1349,112.89,False,ASTS260717P00060000
ASTS,82.41000366210938,2026-07-17,PUT,65.0,3.7,3.5,3.75,1051.0,2202,111.04,False,ASTS260717P00065000
ASTS,82.41000366210938,2026-07-17,PUT,70.0,5.4,5.3,5.5,833.0,9783,111.84,False,ASTS260717P00070000
ASTS,82.41000366210938,2026-07-17,PUT,75.0,7.54,7.35,7.7,610.0,4004,112.01,False,ASTS260717P00075000
ASTS,82.41000366210938,2026-07-17,PUT,80.0,10.1,9.85,10.25,11488.0,7803,112.35,False,ASTS260717P00080000
ASTS,82.41000366210938,2026-07-17,PUT,85.0,13.0,12.7,13.2,612.0,7890,112.84,True,ASTS260717P00085000
ASTS,82.41000366210938,2026-07-17,PUT,90.0,16.21,15.95,16.55,192.0,3493,114.08,True,ASTS260717P00090000
ASTS,82.41000366210938,2026-07-17,PUT,95.0,19.74,19.5,20.15,12121.0,14309,115.21,True,ASTS260717P00095000
ASTS,82.41000366210938,2026-07-17,PUT,100.0,22.9,23.45,24.0,65.0,1179,117.21,True,ASTS260717P00100000
ASTS,82.41000366210938,2026-07-17,PUT,105.0,26.58,27.5,28.25,29.0,887,119.82,True,ASTS260717P00105000
ASTS,82.41000366210938,2026-07-17,PUT,110.0,31.5,30.6,32.85,45.0,453,117.09,True,ASTS260717P00110000
ASTS,82.41000366210938,2026-07-17,PUT,115.0,35.65,36.0,37.15,51.0,531,124.61,True,ASTS260717P00115000
ASTS,82.41000366210938,2026-07-17,PUT,120.0,40.8,38.55,42.0,164.0,5829,115.87,True,ASTS260717P00120000
ASTS,82.41000366210938,2026-07-17,PUT,125.0,45.3,43.15,46.6,71.0,696,117.43,True,ASTS260717P00125000
ASTS,82.41000366210938,2026-07-17,PUT,130.0,38.43,49.0,51.15,1.0,198,127.56,True,ASTS260717P00130000
ASTS,82.41000366210938,2026-07-17,PUT,135.0,53.3,53.6,55.15,1.0,110,122.34,True,ASTS260717P00135000
ASTS,82.41000366210938,2026-07-17,PUT,140.0,49.05,58.2,59.8,2.0,54,121.0,True,ASTS260717P00140000
ASTS,82.41000366210938,2026-07-17,PUT,145.0,48.96,62.9,64.5,1.0,63,119.78,True,ASTS260717P00145000
ASTS,82.41000366210938,2026-07-17,PUT,150.0,65.6,67.7,69.45,40.0,71,121.73,True,ASTS260717P00150000
ASTS,82.41000366210938,2026-07-17,PUT,155.0,62.85,71.95,74.1,3.0,44,108.5,True,ASTS260717P00155000
ASTS,82.41000366210938,2026-07-17,PUT,160.0,67.55,77.2,79.05,3.0,3,116.8,True,ASTS260717P00160000
ASTS,82.41000366210938,2026-07-17,PUT,165.0,73.3,82.1,84.0,1.0,22,117.87,True,ASTS260717P00165000
ASTS,82.41000366210938,2026-07-17,PUT,170.0,69.5,86.4,88.85,1.0,10,87.5,True,ASTS260717P00170000
ASTS,82.41000366210938,2026-07-17,PUT,175.0,83.3,91.9,93.85,45.0,66,116.5,True,ASTS260717P00175000
ASTS,82.41000366210938,2026-07-17,PUT,180.0,85.45,96.2,98.65,50.0,155,150.05,True,ASTS260717P00180000
ASTS,82.41000366210938,2026-07-17,PUT,185.0,92.16,101.75,103.65,15.0,15,108.79,True,ASTS260717P00185000
ASTS,82.41000366210938,2026-07-17,PUT,190.0,86.15,106.65,108.5,45.0,80,153.13,True,ASTS260717P00190000
ASTS,82.41000366210938,2026-07-24,CALL,70.0,20.5,18.3,20.2,1.0,4,117.8,True,ASTS260724C00070000
ASTS,82.41000366210938,2026-07-24,CALL,75.0,17.23,15.55,16.8,10.0,224,114.5,True,ASTS260724C00075000
ASTS,82.41000366210938,2026-07-24,CALL,80.0,13.8,13.25,14.1,51.0,13,113.84,True,ASTS260724C00080000
ASTS,82.41000366210938,2026-07-24,CALL,85.0,11.65,11.25,11.95,16.0,53,114.18,False,ASTS260724C00085000
ASTS,82.41000366210938,2026-07-24,CALL,90.0,10.12,9.4,10.4,103.0,348,115.26,False,ASTS260724C00090000
ASTS,82.41000366210938,2026-07-24,CALL,94.0,8.96,8.25,9.5,13.0,59,117.46,False,ASTS260724C00094000
ASTS,82.41000366210938,2026-07-24,CALL,95.0,9.36,8.1,9.35,11.0,226,118.76,False,ASTS260724C00095000
ASTS,82.41000366210938,2026-07-24,CALL,96.0,8.8,7.75,9.0,4.0,67,118.16,False,ASTS260724C00096000
ASTS,82.41000366210938,2026-07-24,CALL,97.0,11.4,7.6,9.2,2.0,26,120.92,False,ASTS260724C00097000
ASTS,82.41000366210938,2026-07-24,CALL,98.0,8.2,7.25,8.65,24.0,4,119.26,False,ASTS260724C00098000
ASTS,82.41000366210938,2026-07-24,CALL,99.0,7.9,6.85,8.2,1.0,6,117.74,False,ASTS260724C00099000
ASTS,82.41000366210938,2026-07-24,CALL,100.0,7.2,7.0,7.8,127.0,315,118.91,False,ASTS260724C00100000
ASTS,82.41000366210938,2026-07-24,CALL,101.0,8.95,6.7,7.6,2.0,6,118.85,False,ASTS260724C00101000
ASTS,82.41000366210938,2026-07-24,CALL,102.0,11.45,6.45,7.95,6.0,13,121.56,False,ASTS260724C00102000
ASTS,82.41000366210938,2026-07-24,CALL,103.0,14.4,6.2,7.25,2.0,15,119.24,False,ASTS260724C00103000
ASTS,82.41000366210938,2026-07-24,CALL,105.0,6.7,6.0,6.5,22.0,36,118.87,False,ASTS260724C00105000
ASTS,82.41000366210938,2026-07-24,CALL,106.0,12.6,5.7,6.9,2.0,3,121.39,False,ASTS260724C00106000
ASTS,82.41000366210938,2026-07-24,CALL,107.0,7.7,5.45,6.85,1.0,6,121.91,False,ASTS260724C00107000
ASTS,82.41000366210938,2026-07-24,CALL,108.0,7.5,5.3,6.4,19.0,6,120.9,False,ASTS260724C00108000
ASTS,82.41000366210938,2026-07-24,CALL,109.0,7.75,5.15,6.2,8.0,5,121.06,False,ASTS260724C00109000
ASTS,82.41000366210938,2026-07-24,CALL,110.0,5.91,4.6,5.8,66.0,34,118.09,False,ASTS260724C00110000
ASTS,82.41000366210938,2026-07-24,CALL,111.0,5.85,4.85,5.45,3.0,11,119.39,False,ASTS260724C00111000
ASTS,82.41000366210938,2026-07-24,CALL,112.0,7.27,4.85,5.75,12.0,29,122.73,False,ASTS260724C00112000
ASTS,82.41000366210938,2026-07-24,CALL,114.0,8.47,4.6,5.15,40.0,13,121.78,False,ASTS260724C00114000
ASTS,82.41000366210938,2026-07-24,CALL,115.0,5.0,4.25,5.05,20.0,47,121.05,False,ASTS260724C00115000
ASTS,82.41000366210938,2026-07-24,CALL,118.0,8.94,4.0,4.9,1.0,1,123.73,False,ASTS260724C00118000
ASTS,82.41000366210938,2026-07-24,CALL,119.0,8.85,4.0,4.4,20.0,2,122.51,False,ASTS260724C00119000
ASTS,82.41000366210938,2026-07-24,CALL,120.0,4.11,3.95,4.7,112.0,170,125.46,False,ASTS260724C00120000
ASTS,82.41000366210938,2026-07-24,CALL,121.0,4.1,3.7,5.0,9.0,30,127.27,False,ASTS260724C00121000
ASTS,82.41000366210938,2026-07-24,CALL,125.0,3.55,3.35,3.85,30.0,35,124.34,False,ASTS260724C00125000
ASTS,82.41000366210938,2026-07-24,CALL,130.0,3.25,2.9,3.6,95.0,35,126.71,False,ASTS260724C00130000
ASTS,82.41000366210938,2026-07-24,CALL,135.0,2.75,2.6,3.1,4.0,13,127.64,False,ASTS260724C00135000
ASTS,82.41000366210938,2026-07-24,CALL,140.0,3.06,2.29,3.15,13.0,11,131.64,False,ASTS260724C00140000
ASTS,82.41000366210938,2026-07-24,CALL,145.0,2.27,1.81,2.47,6.0,9,128.32,False,ASTS260724C00145000
ASTS,82.41000366210938,2026-07-24,CALL,150.0,2.02,1.78,2.46,6.0,75,133.06,False,ASTS260724C00150000
ASTS,82.41000366210938,2026-07-24,CALL,160.0,1.58,1.5,2.14,43.0,160,137.26,False,ASTS260724C00160000
ASTS,82.41000366210938,2026-07-24,PUT,60.0,3.0,2.84,3.4,160.0,45,114.06,False,ASTS260724P00060000
ASTS,82.41000366210938,2026-07-24,PUT,65.0,4.35,3.7,4.6,86.0,314,108.08,False,ASTS260724P00065000
ASTS,82.41000366210938,2026-07-24,PUT,70.0,6.25,5.9,6.4,151.0,95,110.33,False,ASTS260724P00070000
ASTS,82.41000366210938,2026-07-24,PUT,75.0,8.5,7.8,8.85,58.0,286,110.17,False,ASTS260724P00075000
ASTS,82.41000366210938,2026-07-24,PUT,80.0,10.89,10.55,11.25,142.0,278,110.46,False,ASTS260724P00080000
ASTS,82.41000366210938,2026-07-24,PUT,85.0,13.7,13.3,14.3,68.0,83,110.67,True,ASTS260724P00085000
ASTS,82.41000366210938,2026-07-24,PUT,90.0,15.4,16.55,17.55,4.0,199,111.33,True,ASTS260724P00090000
ASTS,82.41000366210938,2026-07-24,PUT,94.0,20.02,19.1,20.5,4.0,20,111.44,True,ASTS260724P00094000
ASTS,82.41000366210938,2026-07-24,PUT,95.0,20.14,19.85,21.15,1.0,19,111.35,True,ASTS260724P00095000
ASTS,82.41000366210938,2026-07-24,PUT,96.0,16.6,20.45,21.85,30.0,31,110.72,True,ASTS260724P00096000
ASTS,82.41000366210938,2026-07-24,PUT,97.0,18.53,20.85,22.55,1.0,5,109.08,True,ASTS260724P00097000
ASTS,82.41000366210938,2026-07-24,PUT,98.0,15.6,22.05,23.4,1.0,4,111.74,True,ASTS260724P00098000
ASTS,82.41000366210938,2026-07-24,PUT,99.0,22.81,22.4,24.3,2.0,34,110.62,True,ASTS260724P00099000
ASTS,82.41000366210938,2026-07-24,PUT,100.0,24.17,23.5,25.0,14.0,3,111.99,True,ASTS260724P00100000
ASTS,82.41000366210938,2026-07-24,PUT,102.0,20.38,24.9,26.5,11.0,5,111.21,True,ASTS260724P00102000
ASTS,82.41000366210938,2026-07-24,PUT,103.0,21.9,25.9,27.3,5.0,6,112.38,True,ASTS260724P00103000
ASTS,82.41000366210938,2026-07-24,PUT,104.0,15.1,26.35,28.1,,0,110.82,True,ASTS260724P00104000
ASTS,82.41000366210938,2026-07-24,PUT,105.0,27.65,27.15,28.95,5.0,1,111.12,True,ASTS260724P00105000
ASTS,82.41000366210938,2026-07-24,PUT,106.0,22.0,28.6,29.75,40.0,40,114.37,True,ASTS260724P00106000
ASTS,82.41000366210938,2026-07-24,PUT,108.0,17.8,29.95,31.4,,0,113.21,True,ASTS260724P00108000
ASTS,82.41000366210938,2026-07-24,PUT,109.0,29.08,30.7,32.25,1.0,1,113.01,True,ASTS260724P00109000
ASTS,82.41000366210938,2026-07-24,PUT,110.0,25.82,31.95,33.05,2.0,9,115.11,True,ASTS260724P00110000
ASTS,82.41000366210938,2026-07-24,PUT,112.0,33.34,33.2,34.9,7.0,1,113.92,True,ASTS260724P00112000
ASTS,82.41000366210938,2026-07-24,PUT,115.0,32.3,35.8,37.4,1.0,11,114.04,True,ASTS260724P00115000
ASTS,82.41000366210938,2026-07-24,PUT,130.0,40.4,49.0,51.3,2.0,1,117.51,True,ASTS260724P00130000
ASTS,82.41000366210938,2026-07-24,PUT,140.0,51.09,58.15,60.2,1.0,1,113.67,True,ASTS260724P00140000
ASTS,82.41000366210938,2026-07-24,PUT,155.0,59.75,72.65,74.75,2.0,2,118.51,True,ASTS260724P00155000
ASTS,82.41000366210938,2026-08-21,CALL,35.0,49.66,47.6,49.55,12.0,146,139.65,True,ASTS260821C00035000
ASTS,82.41000366210938,2026-08-21,CALL,40.0,54.87,43.15,45.05,3.0,46,133.35,True,ASTS260821C00040000
ASTS,82.41000366210938,2026-08-21,CALL,45.0,39.94,38.75,40.75,91.0,32,127.32,True,ASTS260821C00045000
ASTS,82.41000366210938,2026-08-21,CALL,50.0,36.2,34.9,36.3,4.0,207,122.46,True,ASTS260821C00050000
ASTS,82.41000366210938,2026-08-21,CALL,55.0,65.37,31.2,33.0,2.0,105,123.44,True,ASTS260821C00055000
ASTS,82.41000366210938,2026-08-21,CALL,60.0,29.22,27.6,29.15,53.0,1024,118.84,True,ASTS260821C00060000
ASTS,82.41000366210938,2026-08-21,CALL,65.0,26.07,24.55,26.4,5.0,175,120.04,True,ASTS260821C00065000
ASTS,82.41000366210938,2026-08-21,CALL,70.0,22.4,22.05,22.85,76.0,722,117.65,True,ASTS260821C00070000
ASTS,82.41000366210938,2026-08-21,CALL,75.0,21.65,19.3,20.6,21.0,1079,117.53,True,ASTS260821C00075000
ASTS,82.41000366210938,2026-08-21,CALL,80.0,17.75,17.25,19.1,253.0,1162,120.83,True,ASTS260821C00080000
ASTS,82.41000366210938,2026-08-21,CALL,85.0,15.85,15.45,16.0,273.0,3580,117.46,False,ASTS260821C00085000
ASTS,82.41000366210938,2026-08-21,CALL,90.0,13.94,13.55,14.4,3095.0,2353,117.62,False,ASTS260821C00090000
ASTS,82.41000366210938,2026-08-21,CALL,95.0,13.11,12.3,12.9,491.0,1626,119.01,False,ASTS260821C00095000
ASTS,82.41000366210938,2026-08-21,CALL,100.0,11.25,11.0,11.5,6808.0,5334,119.36,False,ASTS260821C00100000
ASTS,82.41000366210938,2026-08-21,CALL,105.0,10.0,9.85,10.3,294.0,1114,119.85,False,ASTS260821C00105000
ASTS,82.41000366210938,2026-08-21,CALL,110.0,9.2,8.7,9.2,1344.0,2874,119.7,False,ASTS260821C00110000
ASTS,82.41000366210938,2026-08-21,CALL,115.0,8.3,7.75,8.85,135.0,1098,122.17,False,ASTS260821C00115000
ASTS,82.41000366210938,2026-08-21,CALL,120.0,7.3,7.0,7.8,1054.0,1960,122.02,False,ASTS260821C00120000
ASTS,82.41000366210938,2026-08-21,CALL,125.0,6.6,6.15,6.95,1634.0,1184,121.48,False,ASTS260821C00125000
ASTS,82.41000366210938,2026-08-21,CALL,130.0,5.6,5.6,6.4,297.0,2895,122.67,False,ASTS260821C00130000
ASTS,82.41000366210938,2026-08-21,CALL,135.0,5.5,5.1,6.05,548.0,531,124.37,False,ASTS260821C00135000
ASTS,82.41000366210938,2026-08-21,CALL,140.0,4.65,4.8,5.25,424.0,788,124.49,False,ASTS260821C00140000
ASTS,82.41000366210938,2026-08-21,CALL,145.0,4.55,4.15,5.2,54.0,564,125.9,False,ASTS260821C00145000
ASTS,82.41000366210938,2026-08-21,CALL,150.0,4.2,4.1,4.65,414.0,7407,127.42,False,ASTS260821C00150000
ASTS,82.41000366210938,2026-08-21,CALL,155.0,4.11,3.7,4.55,50.0,524,129.08,False,ASTS260821C00155000
ASTS,82.41000366210938,2026-08-21,CALL,160.0,3.7,3.35,3.8,151.0,793,127.34,False,ASTS260821C00160000
ASTS,82.41000366210938,2026-08-21,CALL,165.0,3.5,2.6,3.85,16.0,675,127.2,False,ASTS260821C00165000
ASTS,82.41000366210938,2026-08-21,CALL,170.0,3.0,2.62,3.5,68.0,1012,128.78,False,ASTS260821C00170000
ASTS,82.41000366210938,2026-08-21,CALL,175.0,2.96,2.46,3.45,49.0,426,130.86,False,ASTS260821C00175000
ASTS,82.41000366210938,2026-08-21,CALL,180.0,2.5,2.3,3.2,135.0,2345,131.54,False,ASTS260821C00180000
ASTS,82.41000366210938,2026-08-21,CALL,185.0,2.45,2.09,3.1,7.0,130,132.62,False,ASTS260821C00185000
ASTS,82.41000366210938,2026-08-21,CALL,190.0,2.41,2.2,2.61,223.0,1993,133.01,False,ASTS260821C00190000
ASTS,82.41000366210938,2026-08-21,PUT,35.0,0.63,0.39,0.67,26.0,392,117.19,False,ASTS260821P00035000
ASTS,82.41000366210938,2026-08-21,PUT,40.0,1.04,0.92,1.3,16.0,593,119.24,False,ASTS260821P00040000
ASTS,82.41000366210938,2026-08-21,PUT,45.0,1.61,1.32,2.11,27.0,1495,115.72,False,ASTS260821P00045000
ASTS,82.41000366210938,2026-08-21,PUT,50.0,2.7,2.62,2.75,206.0,1053,115.09,False,ASTS260821P00050000
ASTS,82.41000366210938,2026-08-21,PUT,55.0,3.94,3.8,4.3,44.0,1132,115.85,False,ASTS260821P00055000
ASTS,82.41000366210938,2026-08-21,PUT,60.0,5.45,5.3,5.75,109.0,1349,114.36,False,ASTS260821P00060000
ASTS,82.41000366210938,2026-08-21,PUT,65.0,7.3,6.9,7.6,98.0,1564,112.72,False,ASTS260821P00065000
ASTS,82.41000366210938,2026-08-21,PUT,70.0,9.5,9.2,9.8,513.0,5446,113.23,False,ASTS260821P00070000
ASTS,82.41000366210938,2026-08-21,PUT,75.0,11.73,11.65,12.45,637.0,1817,113.78,False,ASTS260821P00075000
ASTS,82.41000366210938,2026-08-21,PUT,80.0,14.83,14.45,15.0,677.0,982,113.25,False,ASTS260821P00080000
ASTS,82.41000366210938,2026-08-21,PUT,85.0,17.6,17.5,18.25,1111.0,994,114.36,True,ASTS260821P00085000
ASTS,82.41000366210938,2026-08-21,PUT,90.0,20.9,20.35,21.4,63.0,809,112.82,True,ASTS260821P00090000
ASTS,82.41000366210938,2026-08-21,PUT,95.0,23.95,23.55,24.85,55.0,1067,112.15,True,ASTS260821P00095000
ASTS,82.41000366210938,2026-08-21,PUT,100.0,27.62,26.85,28.55,137.0,9327,111.39,True,ASTS260821P00100000
ASTS,82.41000366210938,2026-08-21,PUT,105.0,32.0,30.95,32.85,30.0,139,114.43,True,ASTS260821P00105000
ASTS,82.41000366210938,2026-08-21,PUT,110.0,35.2,35.25,36.3,26.0,317,114.15,True,ASTS260821P00110000
ASTS,82.41000366210938,2026-08-21,PUT,115.0,40.59,39.35,40.5,24.0,82,114.97,True,ASTS260821P00115000
ASTS,82.41000366210938,2026-08-21,PUT,120.0,43.25,43.7,44.75,362.0,275,116.13,True,ASTS260821P00120000
ASTS,82.41000366210938,2026-08-21,PUT,125.0,47.85,48.05,49.1,627.0,30,116.97,True,ASTS260821P00125000
ASTS,82.41000366210938,2026-08-21,PUT,130.0,47.47,51.55,53.3,4.0,82,112.84,True,ASTS260821P00130000
ASTS,82.41000366210938,2026-08-21,PUT,135.0,47.2,56.0,57.85,1.0,46,113.46,True,ASTS260821P00135000
ASTS,82.41000366210938,2026-08-21,PUT,140.0,54.4,61.15,62.3,35.0,67,116.37,True,ASTS260821P00140000
ASTS,82.41000366210938,2026-08-21,PUT,145.0,49.95,65.65,67.0,8.0,40,116.97,True,ASTS260821P00145000
ASTS,82.41000366210938,2026-08-21,PUT,150.0,59.48,70.25,71.55,2.0,51,116.8,True,ASTS260821P00150000
ASTS,82.41000366210938,2026-08-21,PUT,155.0,59.21,74.55,76.2,2.0,3,114.94,True,ASTS260821P00155000
ASTS,82.41000366210938,2026-08-21,PUT,160.0,73.75,78.45,80.8,1.0,9,109.33,True,ASTS260821P00160000
ASTS,82.41000366210938,2026-08-21,PUT,165.0,59.5,84.6,85.6,,1,118.87,True,ASTS260821P00165000
ASTS,82.41000366210938,2026-08-21,PUT,170.0,69.4,88.55,90.3,1.0,1,113.18,True,ASTS260821P00170000
ASTS,82.41000366210938,2026-08-21,PUT,175.0,73.65,93.4,95.05,25.0,27,113.28,True,ASTS260821P00175000
ASTS,82.41000366210938,2026-08-21,PUT,180.0,65.82,99.1,99.9,2.0,24,120.41,True,ASTS260821P00180000
ASTS,82.41000366210938,2026-08-21,PUT,190.0,100.25,108.7,109.55,64.0,165,120.19,True,ASTS260821P00190000
ASTS,82.41000366210938,2026-09-18,CALL,35.0,53.55,48.1,50.15,6.0,56,130.66,True,ASTS260918C00035000
ASTS,82.41000366210938,2026-09-18,CALL,40.0,51.79,43.95,45.9,1.0,2219,127.05,True,ASTS260918C00040000
ASTS,82.41000366210938,2026-09-18,CALL,45.0,45.0,39.8,41.9,1.0,97,122.9,True,ASTS260918C00045000
ASTS,82.41000366210938,2026-09-18,CALL,50.0,40.0,36.15,38.15,6.0,227,121.14,True,ASTS260918C00050000
ASTS,82.41000366210938,2026-09-18,CALL,55.0,33.98,32.9,34.8,2.0,39,121.02,True,ASTS260918C00055000
ASTS,82.41000366210938,2026-09-18,CALL,60.0,32.0,29.6,31.55,10.0,89,118.87,True,ASTS260918C00060000
ASTS,82.41000366210938,2026-09-18,CALL,65.0,29.72,27.0,28.25,1.0,72,117.6,True,ASTS260918C00065000
ASTS,82.41000366210938,2026-09-18,CALL,70.0,25.2,24.75,26.25,22.0,838,120.52,True,ASTS260918C00070000
ASTS,82.41000366210938,2026-09-18,CALL,75.0,22.8,22.15,23.7,70.0,771,118.64,True,ASTS260918C00075000
ASTS,82.41000366210938,2026-09-18,CALL,80.0,20.4,19.75,21.1,183.0,437,116.09,True,ASTS260918C00080000
ASTS,82.41000366210938,2026-09-18,CALL,85.0,18.54,18.4,18.95,611.0,466,117.03,False,ASTS260918C00085000
ASTS,82.41000366210938,2026-09-18,CALL,90.0,16.95,16.55,17.2,214.0,1205,116.55,False,ASTS260918C00090000
ASTS,82.41000366210938,2026-09-18,CALL,95.0,15.53,14.95,15.75,258.0,2098,116.74,False,ASTS260918C00095000
ASTS,82.41000366210938,2026-09-18,CALL,100.0,13.99,13.85,14.3,788.0,1594,117.49,False,ASTS260918C00100000
ASTS,82.41000366210938,2026-09-18,CALL,105.0,12.95,12.5,13.4,115.0,394,118.35,False,ASTS260918C00105000
ASTS,82.41000366210938,2026-09-18,CALL,110.0,11.7,11.5,11.85,585.0,2946,117.59,False,ASTS260918C00110000
ASTS,82.41000366210938,2026-09-18,CALL,115.0,10.75,10.4,11.1,99.0,663,118.27,False,ASTS260918C00115000
ASTS,82.41000366210938,2026-09-18,CALL,120.0,9.78,9.7,10.0,543.0,2464,118.52,False,ASTS260918C00120000
ASTS,82.41000366210938,2026-09-18,CALL,125.0,9.2,8.65,9.25,1087.0,9945,118.23,False,ASTS260918C00125000
ASTS,82.41000366210938,2026-09-18,CALL,130.0,8.58,7.95,8.9,245.0,6303,119.81,False,ASTS260918C00130000
ASTS,82.41000366210938,2026-09-18,CALL,135.0,7.67,7.35,8.25,28.0,360,120.34,False,ASTS260918C00135000
ASTS,82.41000366210938,2026-09-18,CALL,140.0,7.45,6.75,7.6,21.0,920,120.47,False,ASTS260918C00140000
ASTS,82.41000366210938,2026-09-18,CALL,145.0,6.5,6.45,7.2,64.0,1186,122.11,False,ASTS260918C00145000
ASTS,82.41000366210938,2026-09-18,CALL,150.0,6.25,6.0,6.7,148.0,1346,122.58,False,ASTS260918C00150000
ASTS,82.41000366210938,2026-09-18,CALL,155.0,5.85,5.35,6.4,46.0,1351,122.73,False,ASTS260918C00155000
ASTS,82.41000366210938,2026-09-18,CALL,160.0,5.45,4.9,5.8,119.0,1047,122.19,False,ASTS260918C00160000
ASTS,82.41000366210938,2026-09-18,CALL,165.0,5.32,4.6,5.6,3.0,869,123.47,False,ASTS260918C00165000
ASTS,82.41000366210938,2026-09-18,CALL,170.0,5.42,4.15,5.0,77.0,761,122.31,False,ASTS260918C00170000
ASTS,82.41000366210938,2026-09-18,CALL,175.0,4.52,4.15,4.75,26.0,448,124.18,False,ASTS260918C00175000
ASTS,82.41000366210938,2026-09-18,CALL,180.0,4.1,4.0,4.45,204.0,7909,125.05,False,ASTS260918C00180000
ASTS,82.41000366210938,2026-09-18,CALL,185.0,4.43,3.45,4.2,11.0,38,124.17,False,ASTS260918C00185000
ASTS,82.41000366210938,2026-09-18,CALL,190.0,3.6,3.2,4.0,1422.0,871,124.63,False,ASTS260918C00190000
ASTS,82.41000366210938,2026-09-18,PUT,35.0,1.09,0.87,1.33,9.0,331,116.41,False,ASTS260918P00035000
ASTS,82.41000366210938,2026-09-18,PUT,40.0,1.81,1.66,2.02,42.0,434,115.48,False,ASTS260918P00040000
ASTS,82.41000366210938,2026-09-18,PUT,45.0,2.62,2.47,2.84,11.0,654,112.21,False,ASTS260918P00045000
ASTS,82.41000366210938,2026-09-18,PUT,50.0,3.85,3.6,4.0,52.0,401,110.69,False,ASTS260918P00050000
ASTS,82.41000366210938,2026-09-18,PUT,55.0,5.47,5.1,5.5,115.0,2518,110.27,False,ASTS260918P00055000
ASTS,82.41000366210938,2026-09-18,PUT,60.0,7.12,7.0,7.45,95.0,816,111.08,False,ASTS260918P00060000
ASTS,82.41000366210938,2026-09-18,PUT,65.0,9.13,8.9,9.65,66.0,335,110.58,False,ASTS260918P00065000
ASTS,82.41000366210938,2026-09-18,PUT,70.0,11.5,11.25,12.05,51.0,692,110.58,False,ASTS260918P00070000
ASTS,82.41000366210938,2026-09-18,PUT,75.0,14.17,13.5,14.7,333.0,727,109.45,False,ASTS260918P00075000
ASTS,82.41000366210938,2026-09-18,PUT,80.0,17.03,16.7,17.55,61.0,682,110.55,False,ASTS260918P00080000
ASTS,82.41000366210938,2026-09-18,PUT,85.0,19.94,19.4,20.6,82.0,2839,109.4,True,ASTS260918P00085000
ASTS,82.41000366210938,2026-09-18,PUT,90.0,23.34,22.35,23.9,71.0,454,108.62,True,ASTS260918P00090000
ASTS,82.41000366210938,2026-09-18,PUT,95.0,26.37,26.05,27.35,7.0,864,109.46,True,ASTS260918P00095000
ASTS,82.41000366210938,2026-09-18,PUT,100.0,30.66,29.65,31.1,25.0,366,109.94,True,ASTS260918P00100000
ASTS,82.41000366210938,2026-09-18,PUT,105.0,29.6,33.95,34.8,1.0,164,111.48,True,ASTS260918P00105000
ASTS,82.41000366210938,2026-09-18,PUT,110.0,36.7,37.65,38.6,4.0,517,110.79,True,ASTS260918P00110000
ASTS,82.41000366210938,2026-09-18,PUT,115.0,37.16,40.75,42.65,3.0,149,108.29,True,ASTS260918P00115000
ASTS,82.41000366210938,2026-09-18,PUT,120.0,40.38,44.85,46.75,2.0,74,108.31,True,ASTS260918P00120000
ASTS,82.41000366210938,2026-09-18,PUT,125.0,49.71,48.95,51.0,10.0,49,108.22,True,ASTS260918P00125000
ASTS,82.41000366210938,2026-09-18,PUT,130.0,48.73,53.15,55.4,19.0,122,108.39,True,ASTS260918P00130000
ASTS,82.41000366210938,2026-09-18,PUT,135.0,51.2,57.9,59.7,4.0,22,109.62,True,ASTS260918P00135000
ASTS,82.41000366210938,2026-09-18,PUT,140.0,58.23,62.25,64.05,1.0,22,109.18,True,ASTS260918P00140000
ASTS,82.41000366210938,2026-09-18,PUT,145.0,59.0,66.8,68.6,10.0,117,109.77,True,ASTS260918P00145000
ASTS,82.41000366210938,2026-09-18,PUT,150.0,68.5,71.25,73.0,20.0,34,109.0,True,ASTS260918P00150000
ASTS,82.41000366210938,2026-09-18,PUT,155.0,49.7,75.95,78.1,2.0,3,111.67,True,ASTS260918P00155000
ASTS,82.41000366210938,2026-09-18,PUT,160.0,72.35,80.4,82.2,30.0,40,108.86,True,ASTS260918P00160000
ASTS,82.41000366210938,2026-09-18,PUT,165.0,83.45,85.05,86.9,,2,109.03,True,ASTS260918P00165000
ASTS,82.41000366210938,2026-09-18,PUT,170.0,91.96,0.0,0.0,,0,0.0,True,ASTS260918P00170000
ASTS,82.41000366210938,2026-09-18,PUT,175.0,80.0,94.4,96.5,4.0,28,109.69,True,ASTS260918P00175000
ASTS,82.41000366210938,2026-09-18,PUT,180.0,70.35,99.65,100.9,35.0,40,110.55,True,ASTS260918P00180000
ASTS,82.41000366210938,2026-09-18,PUT,185.0,74.15,103.9,106.1,,10,110.11,True,ASTS260918P00185000
ASTS,82.41000366210938,2026-09-18,PUT,190.0,102.7,108.7,110.55,50.0,100,108.13,True,ASTS260918P00190000
ASTS,82.41000366210938,2026-10-16,CALL,35.0,51.31,48.65,51.4,3.0,36,130.66,True,ASTS261016C00035000
ASTS,82.41000366210938,2026-10-16,CALL,40.0,55.0,44.85,46.85,1.0,79,124.61,True,ASTS261016C00040000
ASTS,82.41000366210938,2026-10-16,CALL,45.0,41.31,41.1,43.25,2.0,72,123.02,True,ASTS261016C00045000
ASTS,82.41000366210938,2026-10-16,CALL,50.0,39.0,37.55,39.65,1.0,48,120.34,True,ASTS261016C00050000
ASTS,82.41000366210938,2026-10-16,CALL,55.0,41.02,34.45,35.75,1.0,27,116.83,True,ASTS261016C00055000
ASTS,82.41000366210938,2026-10-16,CALL,60.0,33.58,31.45,33.0,2.0,70,116.72,True,ASTS261016C00060000
ASTS,82.41000366210938,2026-10-16,CALL,65.0,40.74,28.95,30.75,2.0,122,118.34,True,ASTS261016C00065000
ASTS,82.41000366210938,2026-10-16,CALL,70.0,27.0,26.5,28.35,1.0,201,118.07,True,ASTS261016C00070000
ASTS,82.41000366210938,2026-10-16,CALL,75.0,25.5,24.35,25.0,9.0,169,114.75,True,ASTS261016C00075000
ASTS,82.41000366210938,2026-10-16,CALL,80.0,23.85,22.4,23.95,117.0,509,117.62,True,ASTS261016C00080000
ASTS,82.41000366210938,2026-10-16,CALL,85.0,20.9,20.45,21.3,46.0,273,115.03,False,ASTS261016C00085000
ASTS,82.41000366210938,2026-10-16,CALL,90.0,19.18,19.0,19.5,78.0,218,115.3,False,ASTS261016C00090000
ASTS,82.41000366210938,2026-10-16,CALL,95.0,17.95,17.4,18.1,25.0,3666,115.43,False,ASTS261016C00095000
ASTS,82.41000366210938,2026-10-16,CALL,100.0,16.38,16.1,16.75,191.0,2236,115.79,False,ASTS261016C00100000
ASTS,82.41000366210938,2026-10-16,CALL,105.0,15.47,14.75,16.05,15.0,324,117.07,False,ASTS261016C00105000
ASTS,82.41000366210938,2026-10-16,CALL,110.0,13.9,13.7,15.1,68.0,534,117.92,False,ASTS261016C00110000
ASTS,82.41000366210938,2026-10-16,CALL,115.0,13.0,12.55,13.35,53.0,792,115.91,False,ASTS261016C00115000
ASTS,82.41000366210938,2026-10-16,CALL,120.0,12.46,11.45,12.9,44.0,247,116.96,False,ASTS261016C00120000
ASTS,82.41000366210938,2026-10-16,CALL,125.0,11.6,10.9,11.85,90.0,473,117.46,False,ASTS261016C00125000
ASTS,82.41000366210938,2026-10-16,CALL,130.0,10.69,10.05,10.65,15.0,439,116.35,False,ASTS261016C00130000
ASTS,82.41000366210938,2026-10-16,CALL,135.0,10.07,9.35,10.75,68.0,195,118.85,False,ASTS261016C00135000
ASTS,82.41000366210938,2026-10-16,CALL,140.0,9.43,9.0,9.85,131.0,293,119.25,False,ASTS261016C00140000
ASTS,82.41000366210938,2026-10-16,CALL,145.0,9.6,8.15,9.1,17.0,261,118.36,False,ASTS261016C00145000
ASTS,82.41000366210938,2026-10-16,CALL,150.0,8.19,7.9,8.5,26.0,628,119.34,False,ASTS261016C00150000
ASTS,82.41000366210938,2026-10-16,CALL,155.0,9.81,7.1,8.3,2.0,143,119.63,False,ASTS261016C00155000
ASTS,82.41000366210938,2026-10-16,CALL,160.0,7.85,6.7,7.65,1.0,371,119.52,False,ASTS261016C00160000
ASTS,82.41000366210938,2026-10-16,CALL,165.0,9.62,6.35,7.1,1.0,187,119.64,False,ASTS261016C00165000
ASTS,82.41000366210938,2026-10-16,CALL,170.0,9.0,5.8,7.0,1.0,178,120.35,False,ASTS261016C00170000
ASTS,82.41000366210938,2026-10-16,CALL,175.0,6.5,5.4,6.1,12.0,453,118.7,False,ASTS261016C00175000
ASTS,82.41000366210938,2026-10-16,CALL,180.0,5.85,5.0,6.05,530.0,1667,119.7,False,ASTS261016C00180000
ASTS,82.41000366210938,2026-10-16,CALL,185.0,5.25,4.8,5.75,138.0,26,120.39,False,ASTS261016C00185000
ASTS,82.41000366210938,2026-10-16,CALL,190.0,5.2,4.55,5.15,598.0,2211,119.64,False,ASTS261016C00190000
ASTS,82.41000366210938,2026-10-16,PUT,35.0,1.66,1.26,1.85,7.0,1916,112.21,False,ASTS261016P00035000
ASTS,82.41000366210938,2026-10-16,PUT,40.0,2.4,2.07,2.79,2.0,565,110.84,False,ASTS261016P00040000
ASTS,82.41000366210938,2026-10-16,PUT,45.0,3.61,3.2,4.15,4.0,138,111.08,False,ASTS261016P00045000
ASTS,82.41000366210938,2026-10-16,PUT,50.0,5.05,4.5,5.25,72.0,454,108.15,False,ASTS261016P00050000
ASTS,82.41000366210938,2026-10-16,PUT,55.0,7.0,6.35,7.3,6.0,416,109.88,False,ASTS261016P00055000
ASTS,82.41000366210938,2026-10-16,PUT,60.0,8.83,8.5,9.3,47.0,443,110.17,False,ASTS261016P00060000
ASTS,82.41000366210938,2026-10-16,PUT,65.0,10.7,10.5,11.55,15.0,250,109.06,False,ASTS261016P00065000
ASTS,82.41000366210938,2026-10-16,PUT,70.0,13.65,12.85,13.85,98.0,668,107.89,False,ASTS261016P00070000
ASTS,82.41000366210938,2026-10-16,PUT,75.0,16.17,15.85,16.9,8.0,248,109.61,False,ASTS261016P00075000
ASTS,82.41000366210938,2026-10-16,PUT,80.0,18.85,18.8,19.8,11.0,275,109.49,False,ASTS261016P00080000
ASTS,82.41000366210938,2026-10-16,PUT,85.0,22.0,21.85,22.8,145.0,148,108.9,True,ASTS261016P00085000
ASTS,82.41000366210938,2026-10-16,PUT,90.0,25.23,24.55,26.1,7.0,315,107.32,True,ASTS261016P00090000
ASTS,82.41000366210938,2026-10-16,PUT,95.0,28.65,28.35,29.75,3.0,157,108.73,True,ASTS261016P00095000
ASTS,82.41000366210938,2026-10-16,PUT,100.0,29.64,31.4,33.15,1000.0,1142,106.8,True,ASTS261016P00100000
ASTS,82.41000366210938,2026-10-16,PUT,105.0,32.13,35.2,36.85,1001.0,1025,106.91,True,ASTS261016P00105000
ASTS,82.41000366210938,2026-10-16,PUT,110.0,38.55,39.0,40.7,2.0,84,106.79,True,ASTS261016P00110000
ASTS,82.41000366210938,2026-10-16,PUT,115.0,39.43,43.25,44.7,10.0,54,107.7,True,ASTS261016P00115000
ASTS,82.41000366210938,2026-10-16,PUT,120.0,43.1,46.95,48.8,50.0,428,106.9,True,ASTS261016P00120000
ASTS,82.41000366210938,2026-10-16,PUT,125.0,51.63,50.8,52.85,14.0,61,105.86,True,ASTS261016P00125000
ASTS,82.41000366210938,2026-10-16,PUT,130.0,41.05,56.1,57.0,5.0,35,108.69,True,ASTS261016P00130000
ASTS,82.41000366210938,2026-10-16,PUT,135.0,58.7,59.4,61.35,3.0,5,106.07,True,ASTS261016P00135000
ASTS,82.41000366210938,2026-10-16,PUT,140.0,64.15,64.5,65.7,5.0,24,108.26,True,ASTS261016P00140000
ASTS,82.41000366210938,2026-10-16,PUT,145.0,68.0,68.4,70.15,5.0,12,106.86,True,ASTS261016P00145000
ASTS,82.41000366210938,2026-10-16,PUT,150.0,49.5,72.75,74.55,,6,106.3,True,ASTS261016P00150000
ASTS,82.41000366210938,2026-10-16,PUT,155.0,89.25,71.0,72.25,5.0,8,0.0,True,ASTS261016P00155000
ASTS,82.41000366210938,2026-10-16,PUT,160.0,70.43,81.25,83.5,5.0,6,103.91,True,ASTS261016P00160000
ASTS,82.41000366210938,2026-10-16,PUT,165.0,78.48,0.0,0.0,,0,0.0,True,ASTS261016P00165000
ASTS,82.41000366210938,2026-10-16,PUT,170.0,79.4,90.9,92.7,,1,105.21,True,ASTS261016P00170000
ASTS,82.41000366210938,2026-10-16,PUT,180.0,73.07,100.2,102.05,7.0,155,104.88,True,ASTS261016P00180000
ASTS,82.41000366210938,2026-11-20,CALL,35.0,59.55,49.75,51.85,20.0,33,126.03,True,ASTS261120C00035000
ASTS,82.41000366210938,2026-11-20,CALL,40.0,50.35,46.0,48.65,5.0,62,126.25,True,ASTS261120C00040000
ASTS,82.41000366210938,2026-11-20,CALL,45.0,52.92,42.6,44.85,1.0,37,122.93,True,ASTS261120C00045000
ASTS,82.41000366210938,2026-11-20,CALL,50.0,41.0,39.5,41.45,5.0,106,121.2,True,ASTS261120C00050000
ASTS,82.41000366210938,2026-11-20,CALL,55.0,66.8,36.45,37.8,1.0,60,117.51,True,ASTS261120C00055000
ASTS,82.41000366210938,2026-11-20,CALL,60.0,36.85,33.95,36.05,5.0,275,120.75,True,ASTS261120C00060000
ASTS,82.41000366210938,2026-11-20,CALL,65.0,44.5,31.45,33.85,1.0,342,120.98,True,ASTS261120C00065000
ASTS,82.41000366210938,2026-11-20,CALL,70.0,34.35,29.2,31.05,1.0,388,119.18,True,ASTS261120C00070000
ASTS,82.41000366210938,2026-11-20,CALL,75.0,28.49,27.15,28.95,6.0,426,118.98,True,ASTS261120C00075000
ASTS,82.41000366210938,2026-11-20,CALL,80.0,26.05,25.15,26.85,10.0,318,118.12,True,ASTS261120C00080000
ASTS,82.41000366210938,2026-11-20,CALL,85.0,23.88,23.5,24.95,121.0,434,117.92,False,ASTS261120C00085000
ASTS,82.41000366210938,2026-11-20,CALL,90.0,23.35,21.85,22.85,49.0,963,116.61,False,ASTS261120C00090000
ASTS,82.41000366210938,2026-11-20,CALL,95.0,21.19,20.45,21.95,51.0,287,118.15,False,ASTS261120C00095000
ASTS,82.41000366210938,2026-11-20,CALL,100.0,20.0,19.35,20.6,98.0,481,118.79,False,ASTS261120C00100000
ASTS,82.41000366210938,2026-11-20,CALL,105.0,18.8,17.85,18.65,175.0,420,116.63,False,ASTS261120C00105000
ASTS,82.41000366210938,2026-11-20,CALL,110.0,17.24,16.7,18.4,45.0,368,118.75,False,ASTS261120C00110000
ASTS,82.41000366210938,2026-11-20,CALL,115.0,19.2,15.45,16.85,3.0,390,117.26,False,ASTS261120C00115000
ASTS,82.41000366210938,2026-11-20,CALL,120.0,15.3,14.65,16.25,41.0,870,118.63,False,ASTS261120C00120000
ASTS,82.41000366210938,2026-11-20,CALL,125.0,14.39,13.75,15.5,37.0,244,119.08,False,ASTS261120C00125000
ASTS,82.41000366210938,2026-11-20,CALL,130.0,13.46,13.05,14.15,108.0,741,118.31,False,ASTS261120C00130000
ASTS,82.41000366210938,2026-11-20,CALL,135.0,12.99,12.15,13.75,4.0,95,119.0,False,ASTS261120C00135000
ASTS,82.41000366210938,2026-11-20,CALL,140.0,11.9,11.4,12.15,25.0,397,116.94,False,ASTS261120C00140000
ASTS,82.41000366210938,2026-11-20,CALL,145.0,13.47,10.8,11.7,4.0,632,117.72,False,ASTS261120C00145000
ASTS,82.41000366210938,2026-11-20,CALL,150.0,10.55,10.2,11.1,377.0,817,117.92,False,ASTS261120C00150000
ASTS,82.41000366210938,2026-11-20,CALL,155.0,11.44,9.75,10.85,13.0,347,119.15,False,ASTS261120C00155000
ASTS,82.41000366210938,2026-11-20,CALL,160.0,9.7,9.15,10.2,2.0,1320,118.84,False,ASTS261120C00160000
ASTS,82.41000366210938,2026-11-20,CALL,165.0,10.94,8.6,9.95,1.0,504,119.47,False,ASTS261120C00165000
ASTS,82.41000366210938,2026-11-20,CALL,170.0,8.65,8.15,9.35,7.0,416,119.3,False,ASTS261120C00170000
ASTS,82.41000366210938,2026-11-20,CALL,175.0,8.3,7.8,8.7,10.0,513,119.09,False,ASTS261120C00175000
ASTS,82.41000366210938,2026-11-20,CALL,180.0,7.88,7.35,8.25,146.0,3032,118.98,False,ASTS261120C00180000
ASTS,82.41000366210938,2026-11-20,CALL,185.0,7.4,7.05,7.85,11.0,43,119.28,False,ASTS261120C00185000
ASTS,82.41000366210938,2026-11-20,CALL,190.0,7.11,6.8,7.45,249.0,777,119.58,False,ASTS261120C00190000
ASTS,82.41000366210938,2026-11-20,PUT,35.0,2.38,2.03,2.5,217.0,497,110.55,False,ASTS261120P00035000
ASTS,82.41000366210938,2026-11-20,PUT,40.0,3.52,3.35,3.75,71.0,358,111.5,False,ASTS261120P00040000
ASTS,82.41000366210938,2026-11-20,PUT,45.0,4.3,4.8,5.3,2.0,242,111.5,False,ASTS261120P00045000
ASTS,82.41000366210938,2026-11-20,PUT,50.0,6.65,6.5,7.0,69.0,548,110.94,False,ASTS261120P00050000
ASTS,82.41000366210938,2026-11-20,PUT,55.0,8.55,8.5,9.25,30.0,478,111.68,False,ASTS261120P00055000
ASTS,82.41000366210938,2026-11-20,PUT,60.0,11.0,10.65,11.3,36.0,946,110.61,False,ASTS261120P00060000
ASTS,82.41000366210938,2026-11-20,PUT,65.0,13.4,13.05,13.8,34.0,738,110.43,False,ASTS261120P00065000
ASTS,82.41000366210938,2026-11-20,PUT,70.0,15.8,15.5,16.25,37.0,454,109.13,False,ASTS261120P00070000
ASTS,82.41000366210938,2026-11-20,PUT,75.0,18.77,18.45,19.3,38.0,376,109.81,False,ASTS261120P00075000
ASTS,82.41000366210938,2026-11-20,PUT,80.0,21.98,21.45,22.35,56.0,447,109.69,False,ASTS261120P00080000
ASTS,82.41000366210938,2026-11-20,PUT,85.0,24.8,24.4,25.5,22.0,234,108.91,True,ASTS261120P00085000
ASTS,82.41000366210938,2026-11-20,PUT,90.0,28.0,27.75,29.05,7.0,627,109.34,True,ASTS261120P00090000
ASTS,82.41000366210938,2026-11-20,PUT,95.0,31.25,31.0,32.35,2.0,253,108.31,True,ASTS261120P00095000
ASTS,82.41000366210938,2026-11-20,PUT,100.0,34.84,34.35,36.05,5.0,449,107.9,True,ASTS261120P00100000
ASTS,82.41000366210938,2026-11-20,PUT,105.0,39.81,38.95,39.6,1.0,170,109.47,True,ASTS261120P00105000
ASTS,82.41000366210938,2026-11-20,PUT,110.0,39.82,42.45,43.45,2.0,86,108.74,True,ASTS261120P00110000
ASTS,82.41000366210938,2026-11-20,PUT,115.0,44.27,46.5,47.55,10.0,80,109.41,True,ASTS261120P00115000
ASTS,82.41000366210938,2026-11-20,PUT,120.0,45.55,49.55,51.3,1.0,105,106.57,True,ASTS261120P00120000
ASTS,82.41000366210938,2026-11-20,PUT,125.0,52.18,53.4,55.35,2.0,81,105.87,True,ASTS261120P00125000
ASTS,82.41000366210938,2026-11-20,PUT,130.0,52.9,57.55,59.55,3.0,29,105.88,True,ASTS261120P00130000
ASTS,82.41000366210938,2026-11-20,PUT,135.0,55.45,62.25,63.7,1.0,50,106.79,True,ASTS261120P00135000
ASTS,82.41000366210938,2026-11-20,PUT,140.0,59.4,66.25,67.95,3.0,28,105.95,True,ASTS261120P00140000
ASTS,82.41000366210938,2026-11-20,PUT,145.0,54.25,70.95,72.25,8.0,11,106.69,True,ASTS261120P00145000
ASTS,82.41000366210938,2026-11-20,PUT,150.0,53.92,75.15,76.6,5.0,8,106.04,True,ASTS261120P00150000
ASTS,82.41000366210938,2026-11-20,PUT,160.0,70.45,85.2,86.5,,20,111.58,True,ASTS261120P00160000
ASTS,82.41000366210938,2026-11-20,PUT,165.0,90.35,88.6,90.0,40.0,150,105.8,True,ASTS261120P00165000
ASTS,82.41000366210938,2026-11-20,PUT,170.0,87.11,92.75,94.5,4.0,5,104.4,True,ASTS261120P00170000
ASTS,82.41000366210938,2026-11-20,PUT,175.0,69.55,98.0,99.2,9.0,9,106.6,True,ASTS261120P00175000
ASTS,82.41000366210938,2026-11-20,PUT,180.0,102.1,102.15,103.7,45.0,50,104.77,True,ASTS261120P00180000
ASTS,82.41000366210938,2026-11-20,PUT,190.0,94.0,111.7,113.0,11.0,25,105.31,True,ASTS261120P00190000
ASTS,82.41000366210938,2027-01-15,CALL,2.5,82.82,78.65,81.35,5.0,2673,207.03,True,ASTS270115C00002500
ASTS,82.41000366210938,2027-01-15,CALL,5.0,102.0,76.55,79.15,1.0,729,210.35,True,ASTS270115C00005000
ASTS,82.41000366210938,2027-01-15,CALL,7.5,75.48,73.15,77.25,1.0,61,162.89,True,ASTS270115C00007500
ASTS,82.41000366210938,2027-01-15,CALL,10.0,61.25,81.25,84.45,10.0,1190,0.0,True,ASTS270115C00010000
ASTS,82.41000366210938,2027-01-15,CALL,12.5,75.99,69.5,72.4,1.0,1981,163.57,True,ASTS270115C00012500
ASTS,82.41000366210938,2027-01-15,CALL,15.0,85.35,67.4,69.55,1.0,1473,148.05,True,ASTS270115C00015000
ASTS,82.41000366210938,2027-01-15,CALL,17.5,52.95,74.35,76.6,4.0,385,329.35,True,ASTS270115C00017500
ASTS,82.41000366210938,2027-01-15,CALL,20.0,64.05,63.2,64.7,18.0,5935,135.03,True,ASTS270115C00020000
ASTS,82.41000366210938,2027-01-15,CALL,22.5,73.57,61.0,63.3,8.0,547,137.94,True,ASTS270115C00022500
ASTS,82.41000366210938,2027-01-15,CALL,25.0,59.68,58.9,61.1,10.0,6422,133.15,True,ASTS270115C00025000
ASTS,82.41000366210938,2027-01-15,CALL,27.0,58.08,57.3,59.25,10.0,337,129.32,True,ASTS270115C00027000
ASTS,82.41000366210938,2027-01-15,CALL,30.0,60.43,54.9,56.9,1.0,3946,126.42,True,ASTS270115C00030000
ASTS,82.41000366210938,2027-01-15,CALL,32.0,58.77,53.4,55.35,1.0,226,124.93,True,ASTS270115C00032000
ASTS,82.41000366210938,2027-01-15,CALL,35.0,54.89,51.2,53.75,5.0,2133,126.17,True,ASTS270115C00035000
ASTS,82.41000366210938,2027-01-15,CALL,37.0,64.54,49.9,51.75,1.0,340,122.75,True,ASTS270115C00037000
ASTS,82.41000366210938,2027-01-15,CALL,40.0,52.83,47.75,49.7,1.0,2960,120.96,True,ASTS270115C00040000
ASTS,82.41000366210938,2027-01-15,CALL,42.0,95.0,46.4,47.55,1.0,113,116.71,True,ASTS270115C00042000
ASTS,82.41000366210938,2027-01-15,CALL,45.0,49.5,44.6,46.55,43.0,8669,119.73,True,ASTS270115C00045000
ASTS,82.41000366210938,2027-01-15,CALL,47.0,47.2,43.45,45.9,2.0,324,121.36,True,ASTS270115C00047000
ASTS,82.41000366210938,2027-01-15,CALL,50.0,42.3,41.3,43.2,118.0,8255,116.1,True,ASTS270115C00050000
ASTS,82.41000366210938,2027-01-15,CALL,55.0,39.72,39.05,40.45,12.0,898,116.76,True,ASTS270115C00055000
ASTS,82.41000366210938,2027-01-15,CALL,60.0,37.0,36.5,37.9,153.0,1975,115.95,True,ASTS270115C00060000
ASTS,82.41000366210938,2027-01-15,CALL,65.0,34.74,34.25,35.55,4.0,1471,115.58,True,ASTS270115C00065000
ASTS,82.41000366210938,2027-01-15,CALL,70.0,32.65,32.0,33.1,34.0,5185,114.2,True,ASTS270115C00070000
ASTS,82.41000366210938,2027-01-15,CALL,75.0,31.57,30.15,31.0,55.0,2596,113.95,True,ASTS270115C00075000
ASTS,82.41000366210938,2027-01-15,CALL,80.0,29.1,28.9,29.15,153.0,2727,114.97,True,ASTS270115C00080000
ASTS,82.41000366210938,2027-01-15,CALL,85.0,27.7,26.95,28.45,133.0,1902,116.33,False,ASTS270115C00085000
ASTS,82.41000366210938,2027-01-15,CALL,90.0,25.8,25.25,25.9,532.0,14262,113.78,False,ASTS270115C00090000
ASTS,82.41000366210938,2027-01-15,CALL,95.0,24.75,23.8,24.5,95.0,919,113.76,False,ASTS270115C00095000
ASTS,82.41000366210938,2027-01-15,CALL,100.0,22.98,22.6,23.35,1808.0,16800,114.36,False,ASTS270115C00100000
ASTS,82.41000366210938,2027-01-15,CALL,105.0,22.33,21.35,22.0,105.0,1871,114.08,False,ASTS270115C00105000
ASTS,82.41000366210938,2027-01-15,CALL,110.0,20.6,20.0,21.15,369.0,2055,114.25,False,ASTS270115C00110000
ASTS,82.41000366210938,2027-01-15,CALL,115.0,20.0,19.0,20.2,71.0,531,114.62,False,ASTS270115C00115000
ASTS,82.41000366210938,2027-01-15,CALL,120.0,18.5,18.05,18.8,328.0,3780,113.92,False,ASTS270115C00120000
ASTS,82.41000366210938,2027-01-15,CALL,125.0,18.0,17.2,18.2,690.0,1284,114.75,False,ASTS270115C00125000
ASTS,82.41000366210938,2027-01-15,CALL,130.0,17.65,16.4,17.85,172.0,2325,115.93,False,ASTS270115C00130000
ASTS,82.41000366210938,2027-01-15,CALL,135.0,16.5,15.4,16.75,40.0,6261,115.02,False,ASTS270115C00135000
ASTS,82.41000366210938,2027-01-15,CALL,140.0,14.81,14.85,15.85,72.0,1855,115.19,False,ASTS270115C00140000
ASTS,82.41000366210938,2027-01-15,CALL,145.0,16.0,14.0,15.3,5.0,646,115.28,False,ASTS270115C00145000
ASTS,82.41000366210938,2027-01-15,CALL,150.0,13.85,13.7,14.25,386.0,12363,115.3,False,ASTS270115C00150000
ASTS,82.41000366210938,2027-01-15,CALL,155.0,14.0,12.7,13.45,7.0,433,114.23,False,ASTS270115C00155000
ASTS,82.41000366210938,2027-01-15,CALL,160.0,12.82,12.1,13.45,10.0,914,115.47,False,ASTS270115C00160000
ASTS,82.41000366210938,2027-01-15,CALL,165.0,12.75,12.0,13.35,4.0,351,117.41,False,ASTS270115C00165000
ASTS,82.41000366210938,2027-01-15,CALL,170.0,12.12,11.05,12.2,18.0,687,115.27,False,ASTS270115C00170000
ASTS,82.41000366210938,2027-01-15,CALL,175.0,12.5,10.7,11.6,9.0,581,115.41,False,ASTS270115C00175000
ASTS,82.41000366210938,2027-01-15,CALL,180.0,10.65,10.5,10.95,399.0,11582,115.63,False,ASTS270115C00180000
ASTS,82.41000366210938,2027-01-15,CALL,185.0,12.0,9.55,10.7,10.0,152,114.98,False,ASTS270115C00185000
ASTS,82.41000366210938,2027-01-15,CALL,190.0,9.73,8.65,10.15,661.0,1688,113.65,False,ASTS270115C00190000
ASTS,82.41000366210938,2027-01-15,PUT,2.5,0.02,0.0,0.03,150.0,746,165.63,False,ASTS270115P00002500
ASTS,82.41000366210938,2027-01-15,PUT,5.0,0.07,0.03,0.09,2.0,1580,152.73,False,ASTS270115P00005000
ASTS,82.41000366210938,2027-01-15,PUT,7.5,0.11,0.06,0.23,40.0,231,145.7,False,ASTS270115P00007500
ASTS,82.41000366210938,2027-01-15,PUT,10.0,0.18,0.1,0.35,17.0,413,136.33,False,ASTS270115P00010000
ASTS,82.41000366210938,2027-01-15,PUT,12.5,0.27,0.2,0.55,3.0,1687,132.42,False,ASTS270115P00012500
ASTS,82.41000366210938,2027-01-15,PUT,15.0,0.39,0.2,0.61,1.0,2748,121.09,False,ASTS270115P00015000
ASTS,82.41000366210938,2027-01-15,PUT,17.5,0.59,0.55,0.9,1.0,1447,123.54,False,ASTS270115P00017500
ASTS,82.41000366210938,2027-01-15,PUT,20.0,0.85,0.72,1.12,19.0,2269,119.14,False,ASTS270115P00020000
ASTS,82.41000366210938,2027-01-15,PUT,22.5,1.05,0.77,1.41,26.0,748,113.97,False,ASTS270115P00022500
ASTS,82.41000366210938,2027-01-15,PUT,25.0,1.47,1.23,1.76,49.0,2581,113.87,False,ASTS270115P00025000
ASTS,82.41000366210938,2027-01-15,PUT,27.0,1.79,1.54,2.53,36.0,204,116.5,False,ASTS270115P00027000
ASTS,82.41000366210938,2027-01-15,PUT,30.0,2.31,2.29,2.77,5.0,792,113.75,False,ASTS270115P00030000
ASTS,82.41000366210938,2027-01-15,PUT,32.0,2.75,2.47,3.5,10.0,1136,113.21,False,ASTS270115P00032000
ASTS,82.41000366210938,2027-01-15,PUT,35.0,3.5,3.2,3.7,13.0,724,109.24,False,ASTS270115P00035000
ASTS,82.41000366210938,2027-01-15,PUT,37.0,2.85,3.75,4.35,4.0,227,109.5,False,ASTS270115P00037000
ASTS,82.41000366210938,2027-01-15,PUT,40.0,5.0,4.8,5.3,88.0,1605,109.97,False,ASTS270115P00040000
ASTS,82.41000366210938,2027-01-15,PUT,42.0,4.6,5.25,5.8,46.0,334,108.19,False,ASTS270115P00042000
ASTS,82.41000366210938,2027-01-15,PUT,45.0,6.65,6.45,7.0,13.0,2119,109.02,False,ASTS270115P00045000
ASTS,82.41000366210938,2027-01-15,PUT,47.0,6.75,7.1,7.5,5.0,517,107.52,False,ASTS270115P00047000
ASTS,82.41000366210938,2027-01-15,PUT,50.0,8.6,8.0,9.0,14.0,2499,107.3,False,ASTS270115P00050000
ASTS,82.41000366210938,2027-01-15,PUT,55.0,10.75,10.3,11.15,47.0,651,107.23,False,ASTS270115P00055000
ASTS,82.41000366210938,2027-01-15,PUT,60.0,13.27,13.0,13.65,90.0,2032,108.01,False,ASTS270115P00060000
ASTS,82.41000366210938,2027-01-15,PUT,65.0,15.61,15.4,15.95,41.0,1738,106.41,False,ASTS270115P00065000
ASTS,82.41000366210938,2027-01-15,PUT,70.0,18.64,18.4,19.1,50.0,1803,107.57,False,ASTS270115P00070000
ASTS,82.41000366210938,2027-01-15,PUT,75.0,21.55,21.0,21.85,68.0,2346,106.04,False,ASTS270115P00075000
ASTS,82.41000366210938,2027-01-15,PUT,80.0,24.5,23.95,25.1,19.0,3548,105.82,False,ASTS270115P00080000
ASTS,82.41000366210938,2027-01-15,PUT,85.0,27.95,27.75,28.3,14.0,1344,106.69,True,ASTS270115P00085000
ASTS,82.41000366210938,2027-01-15,PUT,90.0,32.05,30.45,31.65,20.0,790,105.03,True,ASTS270115P00090000
ASTS,82.41000366210938,2027-01-15,PUT,95.0,34.52,33.85,35.45,2.0,184,105.27,True,ASTS270115P00095000
ASTS,82.41000366210938,2027-01-15,PUT,100.0,37.7,37.35,38.55,3.0,1111,103.88,True,ASTS270115P00100000
ASTS,82.41000366210938,2027-01-15,PUT,105.0,40.2,41.2,43.2,2.0,388,105.87,True,ASTS270115P00105000
ASTS,82.41000366210938,2027-01-15,PUT,110.0,41.92,45.4,46.35,2.0,1173,105.21,True,ASTS270115P00110000
ASTS,82.41000366210938,2027-01-15,PUT,115.0,48.28,48.5,50.15,1.0,268,103.34,True,ASTS270115P00115000
ASTS,82.41000366210938,2027-01-15,PUT,120.0,53.39,53.15,54.2,90.0,240,104.71,True,ASTS270115P00120000
ASTS,82.41000366210938,2027-01-15,PUT,125.0,55.65,56.75,58.15,1.0,90,103.53,True,ASTS270115P00125000
ASTS,82.41000366210938,2027-01-15,PUT,130.0,58.72,60.6,62.2,2.0,80,102.78,True,ASTS270115P00130000
ASTS,82.41000366210938,2027-01-15,PUT,135.0,60.05,64.65,66.3,3.0,58,102.27,True,ASTS270115P00135000
ASTS,82.41000366210938,2027-01-15,PUT,140.0,64.05,68.45,70.55,11.0,65,101.32,True,ASTS270115P00140000
ASTS,82.41000366210938,2027-01-15,PUT,145.0,67.4,73.05,74.75,3.0,149,101.69,True,ASTS270115P00145000
ASTS,82.41000366210938,2027-01-15,PUT,150.0,78.4,77.45,79.15,5.0,282,101.86,True,ASTS270115P00150000
ASTS,82.41000366210938,2027-01-15,PUT,155.0,82.5,82.0,83.4,1.0,32,101.86,True,ASTS270115P00155000
ASTS,82.41000366210938,2027-01-15,PUT,160.0,73.25,86.0,87.85,4.0,93,100.91,True,ASTS270115P00160000
ASTS,82.41000366210938,2027-01-15,PUT,165.0,77.15,90.5,92.2,3.0,26,100.66,True,ASTS270115P00165000
ASTS,82.41000366210938,2027-01-15,PUT,170.0,82.65,95.35,96.95,2.0,18,101.94,True,ASTS270115P00170000
ASTS,82.41000366210938,2027-01-15,PUT,175.0,91.5,98.0,100.45,1.0,1,94.96,True,ASTS270115P00175000
ASTS,82.41000366210938,2027-01-15,PUT,180.0,103.96,103.95,106.25,91.0,351,101.16,True,ASTS270115P00180000
ASTS,82.41000366210938,2027-01-15,PUT,185.0,99.6,109.1,110.25,20.0,23,101.03,True,ASTS270115P00185000
ASTS,82.41000366210938,2027-01-15,PUT,190.0,112.82,113.4,115.1,51.0,104,100.76,True,ASTS270115P00190000
ASTS,82.41000366210938,2027-03-19,CALL,18.0,76.1,65.15,68.15,2.0,17,141.8,True,ASTS270319C00018000
ASTS,82.41000366210938,2027-03-19,CALL,20.0,90.6,63.35,65.75,1.0,19,130.27,True,ASTS270319C00020000
ASTS,82.41000366210938,2027-03-19,CALL,23.0,97.53,60.55,63.45,1.0,9,124.88,True,ASTS270319C00023000
ASTS,82.41000366210938,2027-03-19,CALL,25.0,80.0,59.4,61.8,1.0,20,125.39,True,ASTS270319C00025000
ASTS,82.41000366210938,2027-03-19,CALL,28.0,50.27,66.15,68.65,1.0,15,218.47,True,ASTS270319C00028000
ASTS,82.41000366210938,2027-03-19,CALL,30.0,57.74,55.4,58.6,2.0,181,123.02,True,ASTS270319C00030000
ASTS,82.41000366210938,2027-03-19,CALL,33.0,59.3,53.35,56.05,1.0,5,119.51,True,ASTS270319C00033000
ASTS,82.41000366210938,2027-03-19,CALL,35.0,98.65,52.0,55.2,14.0,46,120.8,True,ASTS270319C00035000
ASTS,82.41000366210938,2027-03-19,CALL,37.0,52.0,50.7,53.4,1.0,57,118.02,True,ASTS270319C00037000
ASTS,82.41000366210938,2027-03-19,CALL,40.0,56.05,49.45,52.05,1.0,111,121.36,True,ASTS270319C00040000
ASTS,82.41000366210938,2027-03-19,CALL,42.0,76.53,47.3,50.4,1.0,39,115.87,True,ASTS270319C00042000
ASTS,82.41000366210938,2027-03-19,CALL,45.0,57.0,46.25,47.9,2.0,67,115.04,True,ASTS270319C00045000
ASTS,82.41000366210938,2027-03-19,CALL,47.0,88.0,44.55,46.85,3.0,75,113.11,True,ASTS270319C00047000
ASTS,82.41000366210938,2027-03-19,CALL,50.0,44.75,43.7,46.0,6.0,356,117.11,True,ASTS270319C00050000
ASTS,82.41000366210938,2027-03-19,CALL,55.0,51.7,41.4,42.75,1.0,272,114.91,True,ASTS270319C00055000
ASTS,82.41000366210938,2027-03-19,CALL,60.0,39.9,38.4,41.85,22.0,1125,116.17,True,ASTS270319C00060000
ASTS,82.41000366210938,2027-03-19,CALL,65.0,38.63,36.35,39.1,26.0,421,114.5,True,ASTS270319C00065000
ASTS,82.41000366210938,2027-03-19,CALL,70.0,36.0,34.0,37.65,9.0,2248,114.53,True,ASTS270319C00070000
ASTS,82.41000366210938,2027-03-19,CALL,75.0,34.8,32.55,36.0,16.0,2019,115.45,True,ASTS270319C00075000
ASTS,82.41000366210938,2027-03-19,CALL,80.0,32.36,30.9,33.35,205.0,2827,113.42,True,ASTS270319C00080000
ASTS,82.41000366210938,2027-03-19,CALL,85.0,31.4,29.3,32.05,284.0,841,113.79,False,ASTS270319C00085000
ASTS,82.41000366210938,2027-03-19,CALL,90.0,30.0,27.8,30.6,88.0,3490,113.67,False,ASTS270319C00090000
ASTS,82.41000366210938,2027-03-19,CALL,95.0,28.5,26.35,29.2,70.0,542,113.39,False,ASTS270319C00095000
ASTS,82.41000366210938,2027-03-19,CALL,100.0,26.7,26.0,27.95,168.0,1811,115.08,False,ASTS270319C00100000
ASTS,82.41000366210938,2027-03-19,CALL,105.0,27.5,24.85,27.4,32.0,447,116.25,False,ASTS270319C00105000
ASTS,82.41000366210938,2027-03-19,CALL,110.0,24.59,23.8,24.85,226.0,932,113.78,False,ASTS270319C00110000
ASTS,82.41000366210938,2027-03-19,CALL,115.0,23.1,22.75,23.4,15.0,220,113.06,False,ASTS270319C00115000
ASTS,82.41000366210938,2027-03-19,CALL,120.0,22.37,21.0,23.3,288.0,595,113.26,False,ASTS270319C00120000
ASTS,82.41000366210938,2027-03-19,CALL,125.0,21.6,21.0,22.5,19.0,492,115.09,False,ASTS270319C00125000
ASTS,82.41000366210938,2027-03-19,CALL,130.0,20.77,20.0,21.8,147.0,1220,115.17,False,ASTS270319C00130000
ASTS,82.41000366210938,2027-03-19,CALL,135.0,20.0,18.5,20.95,41.0,387,113.95,False,ASTS270319C00135000
ASTS,82.41000366210938,2027-03-19,CALL,140.0,19.0,17.7,20.2,12.0,356,113.97,False,ASTS270319C00140000
ASTS,82.41000366210938,2027-03-19,CALL,145.0,23.75,17.65,18.9,1.0,560,114.18,False,ASTS270319C00145000
ASTS,82.41000366210938,2027-03-19,CALL,150.0,17.66,17.0,18.45,56.0,4353,114.7,False,ASTS270319C00150000
ASTS,82.41000366210938,2027-03-19,CALL,155.0,16.98,15.15,18.1,3.0,143,113.17,False,ASTS270319C00155000
ASTS,82.41000366210938,2027-03-19,CALL,160.0,16.2,15.15,16.6,2.0,6180,112.73,False,ASTS270319C00160000
ASTS,82.41000366210938,2027-03-19,CALL,165.0,22.0,15.05,16.5,52.0,635,114.48,False,ASTS270319C00165000
ASTS,82.41000366210938,2027-03-19,CALL,170.0,18.85,14.05,16.0,5.0,110,113.83,False,ASTS270319C00170000
ASTS,82.41000366210938,2027-03-19,CALL,175.0,16.5,13.0,15.75,6.0,317,113.43,False,ASTS270319C00175000
ASTS,82.41000366210938,2027-03-19,CALL,180.0,14.45,13.0,15.25,20.0,1066,114.37,False,ASTS270319C00180000
ASTS,82.41000366210938,2027-03-19,CALL,185.0,15.51,13.0,14.75,1.0,13,115.23,False,ASTS270319C00185000
ASTS,82.41000366210938,2027-03-19,CALL,190.0,13.0,12.55,13.9,64.0,614,114.57,False,ASTS270319C00190000
ASTS,82.41000366210938,2027-03-19,PUT,18.0,0.82,0.88,1.06,1.0,272,113.87,False,ASTS270319P00018000
ASTS,82.41000366210938,2027-03-19,PUT,20.0,1.28,0.88,1.79,1.0,197,114.6,False,ASTS270319P00020000
ASTS,82.41000366210938,2027-03-19,PUT,23.0,1.75,0.88,2.4,2.0,146,109.42,False,ASTS270319P00023000
ASTS,82.41000366210938,2027-03-19,PUT,25.0,2.15,1.37,2.4,1.0,272,106.74,False,ASTS270319P00025000
ASTS,82.41000366210938,2027-03-19,PUT,28.0,2.85,2.03,3.65,10.0,217,110.18,False,ASTS270319P00028000
ASTS,82.41000366210938,2027-03-19,PUT,30.0,3.34,2.41,4.3,1.0,90,109.81,False,ASTS270319P00030000
ASTS,82.41000366210938,2027-03-19,PUT,33.0,4.02,3.85,4.35,39.0,30,108.25,False,ASTS270319P00033000
ASTS,82.41000366210938,2027-03-19,PUT,35.0,4.28,4.5,5.45,1.0,103,110.3,False,ASTS270319P00035000
ASTS,82.41000366210938,2027-03-19,PUT,37.0,5.24,5.1,6.6,40.0,123,111.67,False,ASTS270319P00037000
ASTS,82.41000366210938,2027-03-19,PUT,40.0,6.39,5.3,7.0,11.0,227,105.26,False,ASTS270319P00040000
ASTS,82.41000366210938,2027-03-19,PUT,42.0,5.61,6.95,7.6,2.0,24,107.79,False,ASTS270319P00042000
ASTS,82.41000366210938,2027-03-19,PUT,45.0,8.12,7.1,9.6,10.0,240,106.62,False,ASTS270319P00045000
ASTS,82.41000366210938,2027-03-19,PUT,47.0,5.51,8.85,9.6,1.0,31,106.62,False,ASTS270319P00047000
ASTS,82.41000366210938,2027-03-19,PUT,50.0,10.42,9.3,10.75,14.0,237,103.29,False,ASTS270319P00050000
ASTS,82.41000366210938,2027-03-19,PUT,55.0,13.05,11.7,14.4,25.0,1797,106.51,False,ASTS270319P00055000
ASTS,82.41000366210938,2027-03-19,PUT,60.0,15.5,14.25,17.4,9.0,985,107.06,False,ASTS270319P00060000
ASTS,82.41000366210938,2027-03-19,PUT,65.0,18.04,17.05,19.8,6.0,327,105.96,False,ASTS270319P00065000
ASTS,82.41000366210938,2027-03-19,PUT,70.0,21.2,20.85,22.7,2.0,2379,107.5,False,ASTS270319P00070000
ASTS,82.41000366210938,2027-03-19,PUT,75.0,23.53,23.0,25.75,1.0,373,105.24,False,ASTS270319P00075000
ASTS,82.41000366210938,2027-03-19,PUT,80.0,27.86,26.2,28.9,1.0,789,104.88,False,ASTS270319P00080000
ASTS,82.41000366210938,2027-03-19,PUT,85.0,30.5,29.5,31.2,4.0,288,102.66,True,ASTS270319P00085000
ASTS,82.41000366210938,2027-03-19,PUT,90.0,34.24,32.25,35.7,13.0,1080,103.17,True,ASTS270319P00090000
ASTS,82.41000366210938,2027-03-19,PUT,95.0,35.35,36.8,38.2,4.0,306,102.92,True,ASTS270319P00095000
ASTS,82.41000366210938,2027-03-19,PUT,100.0,41.5,40.0,42.85,10.0,354,103.77,True,ASTS270319P00100000
ASTS,82.41000366210938,2027-03-19,PUT,105.0,40.98,43.7,46.1,1.0,77,102.69,True,ASTS270319P00105000
ASTS,82.41000366210938,2027-03-19,PUT,110.0,45.07,48.6,49.55,1.0,265,103.8,True,ASTS270319P00110000
ASTS,82.41000366210938,2027-03-19,PUT,115.0,43.6,52.05,53.45,2.0,36,102.89,True,ASTS270319P00115000
ASTS,82.41000366210938,2027-03-19,PUT,120.0,51.0,56.35,57.2,100.0,267,102.96,True,ASTS270319P00120000
ASTS,82.41000366210938,2027-03-19,PUT,125.0,60.07,59.3,62.1,2.0,71,102.47,True,ASTS270319P00125000
ASTS,82.41000366210938,2027-03-19,PUT,130.0,61.57,63.75,65.25,2.0,42,101.34,True,ASTS270319P00130000
ASTS,82.41000366210938,2027-03-19,PUT,135.0,48.67,68.45,70.0,1.0,12,103.24,True,ASTS270319P00135000
ASTS,82.41000366210938,2027-03-19,PUT,140.0,72.75,66.35,69.2,2.0,2,82.88,True,ASTS270319P00140000
ASTS,82.41000366210938,2027-03-19,PUT,145.0,76.65,0.0,0.0,2.0,0,0.0,True,ASTS270319P00145000
ASTS,82.41000366210938,2027-03-19,PUT,150.0,80.2,80.05,83.4,5.0,101,102.11,True,ASTS270319P00150000
ASTS,82.41000366210938,2027-03-19,PUT,155.0,78.5,83.25,86.25,24.0,88,97.28,True,ASTS270319P00155000
ASTS,82.41000366210938,2027-03-19,PUT,160.0,75.5,89.25,91.55,1.0,1158,101.82,True,ASTS270319P00160000
ASTS,82.41000366210938,2027-03-19,PUT,165.0,94.3,88.0,89.3,40.0,63,77.44,True,ASTS270319P00165000
ASTS,82.41000366210938,2027-03-19,PUT,170.0,96.25,96.85,99.35,2.0,42,97.34,True,ASTS270319P00170000
ASTS,82.41000366210938,2027-03-19,PUT,175.0,103.8,101.85,104.05,10.0,22,98.65,True,ASTS270319P00175000
ASTS,82.41000366210938,2027-03-19,PUT,180.0,89.42,106.95,108.5,26.0,84,99.58,True,ASTS270319P00180000
ASTS,82.41000366210938,2027-03-19,PUT,185.0,93.47,110.8,112.85,,1,97.79,True,ASTS270319P00185000
ASTS,82.41000366210938,2027-03-19,PUT,190.0,97.7,116.1,117.4,,3,99.15,True,ASTS270319P00190000
ASTS,82.41000366210938,2027-12-17,CALL,13.0,77.0,70.5,74.0,1.0,424,133.74,True,ASTS271217C00013000
ASTS,82.41000366210938,2027-12-17,CALL,15.0,70.5,69.0,73.0,2.0,254,133.03,True,ASTS271217C00015000
ASTS,82.41000366210938,2027-12-17,CALL,18.0,73.95,67.45,70.85,1.0,142,131.27,True,ASTS271217C00018000
ASTS,82.41000366210938,2027-12-17,CALL,20.0,116.52,65.05,69.45,1.0,1005,122.85,True,ASTS271217C00020000
ASTS,82.41000366210938,2027-12-17,CALL,22.0,67.7,63.5,67.6,2.0,390,117.41,True,ASTS271217C00022000
ASTS,82.41000366210938,2027-12-17,CALL,25.0,64.75,62.5,66.5,1.0,1397,122.5,True,ASTS271217C00025000
ASTS,82.41000366210938,2027-12-17,CALL,27.0,84.0,61.5,65.3,2.0,137,121.81,True,ASTS271217C00027000
ASTS,82.41000366210938,2027-12-17,CALL,30.0,72.96,59.95,62.9,5.0,1351,118.25,True,ASTS271217C00030000
ASTS,82.41000366210938,2027-12-17,CALL,32.0,85.3,58.7,61.9,2.0,142,117.16,True,ASTS271217C00032000
ASTS,82.41000366210938,2027-12-17,CALL,35.0,59.95,56.55,61.45,1.0,186,117.66,True,ASTS271217C00035000
ASTS,82.41000366210938,2027-12-17,CALL,37.0,60.98,56.95,60.4,10.0,863,120.76,True,ASTS271217C00037000
ASTS,82.41000366210938,2027-12-17,CALL,40.0,58.69,54.95,58.1,11.0,1342,115.93,True,ASTS271217C00040000
ASTS,82.41000366210938,2027-12-17,CALL,42.0,79.0,53.5,57.2,20.0,659,114.17,True,ASTS271217C00042000
ASTS,82.41000366210938,2027-12-17,CALL,45.0,64.5,53.45,55.95,1.0,1224,116.8,True,ASTS271217C00045000
ASTS,82.41000366210938,2027-12-17,CALL,47.0,56.63,52.25,54.15,2.0,789,113.4,True,ASTS271217C00047000
ASTS,82.41000366210938,2027-12-17,CALL,50.0,53.5,50.55,54.75,1.0,2020,115.89,True,ASTS271217C00050000
ASTS,82.41000366210938,2027-12-17,CALL,55.0,51.6,48.85,53.0,1.0,1451,115.91,True,ASTS271217C00055000
ASTS,82.41000366210938,2027-12-17,CALL,60.0,48.7,47.45,50.35,8.0,1058,114.34,True,ASTS271217C00060000
ASTS,82.41000366210938,2027-12-17,CALL,65.0,49.69,46.45,49.5,8.0,2007,116.53,True,ASTS271217C00065000
ASTS,82.41000366210938,2027-12-17,CALL,70.0,46.0,44.0,46.55,6.0,2396,112.07,True,ASTS271217C00070000
ASTS,82.41000366210938,2027-12-17,CALL,75.0,44.04,43.5,45.2,13.0,1147,113.56,True,ASTS271217C00075000
ASTS,82.41000366210938,2027-12-17,CALL,80.0,45.45,42.05,44.1,26.0,3326,113.58,True,ASTS271217C00080000
ASTS,82.41000366210938,2027-12-17,CALL,85.0,42.88,40.6,42.3,14.0,1250,112.3,False,ASTS271217C00085000
ASTS,82.41000366210938,2027-12-17,CALL,90.0,40.45,39.2,42.1,31.0,6137,113.37,False,ASTS271217C00090000
ASTS,82.41000366210938,2027-12-17,CALL,95.0,40.54,38.0,40.7,13.0,164,112.75,False,ASTS271217C00095000
ASTS,82.41000366210938,2027-12-17,CALL,100.0,38.5,37.5,39.3,81.0,1423,113.0,False,ASTS271217C00100000
ASTS,82.41000366210938,2027-12-17,CALL,105.0,38.6,36.55,38.5,7.0,138,113.32,False,ASTS271217C00105000
ASTS,82.41000366210938,2027-12-17,CALL,110.0,37.0,35.5,37.35,11.0,341,112.86,False,ASTS271217C00110000
ASTS,82.41000366210938,2027-12-17,CALL,115.0,35.7,34.55,36.7,8.0,229,113.12,False,ASTS271217C00115000
ASTS,82.41000366210938,2027-12-17,CALL,120.0,36.8,33.25,35.6,76.0,218,112.19,False,ASTS271217C00120000
ASTS,82.41000366210938,2027-12-17,CALL,125.0,33.33,32.0,34.45,28.0,1980,111.18,False,ASTS271217C00125000
ASTS,82.41000366210938,2027-12-17,CALL,130.0,33.05,31.65,34.45,1.0,500,112.8,False,ASTS271217C00130000
ASTS,82.41000366210938,2027-12-17,CALL,135.0,34.26,30.7,33.4,14.0,448,112.15,False,ASTS271217C00135000
ASTS,82.41000366210938,2027-12-17,CALL,140.0,31.5,30.5,32.75,8.0,632,112.92,False,ASTS271217C00140000
ASTS,82.41000366210938,2027-12-17,CALL,145.0,31.05,29.55,31.55,4.0,489,111.93,False,ASTS271217C00145000
ASTS,82.41000366210938,2027-12-17,CALL,150.0,29.53,29.15,30.4,8.0,1565,111.65,False,ASTS271217C00150000
ASTS,82.41000366210938,2027-12-17,CALL,155.0,42.96,28.15,30.35,1.0,402,111.95,False,ASTS271217C00155000
ASTS,82.41000366210938,2027-12-17,CALL,160.0,30.4,27.5,28.9,1.0,400,110.85,False,ASTS271217C00160000
ASTS,82.41000366210938,2027-12-17,CALL,165.0,28.39,27.05,28.5,10.0,223,111.28,False,ASTS271217C00165000
ASTS,82.41000366210938,2027-12-17,CALL,170.0,27.5,26.45,28.25,6.0,3399,111.65,False,ASTS271217C00170000
ASTS,82.41000366210938,2027-12-17,CALL,175.0,29.75,25.0,27.9,1.0,283,110.78,False,ASTS271217C00175000
ASTS,82.41000366210938,2027-12-17,CALL,180.0,26.35,25.0,26.35,26.0,2055,110.18,False,ASTS271217C00180000
ASTS,82.41000366210938,2027-12-17,CALL,185.0,28.38,24.4,26.05,30.0,79,110.34,False,ASTS271217C00185000
ASTS,82.41000366210938,2027-12-17,CALL,190.0,24.94,24.25,25.85,29.0,160,111.14,False,ASTS271217C00190000
ASTS,82.41000366210938,2027-12-17,PUT,13.0,1.3,1.17,1.6,1.0,263,107.72,False,ASTS271217P00013000
ASTS,82.41000366210938,2027-12-17,PUT,15.0,1.9,1.17,3.55,1.0,559,115.26,False,ASTS271217P00015000
ASTS,82.41000366210938,2027-12-17,PUT,18.0,2.76,2.26,2.66,25.0,106,103.88,False,ASTS271217P00018000
ASTS,82.41000366210938,2027-12-17,PUT,20.0,2.77,2.55,4.0,1.0,985,106.18,False,ASTS271217P00020000
ASTS,82.41000366210938,2027-12-17,PUT,22.0,3.6,3.3,4.05,13.0,244,103.25,False,ASTS271217P00022000
ASTS,82.41000366210938,2027-12-17,PUT,25.0,5.01,4.75,5.1,1.0,1165,104.64,False,ASTS271217P00025000
ASTS,82.41000366210938,2027-12-17,PUT,27.0,5.25,5.45,6.45,15.0,66,106.36,False,ASTS271217P00027000
ASTS,82.41000366210938,2027-12-17,PUT,30.0,7.15,6.75,7.15,180.0,823,104.22,False,ASTS271217P00030000
ASTS,82.41000366210938,2027-12-17,PUT,32.0,6.82,7.55,7.95,1.0,132,103.55,False,ASTS271217P00032000
ASTS,82.41000366210938,2027-12-17,PUT,35.0,8.3,8.25,9.95,3.0,149,103.16,False,ASTS271217P00035000
ASTS,82.41000366210938,2027-12-17,PUT,37.0,9.09,9.75,10.45,1.0,820,103.25,False,ASTS271217P00037000
ASTS,82.41000366210938,2027-12-17,PUT,40.0,10.2,11.15,12.55,1.0,280,104.3,False,ASTS271217P00040000
ASTS,82.41000366210938,2027-12-17,PUT,42.0,9.37,12.25,13.0,2.0,530,102.82,False,ASTS271217P00042000
ASTS,82.41000366210938,2027-12-17,PUT,45.0,13.87,13.75,15.0,12.0,8626,103.27,False,ASTS271217P00045000
ASTS,82.41000366210938,2027-12-17,PUT,47.0,14.92,14.8,16.1,10.0,162,102.99,False,ASTS271217P00047000
ASTS,82.41000366210938,2027-12-17,PUT,50.0,16.61,16.6,17.3,4.0,554,101.92,False,ASTS271217P00050000
ASTS,82.41000366210938,2027-12-17,PUT,55.0,19.65,19.5,21.2,2.0,500,103.37,False,ASTS271217P00055000
ASTS,82.41000366210938,2027-12-17,PUT,60.0,22.6,22.5,24.25,1.0,360,102.77,False,ASTS271217P00060000
ASTS,82.41000366210938,2027-12-17,PUT,65.0,26.0,25.45,27.5,29.0,447,102.07,False,ASTS271217P00065000
ASTS,82.41000366210938,2027-12-17,PUT,70.0,29.04,28.65,30.2,5.0,660,100.59,False,ASTS271217P00070000
ASTS,82.41000366210938,2027-12-17,PUT,75.0,32.26,30.0,35.0,5.0,326,99.3,False,ASTS271217P00075000
ASTS,82.41000366210938,2027-12-17,PUT,80.0,35.96,35.6,36.9,26.0,745,99.88,False,ASTS271217P00080000
ASTS,82.41000366210938,2027-12-17,PUT,85.0,39.34,39.05,40.15,5.0,344,98.99,True,ASTS271217P00085000
ASTS,82.41000366210938,2027-12-17,PUT,90.0,42.85,42.5,43.85,8.0,174,98.56,True,ASTS271217P00090000
ASTS,82.41000366210938,2027-12-17,PUT,95.0,45.07,46.25,49.0,2.0,80,100.4,True,ASTS271217P00095000
ASTS,82.41000366210938,2027-12-17,PUT,100.0,50.24,49.6,52.9,1.0,235,99.73,True,ASTS271217P00100000
ASTS,82.41000366210938,2027-12-17,PUT,105.0,44.55,53.5,56.5,8.0,100,99.24,True,ASTS271217P00105000
ASTS,82.41000366210938,2027-12-17,PUT,110.0,54.85,57.3,58.9,64.0,45,96.92,True,ASTS271217P00110000
ASTS,82.41000366210938,2027-12-17,PUT,115.0,60.98,60.95,62.7,1.0,38,96.15,True,ASTS271217P00115000
ASTS,82.41000366210938,2027-12-17,PUT,120.0,58.0,65.2,68.0,1.0,39,97.97,True,ASTS271217P00120000
ASTS,82.41000366210938,2027-12-17,PUT,125.0,69.5,69.25,72.4,5.0,55,98.24,True,ASTS271217P00125000
ASTS,82.41000366210938,2027-12-17,PUT,130.0,76.0,72.15,76.45,5.0,112,96.5,True,ASTS271217P00130000
ASTS,82.41000366210938,2027-12-17,PUT,135.0,60.37,77.15,78.55,11.0,77,94.87,True,ASTS271217P00135000
ASTS,82.41000366210938,2027-12-17,PUT,140.0,62.9,80.1,83.95,1.0,6,94.73,True,ASTS271217P00140000
ASTS,82.41000366210938,2027-12-17,PUT,145.0,84.55,80.1,81.4,30.0,27,81.01,True,ASTS271217P00145000
ASTS,82.41000366210938,2027-12-17,PUT,150.0,85.4,89.4,91.85,1.0,83,94.81,True,ASTS271217P00150000
ASTS,82.41000366210938,2027-12-17,PUT,155.0,91.85,93.85,95.0,2.0,31,93.49,True,ASTS271217P00155000
ASTS,82.41000366210938,2027-12-17,PUT,160.0,78.74,97.45,99.25,5.0,28,92.41,True,ASTS271217P00160000
ASTS,82.41000366210938,2027-12-17,PUT,170.0,104.51,106.2,109.5,15.0,31,94.13,True,ASTS271217P00170000
ASTS,82.41000366210938,2027-12-17,PUT,175.0,98.0,109.55,112.5,15.0,17,90.99,True,ASTS271217P00175000
ASTS,82.41000366210938,2027-12-17,PUT,180.0,110.05,114.85,118.0,1.0,169,93.31,True,ASTS271217P00180000
ASTS,82.41000366210938,2027-12-17,PUT,190.0,118.75,123.75,125.5,1.0,0,91.33,True,ASTS271217P00190000
ASTS,82.41000366210938,2028-01-21,CALL,20.0,68.44,66.1,69.0,14.0,687,122.14,True,ASTS280121C00020000
ASTS,82.41000366210938,2028-01-21,CALL,22.5,68.0,64.5,67.5,2.0,19,120.37,True,ASTS280121C00022500
ASTS,82.41000366210938,2028-01-21,CALL,25.0,67.8,62.5,66.6,1.0,115,119.19,True,ASTS280121C00025000
ASTS,82.41000366210938,2028-01-21,CALL,30.0,63.1,60.5,64.2,36.0,299,120.78,True,ASTS280121C00030000
ASTS,82.41000366210938,2028-01-21,CALL,35.0,61.35,57.0,62.0,8.0,342,116.96,True,ASTS280121C00035000
ASTS,82.41000366210938,2028-01-21,CALL,40.0,60.0,55.0,58.65,28.0,983,113.94,True,ASTS280121C00040000
ASTS,82.41000366210938,2028-01-21,CALL,45.0,55.6,53.0,57.05,34.0,280,114.76,True,ASTS280121C00045000
ASTS,82.41000366210938,2028-01-21,CALL,50.0,53.0,52.4,54.4,103.0,2019,115.58,True,ASTS280121C00050000
ASTS,82.41000366210938,2028-01-21,CALL,55.0,52.31,49.85,53.5,2.0,587,115.38,True,ASTS280121C00055000
ASTS,82.41000366210938,2028-01-21,CALL,60.0,49.89,48.75,50.85,69.0,1809,114.22,True,ASTS280121C00060000
ASTS,82.41000366210938,2028-01-21,CALL,65.0,49.0,47.0,48.9,53.0,989,112.93,True,ASTS280121C00065000
ASTS,82.41000366210938,2028-01-21,CALL,70.0,47.1,46.0,47.75,40.0,2275,114.06,True,ASTS280121C00070000
ASTS,82.41000366210938,2028-01-21,CALL,75.0,46.1,44.5,46.35,46.0,873,113.61,True,ASTS280121C00075000
ASTS,82.41000366210938,2028-01-21,CALL,80.0,43.9,43.5,44.45,145.0,1918,112.96,True,ASTS280121C00080000
ASTS,82.41000366210938,2028-01-21,CALL,85.0,42.5,41.9,43.4,151.0,770,112.53,False,ASTS280121C00085000
ASTS,82.41000366210938,2028-01-21,CALL,90.0,41.89,41.25,42.5,808.0,1148,113.57,False,ASTS280121C00090000
ASTS,82.41000366210938,2028-01-21,CALL,95.0,41.4,39.0,40.8,51.0,513,110.92,False,ASTS280121C00095000
ASTS,82.41000366210938,2028-01-21,CALL,100.0,39.0,39.0,40.8,2073.0,11939,113.82,False,ASTS280121C00100000
ASTS,82.41000366210938,2028-01-21,CALL,105.0,41.15,37.05,39.05,11.0,471,111.34,False,ASTS280121C00105000
ASTS,82.41000366210938,2028-01-21,CALL,110.0,38.48,37.0,38.6,91.0,3127,113.19,False,ASTS280121C00110000
ASTS,82.41000366210938,2028-01-21,CALL,115.0,37.53,36.0,37.0,10.0,270,112.04,False,ASTS280121C00115000
ASTS,82.41000366210938,2028-01-21,CALL,120.0,36.23,33.55,36.7,125.0,1738,110.63,False,ASTS280121C00120000
ASTS,82.41000366210938,2028-01-21,CALL,125.0,36.07,33.55,35.5,14.0,759,111.19,False,ASTS280121C00125000
ASTS,82.41000366210938,2028-01-21,CALL,130.0,35.0,32.4,35.0,17.0,876,111.06,False,ASTS280121C00130000
ASTS,82.41000366210938,2028-01-21,CALL,135.0,33.25,32.3,33.85,9.0,1800,111.37,False,ASTS280121C00135000
ASTS,82.41000366210938,2028-01-21,CALL,140.0,32.99,30.9,33.25,10.0,1496,110.64,False,ASTS280121C00140000
ASTS,82.41000366210938,2028-01-21,CALL,145.0,36.03,30.8,32.0,17.0,1812,110.67,False,ASTS280121C00145000
ASTS,82.41000366210938,2028-01-21,CALL,150.0,30.83,30.5,31.05,414.0,10303,110.75,False,ASTS280121C00150000
ASTS,82.41000366210938,2028-01-21,CALL,155.0,31.0,29.5,30.8,3.0,967,110.78,False,ASTS280121C00155000
ASTS,82.41000366210938,2028-01-21,CALL,160.0,30.0,28.45,30.8,6.0,969,110.99,False,ASTS280121C00160000
ASTS,82.41000366210938,2028-01-21,CALL,165.0,31.65,28.2,29.55,2.0,370,110.6,False,ASTS280121C00165000
ASTS,82.41000366210938,2028-01-21,CALL,170.0,30.2,27.0,29.45,155.0,1552,110.4,False,ASTS280121C00170000
ASTS,82.41000366210938,2028-01-21,CALL,175.0,28.5,26.95,28.75,13.0,1029,110.82,False,ASTS280121C00175000
ASTS,82.41000366210938,2028-01-21,CALL,180.0,27.0,26.55,27.35,527.0,9479,109.92,False,ASTS280121C00180000
ASTS,82.41000366210938,2028-01-21,CALL,185.0,26.42,25.7,26.95,6.0,271,109.66,False,ASTS280121C00185000
ASTS,82.41000366210938,2028-01-21,CALL,190.0,25.88,25.6,26.35,281.0,4938,110.0,False,ASTS280121C00190000
ASTS,82.41000366210938,2028-01-21,PUT,20.0,3.66,3.35,3.85,4.0,3968,106.45,False,ASTS280121P00020000
ASTS,82.41000366210938,2028-01-21,PUT,22.5,4.35,4.2,4.7,33.0,239,105.73,False,ASTS280121P00022500
ASTS,82.41000366210938,2028-01-21,PUT,25.0,5.3,5.15,6.1,13.0,1590,107.17,False,ASTS280121P00025000
ASTS,82.41000366210938,2028-01-21,PUT,30.0,7.05,7.25,7.55,7.0,2623,104.05,False,ASTS280121P00030000
ASTS,82.41000366210938,2028-01-21,PUT,35.0,9.5,9.25,10.05,313.0,1234,103.15,False,ASTS280121P00035000
ASTS,82.41000366210938,2028-01-21,PUT,40.0,11.95,11.65,12.3,47.0,1171,101.77,False,ASTS280121P00040000
ASTS,82.41000366210938,2028-01-21,PUT,45.0,14.54,14.35,15.1,28.0,4005,101.71,False,ASTS280121P00045000
ASTS,82.41000366210938,2028-01-21,PUT,50.0,17.25,17.1,17.8,21.0,2617,100.87,False,ASTS280121P00050000
ASTS,82.41000366210938,2028-01-21,PUT,55.0,20.3,20.0,21.05,372.0,1359,100.9,False,ASTS280121P00055000
ASTS,82.41000366210938,2028-01-21,PUT,60.0,23.25,23.05,24.75,371.0,3104,101.53,False,ASTS280121P00060000
ASTS,82.41000366210938,2028-01-21,PUT,65.0,26.5,26.1,27.1,8.0,2140,99.41,False,ASTS280121P00065000
ASTS,82.41000366210938,2028-01-21,PUT,70.0,29.2,29.4,30.7,10.0,483,99.54,False,ASTS280121P00070000
ASTS,82.41000366210938,2028-01-21,PUT,75.0,33.11,32.7,33.85,12.0,761,98.67,False,ASTS280121P00075000
ASTS,82.41000366210938,2028-01-21,PUT,80.0,36.7,36.25,37.45,21.0,441,98.63,False,ASTS280121P00080000
ASTS,82.41000366210938,2028-01-21,PUT,85.0,40.0,38.0,41.35,41.0,310,96.21,True,ASTS280121P00085000
ASTS,82.41000366210938,2028-01-21,PUT,90.0,43.9,42.8,44.55,6.0,538,96.97,True,ASTS280121P00090000
ASTS,82.41000366210938,2028-01-21,PUT,95.0,46.35,46.8,48.2,10.0,527,97.03,True,ASTS280121P00095000
ASTS,82.41000366210938,2028-01-21,PUT,100.0,49.05,50.6,53.9,2.0,278,99.38,True,ASTS280121P00100000
ASTS,82.41000366210938,2028-01-21,PUT,105.0,51.26,54.35,55.95,3.0,44,96.64,True,ASTS280121P00105000
ASTS,82.41000366210938,2028-01-21,PUT,110.0,56.25,58.05,59.85,2.0,184,96.17,True,ASTS280121P00110000
ASTS,82.41000366210938,2028-01-21,PUT,115.0,51.95,62.0,63.7,1.0,854,95.84,True,ASTS280121P00115000
ASTS,82.41000366210938,2028-01-21,PUT,120.0,65.0,65.9,67.55,1.0,828,95.32,True,ASTS280121P00120000
ASTS,82.41000366210938,2028-01-21,PUT,125.0,69.98,68.5,71.75,1.0,284,93.54,True,ASTS280121P00125000
ASTS,82.41000366210938,2028-01-21,PUT,130.0,74.45,72.5,75.65,20.0,698,93.03,True,ASTS280121P00130000
ASTS,82.41000366210938,2028-01-21,PUT,135.0,69.47,78.15,81.0,1.0,382,96.21,True,ASTS280121P00135000
ASTS,82.41000366210938,2028-01-21,PUT,140.0,77.76,81.9,84.45,2.0,27,94.65,True,ASTS280121P00140000
ASTS,82.41000366210938,2028-01-21,PUT,145.0,81.72,81.75,85.5,10.0,210,85.46,True,ASTS280121P00145000
ASTS,82.41000366210938,2028-01-21,PUT,150.0,86.5,90.4,92.25,1.0,501,93.63,True,ASTS280121P00150000
ASTS,82.41000366210938,2028-01-21,PUT,155.0,75.05,93.95,95.75,5.0,35,91.69,True,ASTS280121P00155000
ASTS,82.41000366210938,2028-01-21,PUT,160.0,96.0,98.7,99.85,1.0,3,91.84,True,ASTS280121P00160000
ASTS,82.41000366210938,2028-01-21,PUT,165.0,101.32,96.3,100.35,2.0,3,78.96,True,ASTS280121P00165000
ASTS,82.41000366210938,2028-01-21,PUT,170.0,101.65,0.0,0.0,198.0,0,0.0,True,ASTS280121P00170000
ASTS,82.41000366210938,2028-01-21,PUT,175.0,106.68,108.1,111.6,1.0,1,85.4,True,ASTS280121P00175000
ASTS,82.41000366210938,2028-01-21,PUT,180.0,117.0,115.5,117.25,1.0,345,90.37,True,ASTS280121P00180000
ASTS,82.41000366210938,2028-01-21,PUT,185.0,115.51,120.05,121.45,1.0,1,90.11,True,ASTS280121P00185000
ASTS,82.41000366210938,2028-01-21,PUT,190.0,123.21,123.0,128.0,3.0,91,90.7,True,ASTS280121P00190000
